seen_at,address,fuel,available,status,kind,queue,post_id,brand
2026-10-01T13:04:00+03:00,"Воронеж, Солнечная улица, 31Л",100,0,больше нет,report,нет,16936,Teboil
2026-10-01T13:04:00+03:00,"Воронеж, Солнечная улица, 31Л",92,1,есть,report,нет,16936,Teboil
2026-10-01T13:04:00+03:00,"Воронеж, Солнечная улица, 31Л",95,0,больше нет,report,нет,16936,Teboil
2026-10-01T13:04:00+03:00,"Воронеж, Солнечная улица, 31Л",95+,1,есть,report,нет,16936,Teboil
2026-10-01T14:01:00+03:00,"Воронеж, улица Антонова-Овсеенко, 8",92,1,есть,report,очереди нет,16944,Алмаз
2026-10-01T14:01:00+03:00,"Воронеж, улица Антонова-Овсеенко, 8",95,1,есть,report,очереди нет,16944,Алмаз
2026-10-01T14:01:00+03:00,"Воронеж, улица Антонова-Овсеенко, 8",ДТ,1,есть,report,очереди нет,16944,Алмаз
2026-10-01T14:04:00+03:00,"Воронеж, улица 9 Января, 245А",92,1,есть,signal,,16947,Роснефть
2026-10-01T14:04:00+03:00,"Воронеж, улица 9 Января, 245А",95,1,есть,signal,,16947,Роснефть
2026-10-01T14:04:00+03:00,"Воронежская область, Новоусманский район, М-4 Дон, 540-й километр, 6",95,1,есть,signal,,16947,Лукойл
2026-10-01T14:04:00+03:00,"Воронежская область, Семилуки, Транспортная улица, 18А",92,1,есть,signal,,16947,Роснефть
2026-10-01T14:04:00+03:00,"Воронежская область, Семилуки, Транспортная улица, 18А",95,1,есть,signal,,16947,Роснефть
2026-10-01T14:05:00+03:00,"Воронеж, Московский проспект, 129/2",92,1,есть,signal,Нет,16947,ВТК
2026-10-01T14:05:00+03:00,"Воронеж, Спокойный переулок, 24А",92,1,есть,signal,,16947,Роснефть
2026-10-01T14:05:00+03:00,"Воронеж, Спокойный переулок, 24А",95,1,есть,signal,,16947,Роснефть
2026-10-01T14:05:00+03:00,"Воронеж, улица Димитрова, 140Д",92,1,есть,signal,,16947,Teboil
2026-10-01T14:05:00+03:00,"Воронеж, улица Димитрова, 140Д",95,1,есть,signal,,16947,Teboil
2026-10-01T14:05:00+03:00,"Воронежская область, Рамонский район, Яменское сельское поселение",92,1,есть,signal,,16947,Teboil
2026-10-01T14:05:00+03:00,"Воронежская область, Рамонский район, Яменское сельское поселение",95,1,есть,signal,,16947,Teboil
2026-10-01T14:06:00+03:00,"Воронеж, Московский проспект, 84",92,1,есть,signal,,16947,Роснефть
2026-10-01T14:06:00+03:00,"Воронеж, Московский проспект, 84",95,1,есть,signal,,16947,Роснефть
2026-10-01T14:06:00+03:00,"Воронеж, улица Хользунова, 120",92,1,есть,signal,,16947,Лукойл
2026-10-01T14:06:00+03:00,"Воронеж, улица Хользунова, 120",95,1,есть,signal,,16947,Лукойл
2026-10-01T14:06:00+03:00,"Воронежская область, Рамонский район, Айдаровское сельское поселение, село Чертовицы, улица Мира, 1",92,1,есть,signal,,16947,Лукойл
2026-10-01T14:06:00+03:00,"Воронежская область, Рамонский район, Айдаровское сельское поселение, село Чертовицы, улица Мира, 1",95,1,есть,signal,,16947,Лукойл
2026-10-01T14:06:00+03:00,"Воронежская область, Рамонский район, Яменское сельское поселение, хутор Ветряк, Транспортная улица, 6",92,1,есть,signal,,16947,Газпромнефть
2026-10-01T14:06:00+03:00,"Воронежская область, Рамонский район, Яменское сельское поселение, хутор Ветряк, Транспортная улица, 6",95,1,есть,signal,,16947,Газпромнефть
2026-10-01T14:07:00+03:00,"Воронеж, Московский проспект, 144",92,1,есть,signal,,16947,Роснефть
2026-10-01T14:07:00+03:00,"Воронеж, Московский проспект, 144",95,1,есть,signal,,16947,Роснефть
2026-10-01T14:07:00+03:00,"Воронежская область, Новоусманский район, М-4 Дон, 534-й километр, 2",92,1,есть,signal,,16947,Татнефть
2026-10-01T14:07:00+03:00,"Воронежская область, Новоусманский район, М-4 Дон, 534-й километр, 2",95,1,есть,signal,,16947,Татнефть
2026-10-01T14:08:00+03:00,"Воронежская область, Рамонский район, Горожанское сельское поселение",92,1,есть,signal,,16947,Лукойл
2026-10-01T14:08:00+03:00,"Воронежская область, Рамонский район, Горожанское сельское поселение",95,1,есть,signal,,16947,Лукойл
2026-10-01T14:08:00+03:00,"Воронежская область, село Новая Усмань, Дорожная улица, 31",92,1,есть,signal,,16947,Роснефть
2026-10-01T14:08:00+03:00,"Воронежская область, село Новая Усмань, Дорожная улица, 31",95,1,есть,signal,,16947,Роснефть
2026-10-01T14:09:00+03:00,"Воронеж, Новосибирская улица, 13Д",92,1,есть,signal,,16947,Татнефть
2026-10-01T14:09:00+03:00,"Воронеж, Новосибирская улица, 13Д",95,1,есть,signal,,16947,Татнефть
2026-10-01T14:09:00+03:00,"Воронеж, проспект Патриотов, 42А",92,1,есть,signal,,16947,Татнефть
2026-10-01T14:09:00+03:00,"Воронежская область, Новоусманский район, Никольское сельское поселение, посёлок совхоза ""Воронежский"", Советская улица, 41А",92,1,есть,signal,,16947,Лукойл
2026-10-01T14:09:00+03:00,"Воронежская область, Новоусманский район, Никольское сельское поселение, посёлок совхоза ""Воронежский"", Советская улица, 41А",95,1,есть,signal,,16947,Лукойл
2026-10-01T14:10:00+03:00,"Воронеж, улица Свободы, 79Б",92,1,есть,signal,,16947,ВТК
2026-10-01T14:10:00+03:00,"Воронеж, улица Свободы, 79Б",95,1,есть,signal,,16947,ВТК
2026-10-01T14:10:00+03:00,"Воронеж, улица Чебышева, 13/1",92,1,есть,signal,,16947,Роснефть
2026-10-01T14:10:00+03:00,"Воронежская область, Новоусманский район, посёлок Отрадное, Цветочная улица, 26",92,1,есть,signal,,16947,Лукойл
2026-10-01T14:10:00+03:00,"Воронежская область, Новоусманский район, посёлок Отрадное, Цветочная улица, 26",95,1,есть,signal,,16947,Лукойл
2026-10-01T14:11:00+03:00,"Воронеж, Холмистая улица, 62",92,1,есть,signal,,16947,Лукойл
2026-10-01T14:11:00+03:00,"Воронеж, Холмистая улица, 62",95,1,есть,signal,,16947,Лукойл
2026-10-01T14:11:00+03:00,"Воронеж, улица Ильюшина, 3А",92,1,есть,signal,,16947,Роснефть
2026-10-01T14:11:00+03:00,"Воронеж, улица Ильюшина, 3А",95,1,есть,signal,,16947,Роснефть
2026-10-01T14:11:00+03:00,"Воронежская область, Новоусманский район, М-4 Дон, 531-й километр, 1",92,1,есть,signal,,16947,Лукойл
2026-10-01T14:11:00+03:00,"Воронежская область, Новоусманский район, М-4 Дон, 531-й километр, 1",95,1,есть,signal,,16947,Лукойл
2026-10-01T14:14:00+03:00,"Воронеж, улица Хользунова, 99А",95,1,есть,summary,~40 мин,16951,Татнефть
2026-10-01T14:14:00+03:00,"Воронеж, улица Хользунова, 99А",ДТ,1,есть,summary,~40 мин,16951,Татнефть
2026-10-01T14:17:00+03:00,"Воронеж, Ленинский проспект, 182",92,0,нет,summary,~35–40 мин,16951,Роснефть
2026-10-01T14:17:00+03:00,"Воронеж, Ленинский проспект, 182",95,1,есть,summary,~35–40 мин,16951,Роснефть
2026-10-01T14:17:00+03:00,"Воронеж, Ленинский проспект, 182",95+,1,есть,summary,~35–40 мин,16951,Роснефть
2026-10-01T14:21:00+03:00,"Воронеж, Холмистая улица, 62",95,1,есть,summary,небольшая,16951,Лукойл
2026-10-01T14:21:00+03:00,"Воронеж, улица Космонавтов, 6А",100,1,есть,summary,да,16951,Роснефть
2026-10-01T14:21:00+03:00,"Воронеж, улица Космонавтов, 6А",95,1,есть,summary,да,16951,Роснефть
2026-10-01T14:21:00+03:00,"Воронеж, улица Космонавтов, 6А",ДТ,1,есть,summary,да,16951,Роснефть
2026-10-01T14:24:00+03:00,"Воронеж, Московский проспект, 84",100,1,есть,summary,~1 ч,16951,Роснефть
2026-10-01T14:24:00+03:00,"Воронеж, Московский проспект, 84",92,1,есть,summary,~1 ч,16951,Роснефть
2026-10-01T14:24:00+03:00,"Воронеж, Московский проспект, 84",95,1,есть,summary,~1 ч,16951,Роснефть
2026-10-01T14:24:00+03:00,"Воронеж, Московский проспект, 84",95+,1,есть,summary,~1 ч,16951,Роснефть
2026-10-01T15:08:00+03:00,"Воронежская область, Семилукский район, Девицкое сельское поселение",92,1,есть,report,1–10 машин,16954,Лм-газ
2026-10-01T15:08:00+03:00,"Воронежская область, Семилукский район, Девицкое сельское поселение",95,1,есть,report,1–10 машин,16954,Лм-газ
2026-10-08T12:33:00+03:00,"Воронеж, Спокойный переулок, 24А",100,0,нет,summary,21–50 машин,18195,
2026-10-08T12:33:00+03:00,"Воронеж, Спокойный переулок, 24А",92,1,есть,summary,21–50 машин,18195,
2026-10-08T12:33:00+03:00,"Воронеж, Спокойный переулок, 24А",95,0,нет,summary,21–50 машин,18195,
2026-10-08T12:33:00+03:00,"Воронеж, Спокойный переулок, 24А",95+,0,нет,summary,21–50 машин,18195,
2026-10-08T12:42:00+03:00,"Воронеж, Новосибирская улица, 2А",98,1,есть,report,,18205,
2026-10-08T12:42:00+03:00,"Воронеж, Новосибирская улица, 2А",98,1,есть,summary,,18195,
2026-10-08T12:49:00+03:00,"Воронежская область, Новоусманский район, М-4 Дон, 518-й километр, 2",100,0,больше нет,report,нет,18207,
2026-10-08T12:49:00+03:00,"Воронежская область, Новоусманский район, М-4 Дон, 518-й километр, 2",92,0,больше нет,report,нет,18207,
2026-10-08T12:49:00+03:00,"Воронежская область, Новоусманский район, М-4 Дон, 518-й километр, 2",95,0,больше нет,report,нет,18207,
2026-10-08T12:49:00+03:00,"Воронежская область, Новоусманский район, М-4 Дон, 518-й километр, 2",95+,0,больше нет,report,нет,18207,
2026-10-08T13:13:00+03:00,"Воронеж, Московский проспект, 84",100,1,есть,report,От памятника славы,18212,
2026-10-08T13:13:00+03:00,"Воронеж, Московский проспект, 84",100,1,есть,summary,От памятника славы,18195,
2026-10-08T13:13:00+03:00,"Воронеж, Московский проспект, 84",92,1,есть,report,От памятника славы,18212,
2026-10-08T13:13:00+03:00,"Воронеж, Московский проспект, 84",92,1,есть,summary,От памятника славы,18195,
2026-10-08T13:13:00+03:00,"Воронеж, Московский проспект, 84",95,1,есть,report,От памятника славы,18212,
2026-10-08T13:13:00+03:00,"Воронеж, Московский проспект, 84",95,1,есть,summary,От памятника славы,18195,
2026-10-08T13:13:00+03:00,"Воронеж, Московский проспект, 84",95+,1,есть,report,От памятника славы,18212,
2026-10-08T13:13:00+03:00,"Воронеж, Московский проспект, 84",95+,1,есть,summary,От памятника славы,18195,
2026-10-08T13:16:00+03:00,"Воронеж, Новосибирская улица, 13Д",92,1,есть,signal,,18210,
2026-10-08T13:16:00+03:00,"Воронеж, Новосибирская улица, 13Д",95,1,есть,signal,,18210,
2026-10-08T13:16:00+03:00,"Воронеж, улица 9 Января, 245А",92,1,есть,signal,,18210,
2026-10-08T13:16:00+03:00,"Воронеж, улица 9 Января, 245А",95,1,есть,signal,,18210,
2026-10-08T13:16:00+03:00,"Воронеж, улица 9 Января, 258А",92,1,есть,signal,,18210,
2026-10-08T13:16:00+03:00,"Воронеж, улица 9 Января, 258А",95,1,есть,signal,,18210,
2026-10-08T13:16:00+03:00,"Воронеж, улица Антонова-Овсеенко, 7А",92,1,есть,signal,,18210,
2026-10-08T13:16:00+03:00,"Воронеж, улица Антонова-Овсеенко, 7А",95,1,есть,signal,,18210,
2026-10-08T13:16:00+03:00,"Воронеж, улица Героев Сибиряков, 1Л",92,1,есть,signal,,18210,
2026-10-08T13:16:00+03:00,"Воронеж, улица Героев Сибиряков, 1Л",95,1,есть,signal,,18210,
2026-10-08T13:16:00+03:00,"Воронеж, улица Космонавтов, 6А",92,1,есть,signal,Большая,18210,
2026-10-08T13:16:00+03:00,"Воронеж, улица Космонавтов, 6А",95,1,есть,signal,Большая,18210,
2026-10-08T13:16:00+03:00,"Воронеж, улица Любы Шевцовой, 36А",92,1,есть,signal,Большая,18210,
2026-10-08T13:16:00+03:00,"Воронеж, улица Любы Шевцовой, 36А",95,1,есть,signal,Большая,18210,
2026-10-08T13:16:00+03:00,"Воронежская область, Новоусманский район, М-4 Дон, 534-й километр, 1",92,1,есть,signal,,18210,
2026-10-08T13:16:00+03:00,"Воронежская область, Новоусманский район, М-4 Дон, 534-й километр, 1",95,1,есть,signal,,18210,
2026-10-08T13:16:00+03:00,"Воронежская область, Новоусманский район, Никольское сельское поселение, посёлок совхоза ""Воронежский"", Советская улица, 41А",92,1,есть,signal,,18210,
2026-10-08T13:16:00+03:00,"Воронежская область, Новоусманский район, Никольское сельское поселение, посёлок совхоза ""Воронежский"", Советская улица, 41А",95,1,есть,signal,,18210,
2026-10-08T13:17:00+03:00,"Воронеж, Ленинский проспект, 182",92,1,есть,signal,Большая,18210,
2026-10-08T13:17:00+03:00,"Воронеж, Ленинский проспект, 182",95,1,есть,signal,Большая,18210,
2026-10-08T13:17:00+03:00,"Воронеж, Московский проспект, 144",92,1,есть,signal,Большая,18210,
2026-10-08T13:17:00+03:00,"Воронеж, Московский проспект, 144",95,1,есть,signal,Большая,18210,
2026-10-08T13:17:00+03:00,"Воронеж, Острогожская улица, 144",92,1,есть,signal,Большая,18210,
2026-10-08T13:17:00+03:00,"Воронеж, Острогожская улица, 144",95,1,есть,signal,Большая,18210,
2026-10-08T13:17:00+03:00,"Воронеж, улица Димитрова, 140Д",92,1,есть,signal,,18210,
2026-10-08T13:17:00+03:00,"Воронеж, улица Димитрова, 140Д",95,1,есть,signal,,18210,
2026-10-08T13:17:00+03:00,"Воронеж, улица Землячки, 7А",92,1,есть,signal,,18210,
2026-10-08T13:17:00+03:00,"Воронеж, улица Землячки, 7А",95,1,есть,signal,,18210,
2026-10-08T13:17:00+03:00,"Воронеж, улица Ильюшина, 3А",92,1,есть,signal,,18210,
2026-10-08T13:17:00+03:00,"Воронеж, улица Ильюшина, 3А",95,1,есть,signal,,18210,
2026-10-08T13:18:00+03:00,"Воронеж, Московский проспект, 129/2",92,1,есть,signal,,18210,
2026-10-08T13:18:00+03:00,"Воронеж, Московский проспект, 129/2",95,1,есть,signal,,18210,
2026-10-08T13:18:00+03:00,"Воронеж, улица Рылеева, 22Н",92,1,есть,signal,,18210,
2026-10-08T13:18:00+03:00,"Воронеж, улица Рылеева, 22Н",95,1,есть,signal,,18210,
2026-10-08T13:18:00+03:00,"Воронежская область, Рамонский район, Яменское сельское поселение",92,1,есть,signal,,18210,
2026-10-08T13:18:00+03:00,"Воронежская область, Рамонский район, Яменское сельское поселение, хутор Ветряк, Транспортная улица, 6",92,1,есть,signal,Нет,18210,
2026-10-08T13:18:00+03:00,"Воронежская область, Рамонский район, Яменское сельское поселение, хутор Ветряк, Транспортная улица, 6",95,1,есть,signal,Нет,18210,
2026-10-08T13:18:00+03:00,"Воронежская область, рабочий посёлок Рамонь, Воронежская улица, 19А",92,1,есть,signal,,18210,
2026-10-08T13:18:00+03:00,"Воронежская область, рабочий посёлок Рамонь, Воронежская улица, 19А",95,1,есть,signal,,18210,
2026-10-08T13:19:00+03:00,"Воронеж, проспект Труда, 107А",92,1,есть,signal,,18210,
2026-10-08T13:19:00+03:00,"Воронеж, проспект Труда, 107А",95,1,есть,signal,,18210,
2026-10-08T13:19:00+03:00,"Воронежская область, Новоусманский район, М-4 Дон, 534-й километр, 2",92,1,есть,signal,,18210,
2026-10-08T13:19:00+03:00,"Воронежская область, Новоусманский район, М-4 Дон, 534-й километр, 2",95,1,есть,signal,,18210,
2026-10-08T13:19:00+03:00,"Воронежская область, Рамонский район, Яменское сельское поселение, посёлок Солнечный, улица Московское шоссе, 2",92,1,есть,signal,,18210,
2026-10-08T13:19:00+03:00,"Воронежская область, Рамонский район, Яменское сельское поселение, посёлок Солнечный, улица Московское шоссе, 2",95,1,есть,signal,,18210,
2026-10-08T13:20:00+03:00,"Воронеж, улица Чебышева, 13/1",92,1,есть,report,21–50 машин,18214,
2026-10-08T13:20:00+03:00,"Воронеж, улица Чебышева, 13/1",92,1,есть,summary,21–50 машин,18195,
2026-10-08T13:20:00+03:00,"Воронеж, улица Чебышева, 13/1",95,1,есть,report,21–50 машин,18214,
2026-10-08T13:20:00+03:00,"Воронеж, улица Чебышева, 13/1",95,1,есть,summary,21–50 машин,18195,
2026-10-08T13:23:00+03:00,"Воронеж, проспект Патриотов, 1А",100,1,есть,summary,11–20 машин,18195,
2026-10-08T13:23:00+03:00,"Воронеж, проспект Патриотов, 1А",92,1,есть,summary,11–20 машин,18195,
2026-10-08T13:23:00+03:00,"Воронеж, проспект Патриотов, 1А",95,0,нет,summary,11–20 машин,18195,
2026-10-08T13:23:00+03:00,"Воронеж, проспект Патриотов, 1А",95+,0,нет,summary,11–20 машин,18195,
2026-10-08T13:23:00+03:00,"Воронеж, улица Шишкова, 58А",100,1,есть,report,21–50 машин,18211,
2026-10-08T13:23:00+03:00,"Воронеж, улица Шишкова, 58А",100,1,есть,summary,21–50 машин,18195,
2026-10-08T13:23:00+03:00,"Воронеж, улица Шишкова, 58А",95,1,есть,report,21–50 машин,18211,
2026-10-08T13:23:00+03:00,"Воронеж, улица Шишкова, 58А",95,1,есть,summary,21–50 машин,18195,
2026-10-08T13:24:00+03:00,"Воронеж, Кольцовская улица, 24Б",92,1,есть,signal,,18210,
2026-10-08T13:24:00+03:00,"Воронеж, Кольцовская улица, 24Б",95,1,есть,signal,,18210,
2026-10-08T13:24:00+03:00,"Воронеж, Московский проспект, 7А",92,1,есть,signal,Большая,18210,
2026-10-08T13:24:00+03:00,"Воронеж, Московский проспект, 7А",95,1,есть,signal,Большая,18210,
2026-10-08T13:24:00+03:00,"Воронеж, улица Ворошилова",92,1,есть,signal,,18210,
2026-10-08T13:24:00+03:00,"Воронеж, улица Ворошилова",95,1,есть,signal,,18210,
2026-10-08T13:24:00+03:00,"Воронеж, улица Космонавтов, 6А",92,1,есть,signal,Большая,18210,
2026-10-08T13:24:00+03:00,"Воронеж, улица Космонавтов, 6А",95,1,есть,signal,Большая,18210,
2026-10-08T13:24:00+03:00,"Воронеж, улица Остужева, 37",92,1,есть,signal,,18210,
2026-10-08T13:24:00+03:00,"Воронеж, улица Остужева, 37",95,1,есть,signal,,18210,
2026-10-08T13:24:00+03:00,"Воронежская область, Рамонский район, Айдаровское сельское поселение, село Чертовицы, улица Мира, 1",92,1,есть,signal,,18210,
2026-10-08T13:24:00+03:00,"Воронежская область, Рамонский район, Айдаровское сельское поселение, село Чертовицы, улица Мира, 1",95,1,есть,signal,,18210,
2026-10-08T13:24:00+03:00,"Воронежская область, Рамонский район, М-4 Дон, 485-й километр, 1",92,1,есть,signal,,18210,
2026-10-08T13:24:00+03:00,"Воронежская область, Рамонский район, М-4 Дон, 485-й километр, 1",95,1,есть,signal,,18210,
2026-10-08T13:25:00+03:00,"Воронеж, Волгоградская улица, 41",92,1,есть,signal,,18210,
2026-10-08T13:25:00+03:00,"Воронеж, Волгоградская улица, 41",95,1,есть,signal,,18210,
2026-10-08T13:25:00+03:00,"Воронеж, Ленинский проспект, 176А",92,1,есть,signal,,18210,
2026-10-08T13:25:00+03:00,"Воронеж, Ленинский проспект, 176А",95,1,есть,signal,,18210,
2026-10-08T13:25:00+03:00,"Воронеж, Московский проспект, 4А",92,1,есть,signal,,18210,
2026-10-08T13:25:00+03:00,"Воронеж, Московский проспект, 4А",95,1,есть,signal,,18210,
2026-10-08T13:25:00+03:00,"Воронеж, улица 9 Января, 223А",92,1,есть,signal,,18210,
2026-10-08T13:25:00+03:00,"Воронеж, улица 9 Января, 223А",95,1,есть,signal,,18210,
2026-10-08T13:25:00+03:00,"Воронеж, улица Героев Сибиряков, 1Л",92,1,есть,signal,,18210,
2026-10-08T13:25:00+03:00,"Воронеж, улица Героев Сибиряков, 1Л",95,1,есть,signal,,18210,
2026-10-08T13:25:00+03:00,"Воронеж, улица Ильюшина, 3А",92,1,есть,signal,,18210,
2026-10-08T13:25:00+03:00,"Воронеж, улица Ильюшина, 3А",95,1,есть,signal,,18210,
2026-10-08T13:26:00+03:00,"Воронеж, Московский проспект, 144",92,1,есть,signal,Большая,18210,
2026-10-08T13:26:00+03:00,"Воронеж, Московский проспект, 144",95,1,есть,signal,Большая,18210,
2026-10-08T13:26:00+03:00,"Воронеж, улица Димитрова, 140Д",92,1,есть,signal,,18210,
2026-10-08T13:26:00+03:00,"Воронеж, улица Димитрова, 140Д",95,1,есть,signal,,18210,
2026-10-08T13:26:00+03:00,"Воронежская область, Новоусманский район, М-4 Дон, 534-й километр, 1",92,1,есть,signal,,18210,
2026-10-08T13:26:00+03:00,"Воронежская область, Новоусманский район, М-4 Дон, 534-й километр, 1",95,1,есть,signal,,18210,
2026-10-08T13:26:00+03:00,"Воронежская область, Рамонский район, Яменское сельское поселение",92,1,есть,signal,,18210,
2026-10-08T13:26:00+03:00,"Воронежская область, село Новая Усмань, улица Ленина, 313/2",92,1,есть,signal,,18210,
2026-10-08T13:26:00+03:00,"Воронежская область, село Новая Усмань, улица Ленина, 313/2",95,1,есть,signal,,18210,
2026-10-08T13:27:00+03:00,"Воронеж, Ленинградская улица, 29В",100,1,есть,report,очередь от пожарки,18213,
2026-10-08T13:27:00+03:00,"Воронеж, Ленинградская улица, 29В",100,1,есть,summary,,18195,
2026-10-08T13:27:00+03:00,"Воронеж, Ленинградская улица, 29В",92,1,есть,report,очередь от пожарки,18213,
2026-10-08T13:27:00+03:00,"Воронеж, Ленинградская улица, 29В",92,1,есть,summary,,18195,
2026-10-08T13:27:00+03:00,"Воронеж, Ленинградская улица, 29В",95,0,больше нет,report,очередь от пожарки,18213,
2026-10-08T13:27:00+03:00,"Воронеж, Ленинградская улица, 29В",95,0,нет,summary,,18195,
2026-10-08T13:27:00+03:00,"Воронеж, Ленинградская улица, 29В",ДТ,1,есть,report,очередь от пожарки,18213,
2026-10-08T13:27:00+03:00,"Воронеж, Ленинградская улица, 29В",ДТ,1,есть,summary,,18195,
2026-10-08T13:27:00+03:00,"Воронеж, набережная Максима Горького, 33А",92,1,есть,signal,,18210,
2026-10-08T13:27:00+03:00,"Воронеж, набережная Максима Горького, 33А",95,1,есть,signal,,18210,
2026-10-08T13:27:00+03:00,"Воронеж, проспект Патриотов, 69",92,1,есть,signal,,18210,
2026-10-08T13:27:00+03:00,"Воронеж, проспект Патриотов, 69",95,1,есть,signal,,18210,
2026-10-08T13:27:00+03:00,"Воронеж, проспект Труда, 107А",92,1,есть,signal,,18210,
2026-10-08T13:27:00+03:00,"Воронеж, проспект Труда, 107А",95,1,есть,signal,,18210,
2026-10-08T13:27:00+03:00,"Воронеж, улица Остужева, 51",92,1,есть,signal,,18210,
2026-10-08T13:27:00+03:00,"Воронеж, улица Остужева, 51",95,1,есть,signal,,18210,
2026-10-08T13:28:00+03:00,"Воронеж, Ленинский проспект, 182",92,1,есть,signal,Большая,18210,
2026-10-08T13:28:00+03:00,"Воронеж, Ленинский проспект, 182",95,1,есть,signal,Большая,18210,
2026-10-08T13:28:00+03:00,"Воронеж, улица Антонова-Овсеенко, 7А",92,1,есть,signal,,18210,
2026-10-08T13:28:00+03:00,"Воронеж, улица Антонова-Овсеенко, 7А",95,1,есть,signal,,18210,
2026-10-08T13:28:00+03:00,"Воронежская область, Новоусманский район, М-4 Дон, 531-й километр, 1",92,1,есть,signal,,18210,
2026-10-08T13:28:00+03:00,"Воронежская область, Новоусманский район, М-4 Дон, 531-й километр, 1",95,1,есть,signal,,18210,
2026-10-08T13:28:00+03:00,"Воронежская область, Рамонский район, Яменское сельское поселение, хутор Ветряк, Транспортная улица, 6",92,1,есть,signal,Нет,18210,
2026-10-08T13:28:00+03:00,"Воронежская область, Рамонский район, Яменское сельское поселение, хутор Ветряк, Транспортная улица, 6",95,1,есть,signal,Нет,18210,
2026-10-08T13:28:00+03:00,"Воронежская область, рабочий посёлок Рамонь, Воронежская улица, 19А",92,1,есть,signal,,18210,
2026-10-08T13:28:00+03:00,"Воронежская область, рабочий посёлок Рамонь, Воронежская улица, 19А",95,1,есть,signal,,18210,
2026-10-08T13:29:00+03:00,"Воронеж, Дорожная улица, 19А",92,1,есть,signal,,18210,
2026-10-08T13:29:00+03:00,"Воронеж, Дорожная улица, 19А",95,1,есть,signal,,18210,
2026-10-08T13:29:00+03:00,"Воронеж, переулок Отличников, 43А",92,1,есть,signal,Большая,18210,
2026-10-08T13:29:00+03:00,"Воронеж, переулок Отличников, 43А",95,1,есть,signal,Большая,18210,
2026-10-08T13:29:00+03:00,"Воронеж, улица Антонова-Овсеенко, 35А",92,1,есть,signal,Большая,18210,
2026-10-08T13:29:00+03:00,"Воронеж, улица Антонова-Овсеенко, 35А",95,1,есть,signal,Большая,18210,
2026-10-08T13:29:00+03:00,"Воронеж, улица Любы Шевцовой, 36А",92,1,есть,signal,Большая,18210,
2026-10-08T13:29:00+03:00,"Воронеж, улица Любы Шевцовой, 36А",95,1,есть,signal,Большая,18210,
2026-10-08T13:29:00+03:00,"Воронежская область, Новоусманский район, М-4 Дон, 534-й километр, 2",92,1,есть,signal,,18210,
2026-10-08T13:29:00+03:00,"Воронежская область, Новоусманский район, М-4 Дон, 534-й километр, 2",95,1,есть,signal,,18210,
2026-10-08T13:29:00+03:00,"Воронежская область, Рамонский район, Яменское сельское поселение, посёлок Солнечный, улица Московское шоссе, 2",92,1,есть,signal,,18210,
2026-10-08T13:29:00+03:00,"Воронежская область, Рамонский район, Яменское сельское поселение, посёлок Солнечный, улица Московское шоссе, 2",95,1,есть,signal,,18210,
2026-10-08T13:30:00+03:00,"Воронеж, улица Землячки, 7А",92,1,есть,signal,,18210,
2026-10-08T13:30:00+03:00,"Воронеж, улица Землячки, 7А",95,1,есть,signal,,18210,
2026-10-08T13:31:00+03:00,"Воронеж, Спокойный переулок, 24А",100,0,больше нет,report,,18217,
2026-10-08T13:31:00+03:00,"Воронеж, Спокойный переулок, 24А",92,0,больше нет,report,,18217,
2026-10-08T13:31:00+03:00,"Воронеж, Спокойный переулок, 24А",95,0,больше нет,report,,18217,
2026-10-08T13:31:00+03:00,"Воронеж, Спокойный переулок, 24А",95+,0,больше нет,report,,18217,
2026-10-08T13:31:00+03:00,"Воронеж, проспект Патриотов, 1А",100,1,есть,report,"Очередь в пределах заправки, 11–20 машин",18215,
2026-10-08T13:31:00+03:00,"Воронеж, проспект Патриотов, 1А",100,1,есть,summary,11–20 машин,18195,
2026-10-08T13:31:00+03:00,"Воронеж, проспект Патриотов, 1А",92,1,есть,report,"Очередь в пределах заправки, 11–20 машин",18215,
2026-10-08T13:31:00+03:00,"Воронеж, проспект Патриотов, 1А",92,1,есть,summary,11–20 машин,18195,
2026-10-08T13:31:00+03:00,"Воронеж, проспект Патриотов, 1А",95,0,больше нет,report,"Очередь в пределах заправки, 11–20 машин",18215,
2026-10-08T13:31:00+03:00,"Воронеж, проспект Патриотов, 1А",95,0,нет,summary,11–20 машин,18195,
2026-10-08T13:31:00+03:00,"Воронеж, проспект Патриотов, 1А",95+,0,больше нет,report,"Очередь в пределах заправки, 11–20 машин",18215,
2026-10-08T13:31:00+03:00,"Воронеж, проспект Патриотов, 1А",95+,0,нет,summary,11–20 машин,18195,
2026-10-08T13:31:00+03:00,"Воронежская область, село Новая Усмань, Дорожная улица, 31",92,1,есть,report,11–20 машин,18216,
2026-10-08T13:31:00+03:00,"Воронежская область, село Новая Усмань, Дорожная улица, 31",92,1,есть,summary,11–20 машин,18195,
2026-10-08T13:31:00+03:00,"Воронежская область, село Новая Усмань, Дорожная улица, 31",95,1,есть,report,11–20 машин,18216,
2026-10-08T13:31:00+03:00,"Воронежская область, село Новая Усмань, Дорожная улица, 31",95,1,есть,summary,11–20 машин,18195,
2026-10-08T13:32:00+03:00,"Воронеж, Ленинский проспект, 154А",92,1,есть,report,Очередь на час,18218,
2026-10-08T13:32:00+03:00,"Воронеж, Ленинский проспект, 154А",92,1,есть,summary,~1 ч,18195,
2026-10-08T13:32:00+03:00,"Воронеж, Ленинский проспект, 154А",98,1,есть,report,Очередь на час,18218,
2026-10-08T13:32:00+03:00,"Воронеж, Ленинский проспект, 154А",98,1,есть,summary,~1 ч,18195,
2026-10-08T13:35:00+03:00,"Воронеж, улица 9 Января, 258А",92,1,есть,signal,,18210,
2026-10-08T13:35:00+03:00,"Воронеж, улица 9 Января, 258А",95,1,есть,signal,,18210,
2026-10-08T13:35:00+03:00,"Воронеж, улица Любы Шевцовой, 36А",92,1,есть,signal,Большая,18210,
2026-10-08T13:35:00+03:00,"Воронеж, улица Любы Шевцовой, 36А",95,1,есть,signal,Большая,18210,
2026-10-08T13:36:00+03:00,"Воронеж, Волгоградская улица, 41",92,1,есть,signal,,18210,
2026-10-08T13:36:00+03:00,"Воронеж, Волгоградская улица, 41",95,1,есть,signal,,18210,
2026-10-08T13:36:00+03:00,"Воронеж, улица 9 Января, 223А",92,1,есть,signal,,18210,
2026-10-08T13:36:00+03:00,"Воронеж, улица 9 Января, 223А",95,1,есть,signal,,18210,
2026-10-08T13:36:00+03:00,"Воронеж, улица Хользунова, 99А",92,1,есть,signal,,18210,
2026-10-08T13:36:00+03:00,"Воронеж, улица Хользунова, 99А",95,1,есть,signal,,18210,
2026-10-08T13:36:00+03:00,"Воронежская область, Рамонский район, Айдаровское сельское поселение, село Чертовицы, улица Мира, 1",92,1,есть,signal,,18210,
2026-10-08T13:36:00+03:00,"Воронежская область, Рамонский район, Айдаровское сельское поселение, село Чертовицы, улица Мира, 1",95,1,есть,signal,,18210,
2026-10-08T13:36:00+03:00,"Воронежская область, Семилукский район, Девицкое сельское поселение",92,1,есть,report,нет,18219,
2026-10-08T13:36:00+03:00,"Воронежская область, Семилукский район, Девицкое сельское поселение",92,1,есть,summary,нет,18195,
2026-10-08T13:36:00+03:00,"Воронежская область, Семилукский район, Девицкое сельское поселение",95+,1,есть,report,нет,18219,
2026-10-08T13:36:00+03:00,"Воронежская область, Семилукский район, Девицкое сельское поселение",95+,1,есть,summary,нет,18195,
2026-10-08T13:36:00+03:00,"Воронежская область, село Семилуки, улица Щеголевых, 59",92,1,есть,signal,,18210,
2026-10-08T13:36:00+03:00,"Воронежская область, село Семилуки, улица Щеголевых, 59",95,1,есть,signal,,18210,
2026-10-08T13:37:00+03:00,"Воронеж, Дорожная улица, 1Б",92,1,есть,signal,,18210,
2026-10-08T13:37:00+03:00,"Воронеж, Дорожная улица, 1Б",95,1,есть,signal,,18210,
2026-10-08T13:37:00+03:00,"Воронеж, Московский проспект, 7А",92,1,есть,signal,Большая,18210,
2026-10-08T13:37:00+03:00,"Воронеж, Московский проспект, 7А",95,1,есть,signal,Большая,18210,
2026-10-08T13:37:00+03:00,"Воронеж, Новосибирская улица, 2А",98,1,есть,report,,18205,
2026-10-08T13:37:00+03:00,"Воронеж, Новосибирская улица, 2А",98,1,есть,summary,,18195,
2026-10-08T13:37:00+03:00,"Воронеж, переулок Отличников, 43А",92,1,есть,signal,Большая,18210,
2026-10-08T13:37:00+03:00,"Воронеж, переулок Отличников, 43А",95,1,есть,signal,Большая,18210,
2026-10-08T13:37:00+03:00,"Воронежская область, рабочий посёлок Рамонь, Воронежская улица, 19А",92,1,есть,signal,,18210,
2026-10-08T13:37:00+03:00,"Воронежская область, рабочий посёлок Рамонь, Воронежская улица, 19А",95,1,есть,signal,,18210,
2026-10-08T13:38:00+03:00,"Воронеж, Московский проспект, 129/2",92,1,есть,signal,,18210,
2026-10-08T13:38:00+03:00,"Воронеж, Московский проспект, 129/2",95,1,есть,signal,,18210,
2026-10-08T13:38:00+03:00,"Воронеж, Московский проспект, 144",92,1,есть,signal,Большая,18210,
2026-10-08T13:38:00+03:00,"Воронеж, Московский проспект, 144",95,1,есть,signal,Большая,18210,
2026-10-08T13:38:00+03:00,"Воронеж, улица Димитрова, 163",92,1,есть,signal,,18210,
2026-10-08T13:38:00+03:00,"Воронеж, улица Димитрова, 163",95,1,есть,signal,,18210,
2026-10-08T13:38:00+03:00,"Воронеж, улица Остужева, 37",92,1,есть,signal,,18210,
2026-10-08T13:38:00+03:00,"Воронеж, улица Остужева, 37",95,1,есть,signal,,18210,
2026-10-08T13:38:00+03:00,"Воронеж, улица Рылеева, 22Н",92,1,есть,signal,,18210,
2026-10-08T13:38:00+03:00,"Воронеж, улица Рылеева, 22Н",95,1,есть,signal,,18210,
2026-10-08T13:38:00+03:00,"Воронежская область, Новоусманский район, Никольское сельское поселение, посёлок совхоза ""Воронежский"", Советская улица, 41А",92,1,есть,signal,,18210,
2026-10-08T13:38:00+03:00,"Воронежская область, Новоусманский район, Никольское сельское поселение, посёлок совхоза ""Воронежский"", Советская улица, 41А",95,1,есть,signal,,18210,
2026-10-08T13:38:00+03:00,"Воронежская область, Рамонский район, Яменское сельское поселение",92,1,есть,signal,,18210,
2026-10-08T13:39:00+03:00,"Воронеж, Ленинский проспект, 182",92,1,есть,signal,Большая,18210,
2026-10-08T13:39:00+03:00,"Воронеж, Ленинский проспект, 182",95,1,есть,signal,Большая,18210,
2026-10-08T13:39:00+03:00,"Воронеж, проспект Патриотов, 69",92,1,есть,signal,,18210,
2026-10-08T13:39:00+03:00,"Воронеж, проспект Патриотов, 69",95,1,есть,signal,,18210,
2026-10-08T13:39:00+03:00,"Воронеж, улица Героев Сибиряков, 2",92,1,есть,signal,,18210,
2026-10-08T13:39:00+03:00,"Воронеж, улица Героев Сибиряков, 2",95,1,есть,signal,,18210,
2026-10-08T13:39:00+03:00,"Воронеж, улица Землячки, 7А",92,1,есть,signal,,18210,
2026-10-08T13:39:00+03:00,"Воронеж, улица Землячки, 7А",95,1,есть,signal,,18210,
2026-10-08T13:39:00+03:00,"Воронеж, улица Космонавтов, 6А",92,1,есть,signal,,18210,
2026-10-08T13:39:00+03:00,"Воронеж, улица Космонавтов, 6А",95,1,есть,signal,,18210,
2026-10-08T13:39:00+03:00,"Воронежская область, Новоусманский район, М-4 Дон, 531-й километр, 1",92,1,есть,signal,,18210,
2026-10-08T13:39:00+03:00,"Воронежская область, Новоусманский район, М-4 Дон, 531-й километр, 1",95,1,есть,signal,,18210,
2026-10-08T13:39:00+03:00,"Воронежская область, Рамонский район, Яменское сельское поселение, хутор Ветряк, Транспортная улица, 6",92,1,есть,signal,,18210,
2026-10-08T13:39:00+03:00,"Воронежская область, Рамонский район, Яменское сельское поселение, хутор Ветряк, Транспортная улица, 6",95,1,есть,signal,,18210,
2026-10-08T13:40:00+03:00,"Воронеж, Новосибирская улица, 13Д",92,1,есть,report,11–20 машин,18220,
2026-10-08T13:40:00+03:00,"Воронеж, Новосибирская улица, 13Д",92,1,есть,summary,11–20 машин,18195,
2026-10-08T13:40:00+03:00,"Воронеж, Новосибирская улица, 13Д",95,1,есть,report,11–20 машин,18220,
2026-10-08T13:40:00+03:00,"Воронеж, Новосибирская улица, 13Д",95,1,есть,summary,11–20 машин,18195,
2026-10-08T13:40:00+03:00,"Воронеж, проспект Труда, 107А",92,1,есть,signal,,18210,
2026-10-08T13:40:00+03:00,"Воронеж, проспект Труда, 107А",95,1,есть,signal,,18210,
2026-10-08T13:40:00+03:00,"Воронеж, улица Антонова-Овсеенко, 7А",92,1,есть,signal,,18210,
2026-10-08T13:40:00+03:00,"Воронеж, улица Антонова-Овсеенко, 7А",95,1,есть,signal,,18210,
2026-10-08T13:40:00+03:00,"Воронежская область, Новоусманский район, М-4 Дон, 534-й километр, 2",92,1,есть,signal,,18210,
2026-10-08T13:40:00+03:00,"Воронежская область, Новоусманский район, М-4 Дон, 534-й километр, 2",95,1,есть,signal,,18210,
2026-10-08T13:40:00+03:00,"Воронежская область, Рамонский район, Яменское сельское поселение, посёлок Солнечный, улица Московское шоссе, 2",92,1,есть,signal,,18210,
2026-10-08T13:40:00+03:00,"Воронежская область, Рамонский район, Яменское сельское поселение, посёлок Солнечный, улица Московское шоссе, 2",95,1,есть,signal,,18210,
2026-10-08T13:40:00+03:00,"Воронежская область, село Новая Усмань, улица Ленина, 313/2",92,1,есть,signal,,18210,
2026-10-08T13:40:00+03:00,"Воронежская область, село Новая Усмань, улица Ленина, 313/2",95,1,есть,signal,,18210,
2026-10-08T13:41:00+03:00,"Воронеж, Острогожская улица, 144",92,1,есть,signal,Большая,18210,
2026-10-08T13:41:00+03:00,"Воронеж, Острогожская улица, 144",95,1,есть,signal,Большая,18210,
2026-10-08T13:41:00+03:00,"Воронеж, проспект Патриотов, 42А",92,1,есть,report,от надземного перехода,18221,
2026-10-08T13:41:00+03:00,"Воронеж, проспект Патриотов, 42А",92,1,есть,summary,от надземного перехода,18195,
2026-10-08T13:41:00+03:00,"Воронеж, проспект Патриотов, 42А",95,1,есть,report,от надземного перехода,18221,
2026-10-08T13:41:00+03:00,"Воронеж, проспект Патриотов, 42А",95,1,есть,summary,от надземного перехода,18195,
2026-10-08T13:41:00+03:00,"Воронеж, проспект Патриотов, 42А",ДТ,1,есть,report,от надземного перехода,18221,
2026-10-08T13:41:00+03:00,"Воронеж, проспект Патриотов, 42А",ДТ,1,есть,summary,от надземного перехода,18195,
2026-10-08T13:41:00+03:00,"Воронеж, улица Димитрова, 140Д",92,1,есть,signal,,18210,
2026-10-08T13:41:00+03:00,"Воронеж, улица Димитрова, 140Д",95,1,есть,signal,,18210,
2026-10-08T13:41:00+03:00,"Воронеж, улица Ильюшина, 3А",92,1,есть,signal,,18210,
2026-10-08T13:41:00+03:00,"Воронеж, улица Ильюшина, 3А",95,1,есть,signal,,18210,
2026-10-08T13:41:00+03:00,"Воронежская область, Новоусманский район, Рогачёвское сельское поселение",92,1,есть,signal,,18210,
2026-10-08T13:41:00+03:00,"Воронежская область, Новоусманский район, Рогачёвское сельское поселение",95,1,есть,signal,,18210,
2026-10-08T13:45:00+03:00,"Воронеж, Ленинградская улица, 29В",100,1,есть,report,,18213,
2026-10-08T13:45:00+03:00,"Воронеж, Ленинградская улица, 29В",92,1,есть,report,,18213,
2026-10-08T13:45:00+03:00,"Воронеж, Ленинградская улица, 29В",95,0,больше нет,report,,18213,
2026-10-08T13:45:00+03:00,"Воронеж, Ленинградская улица, 29В",ДТ,1,есть,report,,18213,
2026-10-08T13:46:00+03:00,"Воронеж, Острогожская улица, 103",95,1,есть,report,около 40 машин,18222,
2026-10-08T13:46:00+03:00,"Воронеж, Острогожская улица, 103",95,1,есть,summary,~40 машин,18195,
2026-10-08T13:51:00+03:00,"Воронеж, Ленинградская улица, 29В",100,0,больше нет,report,51–100 машин,18223,
2026-10-08T13:51:00+03:00,"Воронеж, Ленинградская улица, 29В",100,0,нет,summary,51–100 машин,18195,
2026-10-08T13:51:00+03:00,"Воронеж, Ленинградская улица, 29В",92,1,есть,report,51–100 машин,18223,
2026-10-08T13:51:00+03:00,"Воронеж, Ленинградская улица, 29В",92,1,есть,summary,51–100 машин,18195,
2026-10-08T13:51:00+03:00,"Воронеж, Ленинградская улица, 29В",95,0,больше нет,report,51–100 машин,18223,
2026-10-08T13:51:00+03:00,"Воронеж, Ленинградская улица, 29В",95,0,нет,summary,51–100 машин,18195,
2026-10-08T13:51:00+03:00,"Воронеж, Ленинградская улица, 29В",95+,0,больше нет,report,51–100 машин,18223,
2026-10-08T13:51:00+03:00,"Воронеж, Ленинградская улица, 29В",95+,0,нет,summary,51–100 машин,18195,
2026-10-08T13:51:00+03:00,"Воронеж, Ленинградская улица, 29В",ДТ,1,есть,report,51–100 машин,18223,
2026-10-08T13:51:00+03:00,"Воронеж, Ленинградская улица, 29В",ДТ,1,есть,summary,51–100 машин,18195,
2026-10-08T13:54:00+03:00,"Воронеж, улица Землячки, 7А",92,1,есть,report,,18224,
2026-10-08T13:54:00+03:00,"Воронеж, улица Землячки, 7А",92,1,есть,summary,,18195,
2026-10-08T13:54:00+03:00,"Воронеж, улица Землячки, 7А",95,0,больше нет,report,,18224,
2026-10-08T13:54:00+03:00,"Воронеж, улица Землячки, 7А",95,0,нет,summary,,18195,
2026-10-08T14:03:00+03:00,"Воронеж, улица Шишкова, 58А",100,0,больше нет,report,нет,18225,
2026-10-08T14:03:00+03:00,"Воронеж, улица Шишкова, 58А",92,0,больше нет,report,нет,18225,
2026-10-08T14:03:00+03:00,"Воронеж, улица Шишкова, 58А",95,0,больше нет,report,нет,18225,
2026-10-08T14:03:00+03:00,"Воронеж, улица Шишкова, 58А",95+,0,больше нет,report,нет,18225,
2026-10-08T14:04:00+03:00,"Воронеж, Острогожская улица, 103",92,1,есть,report,нет,18226,
2026-10-08T14:04:00+03:00,"Воронеж, Острогожская улица, 103",92,1,есть,summary,нет,18195,
2026-10-08T14:04:00+03:00,"Воронеж, Острогожская улица, 103",95,0,больше нет,report,нет,18226,
2026-10-08T14:04:00+03:00,"Воронеж, Острогожская улица, 103",95,0,нет,summary,нет,18195,
2026-10-08T14:04:00+03:00,"Воронеж, Острогожская улица, 103",95+,0,больше нет,report,нет,18226,
2026-10-08T14:04:00+03:00,"Воронеж, Острогожская улица, 103",95+,0,нет,summary,нет,18195,
2026-10-08T14:06:00+03:00,"Воронеж, Московский проспект, 144",92,1,есть,report,,18229,
2026-10-08T14:06:00+03:00,"Воронеж, Московский проспект, 144",92,1,есть,summary,,18195,
2026-10-08T14:06:00+03:00,"Воронеж, Московский проспект, 144",95,0,больше нет,report,,18229,
2026-10-08T14:06:00+03:00,"Воронеж, Московский проспект, 144",95,0,нет,summary,,18195,
2026-10-08T14:06:00+03:00,"Воронеж, улица Шишкова, 140А",100,1,есть,report,нет,18228,
2026-10-08T14:06:00+03:00,"Воронеж, улица Шишкова, 140А",92,1,есть,report,нет,18228,
2026-10-08T14:06:00+03:00,"Воронеж, улица Шишкова, 140А",95,1,есть,report,нет,18228,
2026-10-08T14:20:00+03:00,"Воронеж, Московский проспект, 84",100,1,есть,report,Очередь около часа от памятника,18232,
2026-10-08T14:20:00+03:00,"Воронеж, Московский проспект, 84",100,1,есть,summary,~1 ч,18195,
2026-10-08T14:20:00+03:00,"Воронеж, Московский проспект, 84",92,1,есть,report,Очередь около часа от памятника,18232,
2026-10-08T14:20:00+03:00,"Воронеж, Московский проспект, 84",92,1,есть,summary,~1 ч,18195,
2026-10-08T14:20:00+03:00,"Воронеж, Московский проспект, 84",95,0,больше нет,report,Очередь около часа от памятника,18232,
2026-10-08T14:20:00+03:00,"Воронеж, Московский проспект, 84",95,0,нет,summary,~1 ч,18195,
2026-10-08T14:20:00+03:00,"Воронеж, Московский проспект, 84",95+,0,больше нет,report,Очередь около часа от памятника,18232,
2026-10-08T14:20:00+03:00,"Воронеж, Московский проспект, 84",95+,0,нет,summary,~1 ч,18195,
2026-10-08T14:22:00+03:00,"Воронежская область, село Новая Усмань, Дорожная улица, 31",92,1,есть,report,,18233,
2026-10-08T14:22:00+03:00,"Воронежская область, село Новая Усмань, Дорожная улица, 31",92,1,есть,summary,,18195,
2026-10-08T14:25:00+03:00,"Воронеж, Дорожная улица, 19А",100,0,нет,signal,,18227,
2026-10-08T14:25:00+03:00,"Воронеж, Дорожная улица, 19А",92,1,есть,signal,,18227,
2026-10-08T14:25:00+03:00,"Воронеж, Дорожная улица, 19А",95,1,есть,signal,,18227,
2026-10-08T14:25:00+03:00,"Воронеж, Дорожная улица, 19А",ДТ,1,есть,signal,,18227,
2026-10-08T14:25:00+03:00,"Воронеж, улица Ильюшина, 3А",100,0,нет,signal,,18227,
2026-10-08T14:25:00+03:00,"Воронеж, улица Ильюшина, 3А",92,1,есть,signal,,18227,
2026-10-08T14:25:00+03:00,"Воронеж, улица Ильюшина, 3А",95,0,нет,signal,,18227,
2026-10-08T14:25:00+03:00,"Воронеж, улица Ильюшина, 3А",ДТ,1,есть,signal,,18227,
2026-10-08T14:25:00+03:00,"Воронеж, улица Красный Октябрь, 2/1",100,0,нет,signal,,18227,
2026-10-08T14:25:00+03:00,"Воронеж, улица Красный Октябрь, 2/1",92,1,есть,signal,,18227,
2026-10-08T14:25:00+03:00,"Воронеж, улица Красный Октябрь, 2/1",ДТ,1,есть,signal,,18227,
2026-10-08T14:25:00+03:00,"Воронеж, улица Рылеева, 22Н",100,0,нет,signal,,18227,
2026-10-08T14:25:00+03:00,"Воронеж, улица Рылеева, 22Н",92,1,есть,signal,,18227,
2026-10-08T14:25:00+03:00,"Воронеж, улица Рылеева, 22Н",95,1,есть,signal,,18227,
2026-10-08T14:25:00+03:00,"Воронеж, улица Рылеева, 22Н",ДТ,1,есть,signal,,18227,
2026-10-08T14:25:00+03:00,"Воронежская область, Рамонский район, посёлок Комсомольский, Южная улица, 12",92,1,есть,report,от начала полосы торможения,18234,
2026-10-08T14:25:00+03:00,"Воронежская область, Рамонский район, посёлок Комсомольский, Южная улица, 12",92,1,есть,summary,от полосы торможения,18195,
2026-10-08T14:25:00+03:00,"Воронежская область, Рамонский район, посёлок Комсомольский, Южная улица, 12",95,1,есть,report,от начала полосы торможения,18234,
2026-10-08T14:25:00+03:00,"Воронежская область, Рамонский район, посёлок Комсомольский, Южная улица, 12",95,1,есть,summary,от полосы торможения,18195,
2026-10-08T14:26:00+03:00,"Воронеж, улица Димитрова, 140Д",100,0,нет,signal,,18227,
2026-10-08T14:26:00+03:00,"Воронеж, улица Димитрова, 140Д",92,1,есть,signal,,18227,
2026-10-08T14:26:00+03:00,"Воронеж, улица Димитрова, 140Д",95,1,есть,signal,,18227,
2026-10-08T14:26:00+03:00,"Воронеж, улица Димитрова, 140Д",ДТ,1,есть,signal,,18227,
2026-10-08T14:26:00+03:00,"Воронеж, улица Космонавтов, 6А",100,1,есть,signal,,18227,
2026-10-08T14:26:00+03:00,"Воронеж, улица Космонавтов, 6А",92,1,есть,signal,,18227,
2026-10-08T14:26:00+03:00,"Воронеж, улица Космонавтов, 6А",95,1,есть,signal,,18227,
2026-10-08T14:26:00+03:00,"Воронеж, улица Космонавтов, 6А",ДТ,1,есть,signal,,18227,
2026-10-08T14:27:00+03:00,"Воронеж, проспект Патриотов, 42А",92,1,есть,report,21–50 машин,18235,
2026-10-08T14:27:00+03:00,"Воронеж, проспект Патриотов, 42А",92,1,есть,summary,21–50 машин,18195,
2026-10-08T14:27:00+03:00,"Воронеж, проспект Патриотов, 42А",95,0,больше нет,report,21–50 машин,18235,
2026-10-08T14:27:00+03:00,"Воронеж, проспект Патриотов, 42А",95,0,нет,summary,21–50 машин,18195,
2026-10-08T14:27:00+03:00,"Воронеж, проспект Патриотов, 42А",ДТ,1,есть,report,21–50 машин,18235,
2026-10-08T14:27:00+03:00,"Воронеж, проспект Патриотов, 42А",ДТ,1,есть,summary,21–50 машин,18195,
2026-10-08T14:27:00+03:00,"городской округ Воронеж, Железнодорожный район",100,0,нет,signal,,18227,
2026-10-08T14:27:00+03:00,"городской округ Воронеж, Железнодорожный район",92,1,есть,signal,,18227,
2026-10-08T14:27:00+03:00,"городской округ Воронеж, Железнодорожный район",95,1,есть,signal,,18227,
2026-10-08T14:27:00+03:00,"городской округ Воронеж, Железнодорожный район",ДТ,1,есть,signal,,18227,
2026-10-08T14:28:00+03:00,"Воронеж, Кольцовская улица, 24Б",100,0,нет,signal,,18227,
2026-10-08T14:28:00+03:00,"Воронеж, Кольцовская улица, 24Б",92,1,есть,signal,,18227,
2026-10-08T14:28:00+03:00,"Воронеж, Кольцовская улица, 24Б",95,1,есть,signal,,18227,
2026-10-08T14:28:00+03:00,"Воронеж, Кольцовская улица, 24Б",ДТ,1,есть,signal,,18227,
2026-10-08T14:28:00+03:00,"Воронежская область, Рамонский район, Яменское сельское поселение",100,0,нет,signal,,18227,
2026-10-08T14:28:00+03:00,"Воронежская область, Рамонский район, Яменское сельское поселение",92,1,есть,signal,,18227,
2026-10-08T14:28:00+03:00,"Воронежская область, Рамонский район, Яменское сельское поселение",ДТ,1,есть,signal,,18227,
2026-10-08T14:28:00+03:00,"Воронежская область, Рамонский район, Яменское сельское поселение, посёлок Солнечный, улица Московское шоссе, 2",100,0,нет,signal,,18227,
2026-10-08T14:28:00+03:00,"Воронежская область, Рамонский район, Яменское сельское поселение, посёлок Солнечный, улица Московское шоссе, 2",92,1,есть,signal,,18227,
2026-10-08T14:28:00+03:00,"Воронежская область, Рамонский район, Яменское сельское поселение, посёлок Солнечный, улица Московское шоссе, 2",ДТ,1,есть,signal,,18227,
2026-10-08T14:29:00+03:00,"Воронеж, Ленинский проспект, 182",100,1,есть,signal,,18227,
2026-10-08T14:29:00+03:00,"Воронеж, Ленинский проспект, 182",92,1,есть,signal,,18227,
2026-10-08T14:29:00+03:00,"Воронеж, Ленинский проспект, 182",95,1,есть,signal,,18227,
2026-10-08T14:29:00+03:00,"Воронеж, Ленинский проспект, 182",ДТ,1,есть,signal,,18227,
2026-10-08T14:29:00+03:00,"Воронеж, улица Антонова-Овсеенко, 35А",100,0,нет,signal,,18227,
2026-10-08T14:29:00+03:00,"Воронеж, улица Антонова-Овсеенко, 35А",92,1,есть,signal,,18227,
2026-10-08T14:29:00+03:00,"Воронеж, улица Антонова-Овсеенко, 35А",95,1,есть,signal,,18227,
2026-10-08T14:29:00+03:00,"Воронеж, улица Антонова-Овсеенко, 35А",ДТ,1,есть,signal,,18227,
2026-10-08T14:30:00+03:00,"Воронеж, Ленинский проспект, 154А",100,0,нет,signal,,18227,
2026-10-08T14:30:00+03:00,"Воронеж, Ленинский проспект, 154А",92,0,нет,signal,,18227,
2026-10-08T14:30:00+03:00,"Воронеж, Ленинский проспект, 154А",95,0,нет,signal,,18227,
2026-10-08T14:30:00+03:00,"Воронеж, Ленинский проспект, 154А",98,1,есть,signal,,18227,
2026-10-08T14:30:00+03:00,"Воронеж, улица Антонова-Овсеенко, 7А",100,0,нет,signal,Нет,18227,
2026-10-08T14:30:00+03:00,"Воронеж, улица Антонова-Овсеенко, 7А",92,1,есть,signal,Нет,18227,
2026-10-08T14:30:00+03:00,"Воронеж, улица Антонова-Овсеенко, 7А",98,0,нет,signal,Нет,18227,
2026-10-08T14:30:00+03:00,"Воронеж, улица Антонова-Овсеенко, 7А",ДТ,1,есть,signal,Нет,18227,
2026-10-08T14:31:00+03:00,"Воронежская область, Новоусманский район, село Бабяково, Транспортная улица",92,1,есть,report,51–100 машин,18236,
2026-10-08T14:31:00+03:00,"Воронежская область, Новоусманский район, село Бабяково, Транспортная улица",92,1,есть,summary,51–100 машин,18195,
2026-10-08T14:31:00+03:00,"Воронежская область, Новоусманский район, село Бабяково, Транспортная улица",95,1,есть,report,51–100 машин,18236,
2026-10-08T14:31:00+03:00,"Воронежская область, Новоусманский район, село Бабяково, Транспортная улица",95,1,есть,summary,51–100 машин,18195,
2026-10-08T14:36:00+03:00,"Воронеж, улица Любы Шевцовой, 36А",100,0,нет,signal,Большая,18227,
2026-10-08T14:36:00+03:00,"Воронеж, улица Любы Шевцовой, 36А",95,0,нет,signal,Большая,18227,
2026-10-08T14:36:00+03:00,"Воронеж, улица Любы Шевцовой, 36А",98,1,есть,signal,Большая,18227,
2026-10-08T14:40:00+03:00,"Воронеж, улица Ворошилова, 16А",95,1,есть,signal,Большая,18227,
2026-10-08T14:40:00+03:00,"Воронеж, улица Ворошилова, 16А",98,0,нет,signal,Большая,18227,
2026-10-08T14:40:00+03:00,"Воронежская область, Новоусманский район, М-4 Дон, 522-й километр",92,1,есть,signal,,18227,
2026-10-08T14:40:00+03:00,"Воронежская область, Новоусманский район, М-4 Дон, 522-й километр",95,1,есть,signal,,18227,
2026-10-08T14:40:00+03:00,"Воронежская область, Семилуки, Воронежская улица, 1",95,1,есть,signal,,18227,
2026-10-08T14:42:00+03:00,"Воронежская область, Новоусманский район, М-4 Дон, 534-й километр, 2",100,0,нет,signal,Большая,18227,
2026-10-08T14:42:00+03:00,"Воронежская область, Новоусманский район, М-4 Дон, 534-й километр, 2",98,1,есть,signal,Большая,18227,
2026-10-08T14:42:00+03:00,"Воронежская область, Новоусманский район, М-4 Дон, 534-й километр, 2",ДТ,1,есть,signal,Большая,18227,
2026-10-08T14:44:00+03:00,"Воронеж, улица Ильюшина, 3А",100,0,нет,signal,,18227,
2026-10-08T14:44:00+03:00,"Воронеж, улица Ильюшина, 3А",92,1,есть,signal,,18227,
2026-10-08T14:44:00+03:00,"Воронеж, улица Ильюшина, 3А",95,0,нет,signal,,18227,
2026-10-08T14:44:00+03:00,"Воронеж, улица Ильюшина, 3А",98,0,нет,signal,,18227,
2026-10-08T14:46:00+03:00,"Воронеж, Солнечная улица, 31Л",92,1,есть,signal,,18227,
2026-10-08T14:46:00+03:00,"Воронеж, Солнечная улица, 31Л",95,0,нет,signal,,18227,
2026-10-08T14:46:00+03:00,"Воронеж, проспект Патриотов, 1А",100,1,есть,signal,Большая,18227,
2026-10-08T14:46:00+03:00,"Воронеж, проспект Патриотов, 1А",92,1,есть,signal,Большая,18227,
2026-10-08T14:46:00+03:00,"Воронеж, проспект Патриотов, 1А",95,0,нет,signal,Большая,18227,
2026-10-08T14:46:00+03:00,"Воронеж, проспект Патриотов, 1А",98,0,нет,signal,Большая,18227,
2026-10-08T14:47:00+03:00,"Воронеж, переулок Отличников, 43А",92,1,есть,signal,,18227,
2026-10-08T14:47:00+03:00,"Воронеж, переулок Отличников, 43А",95,1,есть,signal,,18227,
2026-10-08T14:47:00+03:00,"Воронеж, проспект Труда, 107А",92,1,есть,signal,,18227,
2026-10-08T14:47:00+03:00,"Воронеж, проспект Труда, 107А",95,1,есть,signal,,18227,
2026-10-08T14:48:00+03:00,"Воронеж, Ленинский проспект, 176А",92,1,есть,signal,,18227,
2026-10-08T14:48:00+03:00,"Воронеж, Ленинский проспект, 176А",95,1,есть,signal,,18227,
2026-10-08T14:48:00+03:00,"Воронеж, Ленинский проспект, 182",92,1,есть,signal,,18227,
2026-10-08T14:48:00+03:00,"Воронеж, Ленинский проспект, 182",95,1,есть,signal,,18227,
2026-10-08T14:48:00+03:00,"Воронеж, Солнечная улица, 31Л",92,1,есть,signal,,18227,
2026-10-08T14:48:00+03:00,"Воронеж, Солнечная улица, 31Л",95,1,есть,signal,,18227,
2026-10-08T14:48:00+03:00,"Воронеж, улица Ильюшина, 3А",92,1,есть,signal,,18227,
2026-10-08T14:48:00+03:00,"Воронеж, улица Ильюшина, 3А",95,1,есть,signal,,18227,
2026-10-08T14:48:00+03:00,"Воронеж, улица Хользунова, 99А",92,1,есть,signal,,18227,
2026-10-08T14:48:00+03:00,"Воронеж, улица Хользунова, 99А",95,1,есть,signal,,18227,
2026-10-08T14:48:00+03:00,"Воронежская область, Рамонский район, Яменское сельское поселение, посёлок Солнечный, Парковая улица, 7",92,1,есть,signal,,18227,
2026-10-08T14:48:00+03:00,"Воронежская область, Рамонский район, Яменское сельское поселение, посёлок Солнечный, Парковая улица, 7",95,1,есть,signal,,18227,
2026-10-08T14:48:00+03:00,"Воронежская область, Рамонский район, Яменское сельское поселение, посёлок Солнечный, улица Московское шоссе, 2",95,1,есть,signal,,18227,
2026-10-08T14:49:00+03:00,"Воронеж, Московский проспект, 7А",92,1,есть,signal,,18227,
2026-10-08T14:49:00+03:00,"Воронеж, Московский проспект, 7А",95,1,есть,signal,,18227,
2026-10-08T14:49:00+03:00,"Воронеж, Новосибирская улица, 84Б",92,1,есть,signal,,18227,
2026-10-08T14:49:00+03:00,"Воронеж, Новосибирская улица, 84Б",95,1,есть,signal,,18227,
2026-10-08T14:49:00+03:00,"Воронеж, улица 9 Января, 223А",92,1,есть,signal,,18227,
2026-10-08T14:49:00+03:00,"Воронеж, улица 9 Января, 223А",95,1,есть,signal,,18227,
2026-10-08T14:49:00+03:00,"Воронеж, улица 9 Января, 258А",92,1,есть,signal,,18227,
2026-10-08T14:49:00+03:00,"Воронеж, улица 9 Января, 258А",95,1,есть,signal,,18227,
2026-10-08T14:49:00+03:00,"Воронеж, улица Героев Сибиряков, 1Л",92,1,есть,signal,,18227,
2026-10-08T14:49:00+03:00,"Воронеж, улица Героев Сибиряков, 1Л",95,1,есть,signal,,18227,
2026-10-08T14:49:00+03:00,"Воронеж, улица Героев Сибиряков, 2",92,1,есть,signal,,18227,
2026-10-08T14:49:00+03:00,"Воронеж, улица Героев Сибиряков, 2",95,1,есть,signal,,18227,
2026-10-08T14:49:00+03:00,"Воронеж, улица Хользунова, 120",92,1,есть,signal,,18227,
2026-10-08T14:49:00+03:00,"Воронеж, улица Хользунова, 120",95,1,есть,signal,,18227,
2026-10-08T14:49:00+03:00,"Воронежская область, Новоусманский район, М-4 Дон, 531-й километр, 1",92,1,есть,signal,,18227,
2026-10-08T14:49:00+03:00,"Воронежская область, Новоусманский район, М-4 Дон, 531-й километр, 1",95,1,есть,signal,,18227,
2026-10-08T14:49:00+03:00,"Воронежская область, Новоусманский район, М-4 Дон, 534-й километр, 2",92,1,есть,signal,,18227,
2026-10-08T14:49:00+03:00,"Воронежская область, Новоусманский район, М-4 Дон, 534-й километр, 2",95,1,есть,signal,,18227,
2026-10-08T14:49:00+03:00,"Воронежская область, Рамонский район, Яменское сельское поселение",92,1,есть,signal,,18227,
2026-10-08T14:49:00+03:00,"Воронежская область, Рамонский район, Яменское сельское поселение",95,1,есть,signal,,18227,
2026-10-08T14:50:00+03:00,"Воронеж, проспект Патриотов, 1А",92,1,есть,signal,,18227,
2026-10-08T14:50:00+03:00,"Воронеж, проспект Патриотов, 1А",95,1,есть,signal,,18227,
2026-10-08T14:50:00+03:00,"Воронеж, улица 9 Января, 245А",92,1,есть,signal,,18227,
2026-10-08T14:50:00+03:00,"Воронеж, улица 9 Января, 245А",95,1,есть,signal,,18227,
2026-10-08T14:50:00+03:00,"Воронеж, улица Антонова-Овсеенко, 7А",92,1,есть,signal,,18227,
2026-10-08T14:50:00+03:00,"Воронеж, улица Антонова-Овсеенко, 7А",95,1,есть,signal,,18227,
2026-10-08T14:50:00+03:00,"Воронеж, улица Землячки, 7А",92,1,есть,signal,,18227,
2026-10-08T14:50:00+03:00,"Воронеж, улица Землячки, 7А",95,1,есть,signal,,18227,
2026-10-08T14:50:00+03:00,"Воронеж, улица Любы Шевцовой, 36А",92,1,есть,signal,,18227,
2026-10-08T14:50:00+03:00,"Воронеж, улица Любы Шевцовой, 36А",95,1,есть,signal,,18227,
2026-10-08T14:50:00+03:00,"Воронежская область, село Новая Усмань, улица Ленина, 313/2",92,1,есть,signal,,18227,
2026-10-08T14:50:00+03:00,"Воронежская область, село Новая Усмань, улица Ленина, 313/2",95,1,есть,signal,,18227,
2026-10-08T14:51:00+03:00,"Воронеж, Дорожная улица, 19А",92,1,есть,signal,,18227,
2026-10-08T14:51:00+03:00,"Воронеж, Дорожная улица, 19А",95,1,есть,signal,,18227,
2026-10-08T14:51:00+03:00,"Воронеж, Московский проспект, 4А",92,1,есть,signal,,18227,
2026-10-08T14:51:00+03:00,"Воронеж, Московский проспект, 4А",95,1,есть,signal,,18227,
2026-10-08T14:51:00+03:00,"Воронеж, улица 45-й Стрелковой Дивизии, 238",92,1,есть,signal,,18227,
2026-10-08T14:51:00+03:00,"Воронеж, улица 45-й Стрелковой Дивизии, 238",95,1,есть,signal,,18227,
2026-10-08T14:51:00+03:00,"Воронеж, улица Антонова-Овсеенко, 35А",92,1,есть,signal,,18227,
2026-10-08T14:51:00+03:00,"Воронеж, улица Антонова-Овсеенко, 35А",95,1,есть,signal,,18227,
2026-10-08T14:51:00+03:00,"Воронеж, улица Ворошилова",92,1,есть,signal,,18227,
2026-10-08T14:51:00+03:00,"Воронеж, улица Ворошилова",95,1,есть,signal,,18227,
2026-10-08T14:51:00+03:00,"Воронеж, улица Димитрова, 140Д",92,1,есть,signal,,18227,
2026-10-08T14:51:00+03:00,"Воронеж, улица Димитрова, 140Д",95,1,есть,signal,,18227,
2026-10-08T14:51:00+03:00,"Воронеж, улица Космонавтов, 6А",92,1,есть,signal,,18227,
2026-10-08T14:51:00+03:00,"Воронеж, улица Космонавтов, 6А",95,1,есть,signal,,18227,
2026-10-08T14:51:00+03:00,"Воронеж, улица Рылеева, 22Н",92,1,есть,signal,,18227,
2026-10-08T14:51:00+03:00,"Воронеж, улица Рылеева, 22Н",95,1,есть,signal,,18227,
2026-10-08T14:51:00+03:00,"Воронеж, улица Чебышева, 13/1",92,1,есть,signal,,18227,
2026-10-08T14:51:00+03:00,"Воронеж, улица Чебышева, 13/1",95,1,есть,signal,,18227,
2026-10-08T14:51:00+03:00,"Воронежская область, Новоусманский район, Рогачёвское сельское поселение",92,1,есть,signal,,18227,
2026-10-08T14:51:00+03:00,"Воронежская область, Новоусманский район, Рогачёвское сельское поселение",95,1,есть,signal,,18227,
2026-10-08T14:51:00+03:00,"Воронежская область, Рамонский район, М-4 Дон, 485-й километр, 1",92,1,есть,signal,,18227,
2026-10-08T14:51:00+03:00,"Воронежская область, Рамонский район, М-4 Дон, 485-й километр, 1",95,1,есть,signal,,18227,
2026-10-08T14:52:00+03:00,"Воронеж, Спокойный переулок, 24А",92,1,есть,signal,,18227,
2026-10-08T14:52:00+03:00,"Воронеж, Спокойный переулок, 24А",95,1,есть,signal,,18227,
2026-10-08T14:52:00+03:00,"Воронеж, набережная Максима Горького, 33А",92,1,есть,signal,,18227,
2026-10-08T14:52:00+03:00,"Воронеж, набережная Максима Горького, 33А",95,1,есть,signal,,18227,
2026-10-08T14:52:00+03:00,"Воронеж, проспект Патриотов, 69",92,1,есть,signal,,18227,
2026-10-08T14:52:00+03:00,"Воронеж, проспект Патриотов, 69",95,1,есть,signal,,18227,
2026-10-08T14:52:00+03:00,"Воронеж, улица Димитрова, 163",92,1,есть,signal,,18227,
2026-10-08T14:52:00+03:00,"Воронеж, улица Димитрова, 163",95,1,есть,signal,,18227,
2026-10-08T14:52:00+03:00,"Воронежская область, рабочий посёлок Рамонь, Воронежская улица, 19А",92,1,есть,signal,,18227,
2026-10-08T14:52:00+03:00,"Воронежская область, рабочий посёлок Рамонь, Воронежская улица, 19А",95,1,есть,signal,,18227,
2026-10-08T14:53:00+03:00,"Воронеж, Острогожская улица, 144",92,1,есть,signal,,18227,
2026-10-08T14:53:00+03:00,"Воронеж, Острогожская улица, 144",95,1,есть,signal,,18227,
2026-10-08T14:53:00+03:00,"Воронеж, Холмистая улица, 66",92,1,есть,signal,,18227,
2026-10-08T14:53:00+03:00,"Воронеж, Холмистая улица, 66",95,1,есть,signal,,18227,
2026-10-08T15:10:00+03:00,"Воронеж, улица Космонавтов, 6А",92,1,есть,signal,,18239,
2026-10-08T15:10:00+03:00,"Воронеж, улица Космонавтов, 6А",95,1,есть,signal,,18239,
2026-10-08T15:10:00+03:00,"Воронеж, улица Остужева, 37",92,1,есть,signal,,18239,
2026-10-08T15:10:00+03:00,"Воронеж, улица Остужева, 37",95,1,есть,signal,,18239,
2026-10-08T15:11:00+03:00,"Воронеж, Московский проспект, 144",92,1,есть,signal,,18239,
2026-10-08T15:11:00+03:00,"Воронеж, Московский проспект, 144",95,1,есть,signal,,18239,
2026-10-08T15:11:00+03:00,"Воронеж, улица Димитрова, 140Д",92,1,есть,signal,,18239,
2026-10-08T15:11:00+03:00,"Воронеж, улица Димитрова, 140Д",95,1,есть,signal,,18239,
2026-10-08T15:11:00+03:00,"Воронеж, улица Димитрова, 163",92,1,есть,signal,,18239,
2026-10-08T15:11:00+03:00,"Воронеж, улица Димитрова, 163",95,1,есть,signal,,18239,
2026-10-08T15:11:00+03:00,"Воронеж, улица Степана Солодовникова, 6",92,1,есть,signal,,18239,
2026-10-08T15:11:00+03:00,"Воронеж, улица Степана Солодовникова, 6",95,1,есть,signal,,18239,
2026-10-08T15:11:00+03:00,"Воронеж, улица Урицкого, 58А",92,1,есть,signal,,18239,
2026-10-08T15:11:00+03:00,"Воронеж, улица Урицкого, 58А",95,1,есть,signal,,18239,
2026-10-08T15:11:00+03:00,"Воронеж, улица Хользунова, 99А",92,1,есть,signal,Большая,18239,
2026-10-08T15:11:00+03:00,"Воронеж, улица Хользунова, 99А",95,1,есть,signal,Большая,18239,
2026-10-08T15:11:00+03:00,"Воронежская область, Рамонский район, М-4 Дон, 485-й километр, 1",92,1,есть,signal,,18239,
2026-10-08T15:11:00+03:00,"Воронежская область, Рамонский район, М-4 Дон, 485-й километр, 1",95,1,есть,signal,,18239,
2026-10-08T15:12:00+03:00,"Воронеж, Дорожная улица, 19А",92,1,есть,signal,,18239,
2026-10-08T15:12:00+03:00,"Воронеж, Дорожная улица, 19А",95,1,есть,signal,,18239,
2026-10-08T15:12:00+03:00,"Воронеж, Ленинский проспект, 182",92,1,есть,signal,,18239,
2026-10-08T15:12:00+03:00,"Воронеж, Ленинский проспект, 182",95,1,есть,signal,,18239,
2026-10-08T15:12:00+03:00,"Воронеж, Московский проспект, 4А",92,1,есть,signal,,18239,
2026-10-08T15:12:00+03:00,"Воронеж, Московский проспект, 4А",95,1,есть,signal,,18239,
2026-10-08T15:12:00+03:00,"Воронеж, улица 45-й Стрелковой Дивизии, 238",92,1,есть,signal,,18239,
2026-10-08T15:12:00+03:00,"Воронеж, улица 45-й Стрелковой Дивизии, 238",95,1,есть,signal,,18239,
2026-10-08T15:12:00+03:00,"Воронеж, улица Землячки, 7А",92,1,есть,report,Очередь в пределах заправки,18240,
2026-10-08T15:12:00+03:00,"Воронеж, улица Землячки, 7А",92,1,есть,summary,в пределах заправки,18237,
2026-10-08T15:12:00+03:00,"Воронеж, улица Землячки, 7А",95,0,больше нет,report,Очередь в пределах заправки,18240,
2026-10-08T15:12:00+03:00,"Воронеж, улица Землячки, 7А",95,0,нет,summary,в пределах заправки,18237,
2026-10-08T15:12:00+03:00,"Воронеж, улица Ильюшина, 3А",92,1,есть,signal,,18239,
2026-10-08T15:12:00+03:00,"Воронеж, улица Ильюшина, 3А",95,1,есть,signal,,18239,
2026-10-08T15:12:00+03:00,"Воронеж, улица Остужева, 51",92,1,есть,signal,,18239,
2026-10-08T15:12:00+03:00,"Воронежская область, Новоусманский район, М-4 Дон, 534-й километр, 2",92,1,есть,signal,,18239,
2026-10-08T15:12:00+03:00,"Воронежская область, Новоусманский район, М-4 Дон, 534-й километр, 2",95,1,есть,signal,,18239,
2026-10-08T15:12:00+03:00,"Воронежская область, Рамонский район, Айдаровское сельское поселение, село Чертовицы, улица Мира, 1",92,1,есть,signal,,18239,
2026-10-08T15:12:00+03:00,"Воронежская область, Рамонский район, Айдаровское сельское поселение, село Чертовицы, улица Мира, 1",95,1,есть,signal,,18239,
2026-10-08T15:12:00+03:00,"Воронежская область, Рамонский район, Яменское сельское поселение, посёлок Солнечный, Парковая улица, 7",92,1,есть,signal,,18239,
2026-10-08T15:12:00+03:00,"Воронежская область, Рамонский район, Яменское сельское поселение, посёлок Солнечный, Парковая улица, 7",95,1,есть,signal,,18239,
2026-10-08T15:13:00+03:00,"Воронеж, Московский проспект, 129/2",92,1,есть,signal,,18239,
2026-10-08T15:13:00+03:00,"Воронеж, Московский проспект, 129/2",95,1,есть,signal,,18239,
2026-10-08T15:13:00+03:00,"Воронеж, Московский проспект, 84",92,1,есть,signal,,18239,
2026-10-08T15:13:00+03:00,"Воронеж, Московский проспект, 84",95,1,есть,signal,,18239,
2026-10-08T15:13:00+03:00,"Воронеж, Острогожская улица, 144",92,1,есть,signal,,18239,
2026-10-08T15:13:00+03:00,"Воронеж, Острогожская улица, 144",95,1,есть,signal,,18239,
2026-10-08T15:13:00+03:00,"Воронеж, Спокойный переулок, 24А",92,1,есть,signal,,18239,
2026-10-08T15:13:00+03:00,"Воронеж, Спокойный переулок, 24А",95,1,есть,signal,,18239,
2026-10-08T15:13:00+03:00,"Воронеж, улица 9 Января, 245А",92,1,есть,signal,,18239,
2026-10-08T15:13:00+03:00,"Воронеж, улица 9 Января, 245А",95,1,есть,signal,,18239,
2026-10-08T15:13:00+03:00,"Воронеж, улица Антонова-Овсеенко, 35А",92,1,есть,signal,,18239,
2026-10-08T15:13:00+03:00,"Воронеж, улица Антонова-Овсеенко, 35А",95,1,есть,signal,,18239,
2026-10-08T15:13:00+03:00,"Воронеж, улица Героев Сибиряков, 1Л",92,1,есть,signal,,18239,
2026-10-08T15:13:00+03:00,"Воронеж, улица Героев Сибиряков, 1Л",95,1,есть,signal,,18239,
2026-10-08T15:13:00+03:00,"Воронежская область, Рамонский район, Горожанское сельское поселение",92,1,есть,signal,,18239,
2026-10-08T15:13:00+03:00,"Воронежская область, Рамонский район, Горожанское сельское поселение",95,1,есть,signal,,18239,
2026-10-08T15:13:00+03:00,"Воронежская область, Рамонский район, Яменское сельское поселение",92,1,есть,signal,,18239,
2026-10-08T15:13:00+03:00,"Воронежская область, Рамонский район, Яменское сельское поселение",95,1,есть,signal,,18239,
2026-10-08T15:13:00+03:00,"Воронежская область, Рамонский район, Яменское сельское поселение, посёлок Солнечный, улица Московское шоссе, 2",95,1,есть,signal,,18239,
2026-10-08T15:13:00+03:00,"городской округ Воронеж, Железнодорожный район",95,1,есть,signal,,18239,
2026-10-08T15:14:00+03:00,"Воронеж, Ленинский проспект, 154А",92,1,есть,signal,,18239,
2026-10-08T15:14:00+03:00,"Воронеж, Ленинский проспект, 154А",95,1,есть,signal,,18239,
2026-10-08T15:14:00+03:00,"Воронеж, проспект Патриотов, 1А",92,1,есть,signal,,18239,
2026-10-08T15:14:00+03:00,"Воронеж, проспект Патриотов, 1А",95,1,есть,signal,,18239,
2026-10-08T15:14:00+03:00,"Воронеж, улица Антонова-Овсеенко, 7А",92,1,есть,signal,Нет,18239,
2026-10-08T15:14:00+03:00,"Воронеж, улица Антонова-Овсеенко, 7А",95,1,есть,signal,Нет,18239,
2026-10-08T15:14:00+03:00,"Воронеж, улица Любы Шевцовой, 36А",92,1,есть,signal,,18239,
2026-10-08T15:14:00+03:00,"Воронеж, улица Любы Шевцовой, 36А",95,1,есть,signal,,18239,
2026-10-08T15:14:00+03:00,"Воронежская область, Семилукский район, Девицкое сельское поселение",92,1,есть,signal,,18239,
2026-10-08T15:14:00+03:00,"Воронежская область, Семилукский район, Девицкое сельское поселение",95,1,есть,signal,,18239,
2026-10-08T15:15:00+03:00,"Воронеж, переулок Отличников, 43А",92,1,есть,signal,,18239,
2026-10-08T15:15:00+03:00,"Воронеж, переулок Отличников, 43А",95,1,есть,signal,,18239,
2026-10-08T15:15:00+03:00,"Воронеж, улица Чебышева, 13/1",92,1,есть,signal,,18239,
2026-10-08T15:15:00+03:00,"Воронеж, улица Чебышева, 13/1",95,1,есть,signal,,18239,
2026-10-08T15:15:00+03:00,"Воронежская область, Новоусманский район, М-4 Дон, 531-й километр, 1",92,1,есть,signal,,18239,
2026-10-08T15:15:00+03:00,"Воронежская область, Новоусманский район, М-4 Дон, 531-й километр, 1",95,1,есть,signal,,18239,
2026-10-08T15:15:00+03:00,"Воронежская область, рабочий посёлок Рамонь, Воронежская улица, 19А",92,1,есть,signal,,18239,
2026-10-08T15:15:00+03:00,"Воронежская область, рабочий посёлок Рамонь, Воронежская улица, 19А",95,1,есть,signal,,18239,
2026-10-08T15:15:00+03:00,"Воронежская область, село Новая Усмань, Дорожная улица, 31",92,1,есть,signal,,18239,
2026-10-08T15:15:00+03:00,"Воронежская область, село Новая Усмань, Дорожная улица, 31",95,1,есть,signal,,18239,
2026-10-08T15:21:00+03:00,"Воронеж, Волгоградская улица, 41",92,1,есть,signal,,18239,
2026-10-08T15:21:00+03:00,"Воронеж, Волгоградская улица, 41",95,1,есть,signal,,18239,
2026-10-08T15:21:00+03:00,"Воронеж, Ленинградская улица, 29В",92,1,есть,signal,,18239,
2026-10-08T15:21:00+03:00,"Воронеж, Ленинградская улица, 29В",95,1,есть,signal,,18239,
2026-10-08T15:21:00+03:00,"Воронеж, Новосибирская улица, 84Б",92,1,есть,signal,,18239,
2026-10-08T15:21:00+03:00,"Воронеж, Новосибирская улица, 84Б",95,1,есть,signal,,18239,
2026-10-08T15:21:00+03:00,"Воронеж, проспект Патриотов, 1А",92,1,есть,signal,,18239,
2026-10-08T15:21:00+03:00,"Воронеж, проспект Патриотов, 1А",95,1,есть,signal,,18239,
2026-10-08T15:21:00+03:00,"Воронеж, проспект Патриотов, 42А",92,1,есть,signal,Большая,18239,
2026-10-08T15:21:00+03:00,"Воронеж, проспект Патриотов, 42А",95,1,есть,signal,Большая,18239,
2026-10-08T15:21:00+03:00,"Воронеж, проспект Труда, 107А",92,1,есть,signal,,18239,
2026-10-08T15:21:00+03:00,"Воронеж, проспект Труда, 107А",95,1,есть,signal,,18239,
2026-10-08T15:21:00+03:00,"Воронеж, улица 9 Января, 245А",92,1,есть,signal,,18239,
2026-10-08T15:21:00+03:00,"Воронеж, улица 9 Января, 245А",95,1,есть,signal,,18239,
2026-10-08T15:21:00+03:00,"Воронеж, улица 9 Января, 258А",92,1,есть,signal,,18239,
2026-10-08T15:21:00+03:00,"Воронеж, улица 9 Января, 258А",95,1,есть,signal,,18239,
2026-10-08T15:21:00+03:00,"Воронеж, улица Димитрова, 163",92,1,есть,signal,,18239,
2026-10-08T15:21:00+03:00,"Воронеж, улица Димитрова, 163",95,1,есть,signal,,18239,
2026-10-08T15:21:00+03:00,"Воронеж, улица Ильюшина, 17",92,1,есть,signal,,18239,
2026-10-08T15:21:00+03:00,"Воронеж, улица Ильюшина, 3А",92,1,есть,signal,,18239,
2026-10-08T15:21:00+03:00,"Воронеж, улица Ильюшина, 3А",95,1,есть,signal,,18239,
2026-10-08T15:22:00+03:00,"Воронеж, Дорожная улица, 1Б",92,1,есть,signal,,18239,
2026-10-08T15:22:00+03:00,"Воронеж, Дорожная улица, 1Б",95,1,есть,signal,,18239,
2026-10-08T15:22:00+03:00,"Воронеж, Кольцовская улица, 24Б",92,1,есть,signal,,18239,
2026-10-08T15:22:00+03:00,"Воронеж, Кольцовская улица, 24Б",95,1,есть,signal,,18239,
2026-10-08T15:22:00+03:00,"Воронеж, Ленинский проспект, 176А",92,1,есть,signal,,18239,
2026-10-08T15:22:00+03:00,"Воронеж, Ленинский проспект, 176А",95,1,есть,signal,,18239,
2026-10-08T15:22:00+03:00,"Воронеж, Острогожская улица, 144",92,1,есть,signal,,18239,
2026-10-08T15:22:00+03:00,"Воронеж, Острогожская улица, 144",95,1,есть,signal,,18239,
2026-10-08T15:22:00+03:00,"Воронеж, Солнечная улица, 31Л",92,1,есть,signal,,18239,
2026-10-08T15:22:00+03:00,"Воронеж, Солнечная улица, 31Л",95,1,есть,signal,,18239,
2026-10-08T15:22:00+03:00,"Воронеж, Спокойный переулок, 24А",92,1,есть,signal,Большая,18239,
2026-10-08T15:22:00+03:00,"Воронеж, Спокойный переулок, 24А",95,1,есть,signal,Большая,18239,
2026-10-08T15:22:00+03:00,"Воронеж, проспект Патриотов, 69",92,1,есть,signal,,18239,
2026-10-08T15:22:00+03:00,"Воронеж, проспект Патриотов, 69",95,1,есть,signal,,18239,
2026-10-08T15:22:00+03:00,"Воронеж, улица Антонова-Овсеенко, 7А",92,1,есть,signal,,18239,
2026-10-08T15:22:00+03:00,"Воронеж, улица Антонова-Овсеенко, 7А",95,1,есть,signal,,18239,
2026-10-08T15:22:00+03:00,"Воронежская область, Семилуки, Транспортная улица, 18А",92,1,есть,signal,,18239,
2026-10-08T15:22:00+03:00,"Воронежская область, Семилуки, Транспортная улица, 18А",95,1,есть,signal,,18239,
2026-10-08T15:23:00+03:00,"Воронеж, Ленинский проспект, 154А",92,1,есть,signal,,18239,
2026-10-08T15:23:00+03:00,"Воронеж, Ленинский проспект, 154А",95,1,есть,signal,,18239,
2026-10-08T15:23:00+03:00,"Воронеж, Ленинский проспект, 182",92,1,есть,signal,Большая,18239,
2026-10-08T15:23:00+03:00,"Воронеж, Ленинский проспект, 182",95,1,есть,signal,Большая,18239,
2026-10-08T15:23:00+03:00,"Воронеж, Московский проспект, 4А",92,1,есть,signal,,18239,
2026-10-08T15:23:00+03:00,"Воронеж, Московский проспект, 4А",95,1,есть,signal,,18239,
2026-10-08T15:23:00+03:00,"Воронеж, Новосибирская улица, 2А",92,1,есть,signal,,18239,
2026-10-08T15:23:00+03:00,"Воронеж, Новосибирская улица, 2А",95,1,есть,signal,,18239,
2026-10-08T15:23:00+03:00,"Воронеж, улица Героев Сибиряков, 2",92,1,есть,signal,,18239,
2026-10-08T15:23:00+03:00,"Воронеж, улица Героев Сибиряков, 2",95,1,есть,signal,,18239,
2026-10-08T15:23:00+03:00,"Воронеж, улица Космонавтов, 6А",92,1,есть,signal,,18239,
2026-10-08T15:23:00+03:00,"Воронеж, улица Космонавтов, 6А",95,1,есть,signal,,18239,
2026-10-08T15:23:00+03:00,"Воронеж, улица Любы Шевцовой, 36А",92,1,есть,signal,,18239,
2026-10-08T15:23:00+03:00,"Воронеж, улица Любы Шевцовой, 36А",95,1,есть,signal,,18239,
2026-10-08T15:23:00+03:00,"Воронеж, улица Остужева, 51",92,1,есть,signal,,18239,
2026-10-08T15:23:00+03:00,"Воронеж, улица Хользунова, 99А",92,1,есть,signal,,18239,
2026-10-08T15:23:00+03:00,"Воронеж, улица Хользунова, 99А",95,1,есть,signal,,18239,
2026-10-08T15:23:00+03:00,"Воронежская область, Рамонский район, Горожанское сельское поселение",92,1,есть,signal,,18239,
2026-10-08T15:23:00+03:00,"Воронежская область, Рамонский район, Горожанское сельское поселение",95,1,есть,signal,,18239,
2026-10-08T15:23:00+03:00,"Воронежская область, Рамонский район, М-4 Дон, 485-й километр, 1",92,1,есть,signal,,18239,
2026-10-08T15:23:00+03:00,"Воронежская область, Рамонский район, М-4 Дон, 485-й километр, 1",95,1,есть,signal,,18239,
2026-10-08T15:23:00+03:00,"Воронежская область, Рамонский район, Яменское сельское поселение, посёлок Солнечный, улица Московское шоссе, 2",95,1,есть,signal,,18239,
2026-10-08T15:23:00+03:00,"Воронежская область, село Новая Усмань, Дорожная улица, 31",92,1,есть,signal,Большая,18239,
2026-10-08T15:23:00+03:00,"Воронежская область, село Новая Усмань, Дорожная улица, 31",95,1,есть,signal,Большая,18239,
2026-10-08T15:23:00+03:00,"Воронежская область, село Семилуки, улица Щеголевых, 59",95,1,есть,signal,,18239,
2026-10-08T15:24:00+03:00,"Воронеж, Дорожная улица, 19А",92,1,есть,signal,,18239,
2026-10-08T15:24:00+03:00,"Воронеж, Дорожная улица, 19А",95,1,есть,signal,,18239,
2026-10-08T15:24:00+03:00,"Воронеж, Московский проспект, 84",92,1,есть,signal,,18239,
2026-10-08T15:24:00+03:00,"Воронеж, Московский проспект, 84",95,1,есть,signal,,18239,
2026-10-08T15:24:00+03:00,"Воронеж, переулок Отличников, 43А",92,1,есть,signal,,18239,
2026-10-08T15:24:00+03:00,"Воронеж, переулок Отличников, 43А",95,1,есть,signal,,18239,
2026-10-08T15:24:00+03:00,"Воронеж, улица Чебышева, 13/1",92,1,есть,signal,,18239,
2026-10-08T15:24:00+03:00,"Воронеж, улица Чебышева, 13/1",95,1,есть,signal,,18239,
2026-10-08T15:24:00+03:00,"Воронежская область, село Новая Усмань, улица Ленина, 313/2",92,1,есть,signal,,18239,
2026-10-08T15:24:00+03:00,"Воронежская область, село Новая Усмань, улица Ленина, 313/2",95,1,есть,signal,,18239,
2026-10-08T15:25:00+03:00,"Воронеж, Московский проспект, 144",92,1,есть,signal,,18239,
2026-10-08T15:25:00+03:00,"Воронеж, Московский проспект, 144",95,1,есть,signal,,18239,
2026-10-08T15:25:00+03:00,"Воронеж, улица Урицкого, 58А",92,1,есть,signal,,18239,
2026-10-08T15:25:00+03:00,"Воронеж, улица Урицкого, 58А",95,1,есть,signal,,18239,
2026-10-08T15:25:00+03:00,"Воронежская область, Рамонский район, Айдаровское сельское поселение, село Чертовицы, улица Мира, 1",95,1,есть,signal,,18239,
2026-10-08T15:25:00+03:00,"Воронежская область, Рамонский район, Яменское сельское поселение",92,1,есть,signal,,18239,
2026-10-08T15:25:00+03:00,"Воронежская область, Рамонский район, Яменское сельское поселение",95,1,есть,signal,,18239,
2026-10-08T15:26:00+03:00,"Воронежская область, рабочий посёлок Рамонь, Воронежская улица, 19А",100,0,больше нет,report,от въезда,18241,
2026-10-08T15:26:00+03:00,"Воронежская область, рабочий посёлок Рамонь, Воронежская улица, 19А",100,0,нет,summary,от въезда,18237,
2026-10-08T15:26:00+03:00,"Воронежская область, рабочий посёлок Рамонь, Воронежская улица, 19А",92,1,есть,report,от въезда,18241,
2026-10-08T15:26:00+03:00,"Воронежская область, рабочий посёлок Рамонь, Воронежская улица, 19А",92,1,есть,summary,от въезда,18237,
2026-10-08T15:26:00+03:00,"Воронежская область, рабочий посёлок Рамонь, Воронежская улица, 19А",95,0,больше нет,report,от въезда,18241,
2026-10-08T15:26:00+03:00,"Воронежская область, рабочий посёлок Рамонь, Воронежская улица, 19А",95,0,нет,summary,от въезда,18237,
2026-10-08T15:26:00+03:00,"Воронежская область, рабочий посёлок Рамонь, Воронежская улица, 19А",95+,0,больше нет,report,от въезда,18241,
2026-10-08T15:26:00+03:00,"Воронежская область, рабочий посёлок Рамонь, Воронежская улица, 19А",95+,0,нет,summary,от въезда,18237,
2026-10-08T15:26:00+03:00,"Воронежская область, рабочий посёлок Рамонь, Воронежская улица, 19А",98,0,больше нет,report,от въезда,18241,
2026-10-08T15:26:00+03:00,"Воронежская область, рабочий посёлок Рамонь, Воронежская улица, 19А",98,0,нет,summary,от въезда,18237,
2026-10-08T15:33:00+03:00,"Воронежская область, Новоусманский район, М-4 Дон, 534-й километр, 1",92,1,есть,signal,,18239,
2026-10-08T15:33:00+03:00,"Воронежская область, Новоусманский район, М-4 Дон, 534-й километр, 1",95,1,есть,signal,,18239,
2026-10-08T15:34:00+03:00,"Воронеж, Волгоградская улица, 41",92,1,есть,signal,,18239,
2026-10-08T15:34:00+03:00,"Воронеж, Волгоградская улица, 41",95,1,есть,signal,,18239,
2026-10-08T15:34:00+03:00,"Воронеж, Кольцовская улица, 24Б",92,1,есть,signal,,18239,
2026-10-08T15:34:00+03:00,"Воронеж, Кольцовская улица, 24Б",95,1,есть,signal,,18239,
2026-10-08T15:34:00+03:00,"Воронеж, Московский проспект, 84",92,1,есть,signal,,18239,
2026-10-08T15:34:00+03:00,"Воронеж, Московский проспект, 84",95,1,есть,signal,,18239,
2026-10-08T15:34:00+03:00,"Воронеж, Новосибирская улица, 13Д",92,1,есть,signal,,18239,
2026-10-08T15:34:00+03:00,"Воронеж, Новосибирская улица, 13Д",95,1,есть,signal,,18239,
2026-10-08T15:34:00+03:00,"Воронеж, Холмистая улица, 62",92,1,есть,signal,,18239,
2026-10-08T15:34:00+03:00,"Воронеж, Холмистая улица, 62",95,1,есть,signal,,18239,
2026-10-08T15:34:00+03:00,"Воронеж, Холмистая улица, 66",92,1,есть,signal,,18239,
2026-10-08T15:34:00+03:00,"Воронеж, Холмистая улица, 66",95,1,есть,signal,,18239,
2026-10-08T15:34:00+03:00,"Воронеж, проспект Патриотов, 1А",92,1,есть,signal,,18239,
2026-10-08T15:34:00+03:00,"Воронеж, проспект Патриотов, 1А",95,1,есть,signal,,18239,
2026-10-08T15:34:00+03:00,"Воронеж, улица 9 Января, 223А",92,1,есть,signal,,18239,
2026-10-08T15:34:00+03:00,"Воронеж, улица 9 Января, 223А",95,1,есть,signal,,18239,
2026-10-08T15:34:00+03:00,"Воронеж, улица Свободы, 79Б",92,1,есть,signal,,18239,
2026-10-08T15:34:00+03:00,"Воронеж, улица Свободы, 79Б",95,1,есть,signal,,18239,
2026-10-08T15:34:00+03:00,"Воронежская область, Новоусманский район, М-4 Дон, 518-й километр, 2",92,1,есть,signal,,18239,
2026-10-08T15:34:00+03:00,"Воронежская область, Новоусманский район, М-4 Дон, 540-й километр, 6",92,1,есть,signal,,18239,
2026-10-08T15:34:00+03:00,"Воронежская область, Новоусманский район, М-4 Дон, 540-й километр, 6",95,1,есть,signal,,18239,
2026-10-08T15:34:00+03:00,"Воронежская область, Новоусманский район, Рогачёвское сельское поселение",92,1,есть,signal,,18239,
2026-10-08T15:34:00+03:00,"Воронежская область, Новоусманский район, Рогачёвское сельское поселение",95,1,есть,signal,,18239,
2026-10-08T15:34:00+03:00,"Воронежская область, Рамонский район, Айдаровское сельское поселение, село Чертовицы, улица Мира, 1",95,1,есть,signal,,18239,
2026-10-08T15:34:00+03:00,"Воронежская область, Рамонский район, Яменское сельское поселение, посёлок Солнечный, улица Московское шоссе, 2",92,1,есть,signal,,18239,
2026-10-08T15:34:00+03:00,"Воронежская область, Рамонский район, Яменское сельское поселение, посёлок Солнечный, улица Московское шоссе, 2",95,1,есть,signal,,18239,
2026-10-08T15:35:00+03:00,"Воронеж, Дорожная улица, 1Б",92,1,есть,signal,,18239,
2026-10-08T15:35:00+03:00,"Воронеж, Дорожная улица, 1Б",95,1,есть,signal,,18239,
2026-10-08T15:35:00+03:00,"Воронеж, Ленинский проспект, 154А",92,1,есть,signal,,18239,
2026-10-08T15:35:00+03:00,"Воронеж, Ленинский проспект, 154А",95,1,есть,signal,,18239,
2026-10-08T15:35:00+03:00,"Воронеж, Ленинский проспект, 176А",92,1,есть,signal,,18239,
2026-10-08T15:35:00+03:00,"Воронеж, Ленинский проспект, 176А",95,1,есть,signal,,18239,
2026-10-08T15:35:00+03:00,"Воронеж, Новосибирская улица, 2А",92,1,есть,signal,,18239,
2026-10-08T15:35:00+03:00,"Воронеж, Новосибирская улица, 2А",95,1,есть,signal,,18239,
2026-10-08T15:35:00+03:00,"Воронеж, набережная Максима Горького, 33А",92,1,есть,signal,,18239,
2026-10-08T15:35:00+03:00,"Воронеж, набережная Максима Горького, 33А",95,1,есть,signal,,18239,
2026-10-08T15:35:00+03:00,"Воронеж, проспект Патриотов, 42А",92,1,есть,signal,,18239,
2026-10-08T15:35:00+03:00,"Воронеж, проспект Патриотов, 42А",95,1,есть,signal,,18239,
2026-10-08T15:35:00+03:00,"Воронеж, улица Остужева, 35",92,1,есть,signal,,18239,
2026-10-08T15:35:00+03:00,"Воронеж, улица Остужева, 35",95,1,есть,signal,,18239,
2026-10-08T15:35:00+03:00,"Воронеж, улица Рылеева, 22Н",92,1,есть,signal,,18239,
2026-10-08T15:35:00+03:00,"Воронеж, улица Рылеева, 22Н",95,1,есть,signal,,18239,
2026-10-08T15:35:00+03:00,"Воронеж, улица Чебышева, 13/1",92,1,есть,signal,,18239,
2026-10-08T15:35:00+03:00,"Воронеж, улица Чебышева, 13/1",95,1,есть,signal,,18239,
2026-10-08T15:36:00+03:00,"Воронеж, Ленинский проспект, 182",92,1,есть,signal,Большая,18239,
2026-10-08T15:36:00+03:00,"Воронеж, Ленинский проспект, 182",95,1,есть,signal,Большая,18239,
2026-10-08T15:36:00+03:00,"Воронеж, Московский проспект, 129/2",92,1,есть,signal,,18239,
2026-10-08T15:36:00+03:00,"Воронеж, Московский проспект, 129/2",95,1,есть,signal,,18239,
2026-10-08T15:36:00+03:00,"Воронеж, Московский проспект, 144",92,1,есть,signal,,18239,
2026-10-08T15:36:00+03:00,"Воронеж, Московский проспект, 144",95,1,есть,signal,,18239,
2026-10-08T15:36:00+03:00,"Воронеж, Острогожская улица, 144",92,1,есть,signal,,18239,
2026-10-08T15:36:00+03:00,"Воронеж, Острогожская улица, 144",95,1,есть,signal,,18239,
2026-10-08T15:36:00+03:00,"Воронеж, улица 45-й Стрелковой Дивизии, 238",92,1,есть,signal,,18239,
2026-10-08T15:36:00+03:00,"Воронеж, улица 45-й Стрелковой Дивизии, 238",95,1,есть,signal,,18239,
2026-10-08T15:36:00+03:00,"Воронеж, улица 9 Января, 245А",92,1,есть,signal,,18239,
2026-10-08T15:36:00+03:00,"Воронеж, улица 9 Января, 245А",95,1,есть,signal,,18239,
2026-10-08T15:36:00+03:00,"Воронеж, улица Димитрова, 140Д",92,1,есть,signal,,18239,
2026-10-08T15:36:00+03:00,"Воронеж, улица Димитрова, 140Д",95,1,есть,signal,,18239,
2026-10-08T15:36:00+03:00,"Воронеж, улица Космонавтов, 6А",92,1,есть,signal,,18239,
2026-10-08T15:36:00+03:00,"Воронеж, улица Космонавтов, 6А",95,1,есть,signal,,18239,
2026-10-08T15:36:00+03:00,"Воронеж, улица Хользунова, 99А",92,1,есть,signal,,18239,
2026-10-08T15:36:00+03:00,"Воронеж, улица Хользунова, 99А",95,1,есть,signal,,18239,
2026-10-08T15:36:00+03:00,"Воронежская область, Новоусманский район, М-4 Дон, 531-й километр, 1",92,1,есть,signal,,18239,
2026-10-08T15:36:00+03:00,"Воронежская область, Новоусманский район, М-4 Дон, 531-й километр, 1",95,1,есть,signal,,18239,
2026-10-08T15:36:00+03:00,"Воронежская область, Новоусманский район, М-4 Дон, 534-й километр, 2",92,1,есть,signal,,18239,
2026-10-08T15:36:00+03:00,"Воронежская область, Новоусманский район, М-4 Дон, 534-й километр, 2",95,1,есть,signal,,18239,
2026-10-08T15:36:00+03:00,"Воронежская область, Рамонский район, Яменское сельское поселение, хутор Ветряк, Транспортная улица, 6",95,1,есть,signal,,18239,
2026-10-08T15:36:00+03:00,"Воронежская область, село Новая Усмань, Дорожная улица, 31",92,1,есть,signal,,18239,
2026-10-08T15:36:00+03:00,"Воронежская область, село Новая Усмань, Дорожная улица, 31",95,1,есть,signal,,18239,
2026-10-08T15:36:00+03:00,"Воронежская область, село Новая Усмань, улица Ленина, 313/2",92,1,есть,signal,,18239,
2026-10-08T15:36:00+03:00,"Воронежская область, село Новая Усмань, улица Ленина, 313/2",95,1,есть,signal,,18239,
2026-10-08T15:37:00+03:00,"Воронеж, улица 9 Января, 258А",92,1,есть,signal,,18239,
2026-10-08T15:37:00+03:00,"Воронеж, улица 9 Января, 258А",95,1,есть,signal,,18239,
2026-10-08T15:37:00+03:00,"Воронеж, улица Героев Сибиряков, 1Л",92,1,есть,signal,,18239,
2026-10-08T15:37:00+03:00,"Воронеж, улица Героев Сибиряков, 1Л",95,1,есть,signal,,18239,
2026-10-08T15:37:00+03:00,"Воронежская область, Рамонский район, Яменское сельское поселение",92,1,есть,signal,,18239,
2026-10-08T15:37:00+03:00,"Воронежская область, Рамонский район, Яменское сельское поселение",95,1,есть,signal,,18239,
2026-10-08T16:05:00+03:00,"Воронеж, Дорожная улица, 1Б",92,1,есть,signal,,18242,
2026-10-08T16:05:00+03:00,"Воронеж, Дорожная улица, 1Б",95,1,есть,signal,,18242,
2026-10-08T16:05:00+03:00,"Воронеж, Ленинский проспект, 176А",92,1,есть,signal,,18242,
2026-10-08T16:05:00+03:00,"Воронеж, Ленинский проспект, 176А",95,1,есть,signal,,18242,
2026-10-08T16:05:00+03:00,"Воронеж, Московский проспект, 4А",92,1,есть,signal,,18242,
2026-10-08T16:05:00+03:00,"Воронеж, Московский проспект, 4А",95,1,есть,signal,,18242,
2026-10-08T16:05:00+03:00,"Воронеж, Холмистая улица, 66",92,1,есть,signal,,18242,
2026-10-08T16:05:00+03:00,"Воронеж, Холмистая улица, 66",95,1,есть,signal,,18242,
2026-10-08T16:05:00+03:00,"Воронеж, улица Ворошилова",92,1,есть,signal,,18242,
2026-10-08T16:05:00+03:00,"Воронеж, улица Ворошилова",95,1,есть,signal,,18242,
2026-10-08T16:05:00+03:00,"Воронеж, улица Героев Сибиряков, 2",92,1,есть,signal,,18242,
2026-10-08T16:05:00+03:00,"Воронеж, улица Героев Сибиряков, 2",95,1,есть,signal,,18242,
2026-10-08T16:05:00+03:00,"Воронеж, улица Свободы, 79Б",92,1,есть,signal,,18242,
2026-10-08T16:05:00+03:00,"Воронеж, улица Свободы, 79Б",95,1,есть,signal,,18242,
2026-10-08T16:05:00+03:00,"Воронеж, улица Хользунова, 99А",92,1,есть,signal,,18242,
2026-10-08T16:05:00+03:00,"Воронеж, улица Хользунова, 99А",95,1,есть,signal,,18242,
2026-10-08T16:05:00+03:00,"Воронеж, улица Чебышева, 13/1",92,1,есть,signal,,18242,
2026-10-08T16:05:00+03:00,"Воронеж, улица Чебышева, 13/1",95,1,есть,signal,,18242,
2026-10-08T16:06:00+03:00,"Воронеж, Волгоградская улица, 41",92,1,есть,signal,,18242,
2026-10-08T16:06:00+03:00,"Воронеж, Волгоградская улица, 41",95,1,есть,signal,,18242,
2026-10-08T16:06:00+03:00,"Воронеж, Ленинский проспект, 154А",92,1,есть,signal,,18242,
2026-10-08T16:06:00+03:00,"Воронеж, Ленинский проспект, 154А",95,1,есть,signal,,18242,
2026-10-08T16:06:00+03:00,"Воронеж, Московский проспект, 129/2",92,1,есть,signal,,18242,
2026-10-08T16:06:00+03:00,"Воронеж, Московский проспект, 129/2",95,1,есть,signal,,18242,
2026-10-08T16:06:00+03:00,"Воронеж, Московский проспект, 144",92,1,есть,signal,Большая,18242,
2026-10-08T16:06:00+03:00,"Воронеж, Московский проспект, 144",95,1,есть,signal,Большая,18242,
2026-10-08T16:06:00+03:00,"Воронеж, Новосибирская улица, 2А",92,1,есть,signal,,18242,
2026-10-08T16:06:00+03:00,"Воронеж, Новосибирская улица, 2А",95,1,есть,signal,,18242,
2026-10-08T16:06:00+03:00,"Воронеж, Острогожская улица, 144",92,1,есть,signal,,18242,
2026-10-08T16:06:00+03:00,"Воронеж, Острогожская улица, 144",95,1,есть,signal,,18242,
2026-10-08T16:06:00+03:00,"Воронеж, проспект Патриотов, 42А",92,1,есть,signal,,18242,
2026-10-08T16:06:00+03:00,"Воронеж, проспект Патриотов, 42А",95,1,есть,signal,,18242,
2026-10-08T16:06:00+03:00,"Воронеж, улица Антонова-Овсеенко, 35А",92,1,есть,signal,Большая,18242,
2026-10-08T16:06:00+03:00,"Воронеж, улица Антонова-Овсеенко, 35А",95,1,есть,signal,Большая,18242,
2026-10-08T16:06:00+03:00,"Воронеж, улица Космонавтов, 6А",92,1,есть,signal,,18242,
2026-10-08T16:06:00+03:00,"Воронеж, улица Космонавтов, 6А",95,1,есть,signal,,18242,
2026-10-08T16:06:00+03:00,"Воронежская область, село Новая Усмань, Дорожная улица, 31",92,1,есть,signal,,18242,
2026-10-08T16:06:00+03:00,"Воронежская область, село Новая Усмань, Дорожная улица, 31",95,1,есть,signal,,18242,
2026-10-08T16:07:00+03:00,"Воронеж, улица Героев Сибиряков, 1Л",92,1,есть,signal,,18242,
2026-10-08T16:07:00+03:00,"Воронеж, улица Героев Сибиряков, 1Л",95,1,есть,signal,,18242,
2026-10-08T16:07:00+03:00,"Воронеж, улица Остужева, 51",92,1,есть,signal,,18242,
2026-10-08T16:07:00+03:00,"Воронежская область, Новоусманский район, М-4 Дон, 534-й километр, 2",92,1,есть,signal,,18242,
2026-10-08T16:07:00+03:00,"Воронежская область, Новоусманский район, М-4 Дон, 534-й километр, 2",95,1,есть,signal,,18242,
2026-10-08T16:08:00+03:00,"Воронеж, Московский проспект, 84",92,1,есть,signal,,18242,
2026-10-08T16:08:00+03:00,"Воронеж, Московский проспект, 84",95,1,есть,signal,,18242,
2026-10-08T16:08:00+03:00,"Воронеж, улица Любы Шевцовой, 36А",92,1,есть,signal,,18242,
2026-10-08T16:08:00+03:00,"Воронеж, улица Любы Шевцовой, 36А",95,1,есть,signal,,18242,
2026-10-08T16:08:00+03:00,"Воронежская область, Рамонский район, Яменское сельское поселение, хутор Ветряк, Транспортная улица, 6",95,1,есть,signal,,18242,
2026-10-08T16:27:00+03:00,"Воронежская область, Новоусманский район, село Бабяково, Транспортная улица",92,1,есть,report,21–50 машин,18243,
2026-10-08T16:27:00+03:00,"Воронежская область, Новоусманский район, село Бабяково, Транспортная улица",95,1,есть,report,21–50 машин,18243,
2026-10-08T17:14:00+03:00,"Воронеж, проспект Патриотов, 60Б",92,1,есть,report,50+ машин,18245,
2026-10-08T17:14:00+03:00,"Воронеж, проспект Патриотов, 60Б",95,1,есть,report,50+ машин,18245,
2026-10-08T17:14:00+03:00,"Воронеж, проспект Патриотов, 60Б",ДТ,1,есть,report,50+ машин,18245,
2026-10-08T17:15:00+03:00,"Воронеж, улица Брусилова, 4А",100,1,есть,report,11–20 машин,18246,
2026-10-08T17:15:00+03:00,"Воронеж, улица Брусилова, 4А",92,0,больше нет,report,11–20 машин,18246,
2026-10-08T17:15:00+03:00,"Воронеж, улица Брусилова, 4А",92,0,нет,summary,11–20 машин,18253,
2026-10-08T17:15:00+03:00,"Воронеж, улица Брусилова, 4А",95,0,больше нет,report,11–20 машин,18246,
2026-10-08T17:15:00+03:00,"Воронеж, улица Брусилова, 4А",95,0,нет,summary,11–20 машин,18253,
2026-10-08T17:15:00+03:00,"Воронеж, улица Брусилова, 4А",98,1,есть,report,11–20 машин,18246,
2026-10-08T17:15:00+03:00,"Воронеж, улица Брусилова, 4А",98,1,есть,summary,11–20 машин,18253,
2026-10-08T17:15:00+03:00,"Воронеж, улица Брусилова, 4А",ДТ,1,есть,report,11–20 машин,18246,
2026-10-08T17:18:00+03:00,"Воронеж, Ленинский проспект, 154А",100,0,больше нет,report,11–20 машин,18248,
2026-10-08T17:18:00+03:00,"Воронеж, Ленинский проспект, 154А",100,0,нет,summary,11–20 машин,18253,
2026-10-08T17:18:00+03:00,"Воронеж, Ленинский проспект, 154А",92,0,больше нет,report,11–20 машин,18248,
2026-10-08T17:18:00+03:00,"Воронеж, Ленинский проспект, 154А",92,0,нет,summary,11–20 машин,18253,
2026-10-08T17:18:00+03:00,"Воронеж, Ленинский проспект, 154А",95,0,больше нет,report,11–20 машин,18248,
2026-10-08T17:18:00+03:00,"Воронеж, Ленинский проспект, 154А",95,0,нет,summary,11–20 машин,18253,
2026-10-08T17:18:00+03:00,"Воронеж, Ленинский проспект, 154А",95+,0,больше нет,report,11–20 машин,18248,
2026-10-08T17:18:00+03:00,"Воронеж, Ленинский проспект, 154А",95+,0,нет,summary,11–20 машин,18253,
2026-10-08T17:18:00+03:00,"Воронеж, Ленинский проспект, 154А",98,1,есть,report,11–20 машин,18248,
2026-10-08T17:18:00+03:00,"Воронеж, Ленинский проспект, 154А",98,1,есть,summary,11–20 машин,18253,
2026-10-08T17:22:00+03:00,"Воронеж, улица 9 Января, 258А",100,1,есть,report,5 минут,18249,
2026-10-08T17:22:00+03:00,"Воронеж, улица 9 Января, 258А",100,1,есть,summary,~5 мин,18253,
2026-10-08T17:30:00+03:00,"Воронежская область, Рамонский район, посёлок Комсомольский, Южная улица, 12",92,1,есть,report,машин 10-20,18250,
2026-10-08T17:30:00+03:00,"Воронежская область, Рамонский район, посёлок Комсомольский, Южная улица, 12",92,1,есть,summary,~10-20 машин,18253,
2026-10-08T17:30:00+03:00,"Воронежская область, Рамонский район, посёлок Комсомольский, Южная улица, 12",95,1,есть,report,машин 10-20,18250,
2026-10-08T17:30:00+03:00,"Воронежская область, Рамонский район, посёлок Комсомольский, Южная улица, 12",95,1,есть,summary,~10-20 машин,18253,
2026-10-08T17:37:00+03:00,"Воронеж, Холмистая улица, 66",92,1,есть,report,нет,18251,
2026-10-08T17:37:00+03:00,"Воронеж, Холмистая улица, 66",92,1,есть,summary,нет,18253,
2026-10-08T17:37:00+03:00,"Воронеж, Холмистая улица, 66",95,1,есть,report,нет,18251,
2026-10-08T17:37:00+03:00,"Воронеж, Холмистая улица, 66",95,1,есть,summary,нет,18253,
2026-10-08T17:45:00+03:00,"Воронеж, улица Любы Шевцовой, 36А",98,1,есть,report,25 машин,18252,
2026-10-08T17:45:00+03:00,"Воронеж, улица Любы Шевцовой, 36А",98,1,есть,summary,~25 машин,18253,
2026-10-08T17:46:00+03:00,"Воронежская область, Рамонский район, Яменское сельское поселение",92,1,есть,signal,,18247,
2026-10-08T17:46:00+03:00,"Воронежская область, Рамонский район, Яменское сельское поселение",95,1,есть,signal,,18247,
2026-10-08T17:47:00+03:00,"Воронеж, проспект Труда, 107А",95,1,есть,signal,,18247,
2026-10-08T17:47:00+03:00,"Воронеж, улица Димитрова, 163",92,1,есть,signal,,18247,
2026-10-08T17:47:00+03:00,"Воронеж, улица Димитрова, 163",95,1,есть,signal,,18247,
2026-10-08T17:47:00+03:00,"Воронеж, улица Землячки, 7А",92,1,есть,signal,,18247,
2026-10-08T17:47:00+03:00,"Воронеж, улица Землячки, 7А",95,1,есть,signal,,18247,
2026-10-08T17:47:00+03:00,"Воронежская область, Новоусманский район, М-4 Дон, 518-й километр, 2",92,1,есть,signal,,18247,
2026-10-08T17:47:00+03:00,"Воронежская область, Новоусманский район, М-4 Дон, 531-й километр, 1",92,1,есть,signal,,18247,
2026-10-08T17:47:00+03:00,"Воронежская область, Новоусманский район, М-4 Дон, 531-й километр, 1",95,1,есть,signal,,18247,
2026-10-08T17:48:00+03:00,"Воронеж, улица 45-й Стрелковой Дивизии, 238",92,1,есть,signal,,18247,
2026-10-08T17:48:00+03:00,"Воронеж, улица 45-й Стрелковой Дивизии, 238",95,1,есть,signal,,18247,
2026-10-08T17:49:00+03:00,"Воронеж, Ленинский проспект, 182",92,1,есть,signal,,18247,
2026-10-08T17:49:00+03:00,"Воронеж, Ленинский проспект, 182",95,1,есть,signal,,18247,
2026-10-08T17:49:00+03:00,"Воронеж, Московский проспект, 129/2",92,1,есть,signal,,18247,
2026-10-08T17:49:00+03:00,"Воронеж, улица Хользунова, 120",95,1,есть,signal,,18247,
2026-10-08T17:49:00+03:00,"Воронежская область, Рамонский район, Яменское сельское поселение, хутор Ветряк, Транспортная улица, 6",95,1,есть,signal,,18247,
2026-10-08T17:50:00+03:00,"Воронеж, улица Остужева, 51",92,1,есть,signal,,18247,
2026-10-08T17:50:00+03:00,"Воронеж, улица Остужева, 51",95,1,есть,signal,,18247,
2026-10-08T17:50:00+03:00,"Воронежская область, село Новая Усмань, Ростовская улица, 133А",92,1,есть,signal,,18247,
2026-10-08T17:50:00+03:00,"Воронежская область, село Новая Усмань, Ростовская улица, 133А",95,1,есть,signal,,18247,
2026-10-08T17:51:00+03:00,"Воронежская область, Новоусманский район, Рогачёвское сельское поселение",92,1,есть,signal,,18247,
2026-10-08T17:51:00+03:00,"Воронежская область, Новоусманский район, Рогачёвское сельское поселение",95,1,есть,signal,,18247,
2026-10-08T17:52:00+03:00,"Воронеж, Дорожная улица, 1Б",92,1,есть,signal,,18247,
2026-10-08T17:52:00+03:00,"Воронеж, Дорожная улица, 1Б",95,1,есть,signal,,18247,
2026-10-08T17:53:00+03:00,"Воронеж, проспект Патриотов, 42А",95,1,есть,signal,,18247,
2026-10-08T17:53:00+03:00,"Воронеж, улица Димитрова, 140Д",92,1,есть,signal,,18247,
2026-10-08T17:53:00+03:00,"Воронеж, улица Димитрова, 140Д",95,1,есть,signal,,18247,
2026-10-08T17:53:00+03:00,"Воронежская область, Новоусманский район, М-4 Дон, 534-й километр, 2",92,1,есть,signal,,18247,
2026-10-08T17:53:00+03:00,"Воронежская область, Новоусманский район, М-4 Дон, 534-й километр, 2",95,1,есть,signal,,18247,
2026-10-08T17:53:00+03:00,"Воронежская область, Рамонский район, Яменское сельское поселение, посёлок Солнечный, улица Московское шоссе, 2",95,1,есть,signal,,18247,
2026-10-08T17:54:00+03:00,"Воронежская область, рабочий посёлок Рамонь, Воронежская улица, 19А",92,1,есть,signal,,18247,
2026-10-08T17:54:00+03:00,"Воронежская область, рабочий посёлок Рамонь, Воронежская улица, 19А",95,1,есть,signal,,18247,
2026-10-08T17:54:00+03:00,"Воронежская область, село Новая Усмань, Дорожная улица, 31",92,1,есть,signal,,18247,
2026-10-08T17:54:00+03:00,"Воронежская область, село Новая Усмань, Дорожная улица, 31",95,1,есть,signal,,18247,
2026-10-08T17:55:00+03:00,"Воронеж, Московский проспект, 144",92,1,есть,signal,,18247,
2026-10-08T17:55:00+03:00,"Воронеж, Московский проспект, 144",95,1,есть,signal,,18247,
2026-10-08T17:55:00+03:00,"Воронеж, улица Антонова-Овсеенко, 7А",92,1,есть,signal,,18247,
2026-10-08T17:55:00+03:00,"Воронеж, улица Антонова-Овсеенко, 7А",95,1,есть,signal,,18247,
2026-10-08T17:55:00+03:00,"Воронеж, улица Ворошилова",92,1,есть,signal,,18247,
2026-10-08T17:55:00+03:00,"Воронеж, улица Ворошилова",95,1,есть,signal,,18247,
2026-10-08T17:55:00+03:00,"Воронеж, улица Космонавтов, 6А",92,1,есть,signal,,18247,
2026-10-08T17:55:00+03:00,"Воронеж, улица Космонавтов, 6А",95,1,есть,signal,,18247,
2026-10-08T17:56:00+03:00,"Воронеж, Ленинский проспект, 176А",95,1,есть,signal,,18247,
2026-10-08T17:56:00+03:00,"Воронеж, Новосибирская улица, 84Б",92,1,есть,signal,,18247,
2026-10-08T17:56:00+03:00,"Воронеж, Новосибирская улица, 84Б",95,1,есть,signal,,18247,
2026-10-08T17:56:00+03:00,"Воронежская область, Рамонский район, М-4 Дон, 485-й километр, 1",95,1,есть,signal,,18247,
2026-10-08T17:56:00+03:00,"Воронежская область, село Новая Усмань, Дорожная улица, 31",92,1,есть,signal,,18247,
2026-10-08T17:56:00+03:00,"Воронежская область, село Новая Усмань, Дорожная улица, 31",95,1,есть,signal,,18247,
2026-10-08T17:57:00+03:00,"Воронеж, Спокойный переулок, 24А",92,1,есть,signal,,18247,
2026-10-08T17:57:00+03:00,"Воронеж, Спокойный переулок, 24А",95,1,есть,signal,,18247,
2026-10-08T17:57:00+03:00,"Воронеж, улица Свободы, 79Б",92,1,есть,signal,,18247,
2026-10-08T17:57:00+03:00,"Воронеж, улица Свободы, 79Б",95,1,есть,signal,,18247,
2026-10-08T19:59:00+03:00,"Воронежская область, село Новая Усмань, Дорожная улица, 31",92,1,есть,summary,1–10 машин,18253,
2026-10-08T20:02:00+03:00,"Воронежская область, Рамонский район, Комсомольское сельское поселение",92,1,есть,report,очередь на 20-30 минут,18268,
2026-10-08T20:02:00+03:00,"Воронежская область, Рамонский район, Комсомольское сельское поселение",92,1,есть,summary,~20-30 мин,18253,
2026-10-08T20:02:00+03:00,"Воронежская область, Рамонский район, Комсомольское сельское поселение",95,1,есть,report,очередь на 20-30 минут,18268,
2026-10-08T20:02:00+03:00,"Воронежская область, Рамонский район, Комсомольское сельское поселение",95,1,есть,summary,~20-30 мин,18253,
2026-10-08T20:06:00+03:00,"Воронеж, Новосибирская улица, 2А",92,0,больше нет,report,до 10 машин,18269,
2026-10-08T20:06:00+03:00,"Воронеж, Новосибирская улица, 2А",92,0,нет,summary,до 10 машин,18253,
2026-10-08T20:06:00+03:00,"Воронеж, Новосибирская улица, 2А",98,1,есть,report,до 10 машин,18269,
2026-10-08T20:06:00+03:00,"Воронеж, Новосибирская улица, 2А",98,1,есть,summary,до 10 машин,18253,
2026-10-08T20:19:00+03:00,"Воронежская область, Новоусманский район, село Бабяково, Транспортная улица",92,1,есть,report,на час-полтора,18270,
2026-10-08T20:19:00+03:00,"Воронежская область, Новоусманский район, село Бабяково, Транспортная улица",92,1,есть,summary,"~1–1,5 ч",18253,
2026-10-08T20:19:00+03:00,"Воронежская область, Новоусманский район, село Бабяково, Транспортная улица",95,1,есть,report,на час-полтора,18270,
2026-10-08T20:19:00+03:00,"Воронежская область, Новоусманский район, село Бабяково, Транспортная улица",95,1,есть,summary,"~1–1,5 ч",18253,
2026-10-08T20:19:00+03:00,"Воронежская область, Новоусманский район, село Бабяково, Транспортная улица",ДТ,1,есть,report,на час-полтора,18270,
2026-10-08T20:19:00+03:00,"Воронежская область, Новоусманский район, село Бабяково, Транспортная улица",ДТ,1,есть,summary,"~1–1,5 ч",18253,
2026-10-08T20:24:00+03:00,"Воронеж, улица 45-й Стрелковой Дивизии, 238",95,1,есть,report,51–100 машин,18271,
2026-10-08T20:24:00+03:00,"Воронеж, улица 45-й Стрелковой Дивизии, 238",95,1,есть,summary,51–100 машин,18253,
2026-10-08T20:40:00+03:00,"Воронеж, улица 9 Января, 104",92,1,есть,signal,,18272,
2026-10-08T20:40:00+03:00,"Воронеж, улица 9 Января, 104",95,1,есть,signal,,18272,
2026-10-08T20:42:00+03:00,"Воронежская область, Рамонский район, М-4 Дон, 485-й километр, 1",92,1,есть,signal,,18272,
2026-10-08T20:42:00+03:00,"Воронежская область, Рамонский район, М-4 Дон, 485-й километр, 1",95,1,есть,signal,,18272,
2026-10-08T20:44:00+03:00,"Воронеж, Кольцовская улица, 24Б",92,1,есть,signal,,18272,
2026-10-08T20:44:00+03:00,"Воронеж, Кольцовская улица, 24Б",95,1,есть,signal,,18272,
2026-10-08T20:44:00+03:00,"Воронеж, Московский проспект, 84",92,1,есть,signal,,18272,
2026-10-08T20:44:00+03:00,"Воронеж, Московский проспект, 84",95,1,есть,signal,,18272,
2026-10-08T20:44:00+03:00,"Воронежская область, Рамонский район, Яменское сельское поселение, хутор Ветряк, Транспортная улица, 6",92,1,есть,signal,,18272,
2026-10-08T20:44:00+03:00,"Воронежская область, Рамонский район, Яменское сельское поселение, хутор Ветряк, Транспортная улица, 6",95,1,есть,signal,,18272,
2026-10-08T20:45:00+03:00,"Воронеж, улица Остужева, 51",92,1,есть,signal,,18272,
2026-10-08T20:45:00+03:00,"Воронеж, улица Остужева, 51",95,1,есть,signal,,18272,
2026-10-08T20:45:00+03:00,"Воронеж, улица Урицкого, 58А",92,1,есть,signal,,18272,
2026-10-08T20:45:00+03:00,"Воронеж, улица Урицкого, 58А",95,1,есть,signal,,18272,
2026-10-08T20:45:00+03:00,"Воронежская область, Рамонский район, Яменское сельское поселение, посёлок Солнечный, улица Московское шоссе, 2",92,1,есть,signal,,18272,
2026-10-08T20:45:00+03:00,"Воронежская область, Рамонский район, Яменское сельское поселение, посёлок Солнечный, улица Московское шоссе, 2",95,1,есть,signal,,18272,
2026-10-08T20:46:00+03:00,"Воронеж, улица Антонова-Овсеенко, 7А",92,1,есть,signal,,18272,
2026-10-08T20:46:00+03:00,"Воронеж, улица Антонова-Овсеенко, 7А",95,1,есть,signal,,18272,
2026-10-08T20:46:00+03:00,"Воронежская область, Новоусманский район, М-4 Дон, 534-й километр, 1",92,1,есть,signal,,18272,
2026-10-08T20:46:00+03:00,"Воронежская область, Новоусманский район, М-4 Дон, 534-й километр, 1",95,1,есть,signal,,18272,
2026-10-08T20:47:00+03:00,"Воронеж, Новосибирская улица, 84Б",92,1,есть,signal,,18272,
2026-10-08T20:47:00+03:00,"Воронеж, Новосибирская улица, 84Б",95,1,есть,signal,,18272,
2026-10-08T20:47:00+03:00,"Воронеж, улица Антонова-Овсеенко, 35А",92,1,есть,signal,,18272,
2026-10-08T20:47:00+03:00,"Воронеж, улица Антонова-Овсеенко, 35А",95,1,есть,signal,,18272,
2026-10-08T20:48:00+03:00,"Воронеж, улица Героев Сибиряков, 2",95,1,есть,signal,,18272,
2026-10-08T20:48:00+03:00,"Воронеж, улица Любы Шевцовой, 36А",92,1,есть,signal,,18272,
2026-10-08T20:48:00+03:00,"Воронеж, улица Любы Шевцовой, 36А",95,1,есть,signal,,18272,
2026-10-08T20:48:00+03:00,"Воронеж, улица Свободы, 79Б",92,1,есть,signal,,18272,
2026-10-08T20:48:00+03:00,"Воронеж, улица Свободы, 79Б",95,1,есть,signal,,18272,
2026-10-08T20:48:00+03:00,"Воронежская область, Новоусманский район, Рогачёвское сельское поселение",92,1,есть,signal,,18272,
2026-10-08T20:48:00+03:00,"Воронежская область, Новоусманский район, Рогачёвское сельское поселение",95,1,есть,signal,,18272,
2026-10-08T20:49:00+03:00,"Воронежская область, Новоусманский район, М-4 Дон, 534-й километр, 2",92,1,есть,signal,,18272,
2026-10-08T20:49:00+03:00,"Воронежская область, Новоусманский район, М-4 Дон, 534-й километр, 2",95,1,есть,signal,,18272,
2026-10-08T20:49:00+03:00,"Воронежская область, Новоусманский район, Никольское сельское поселение, посёлок совхоза ""Воронежский"", Советская улица, 41А",92,1,есть,signal,,18272,
2026-10-08T20:49:00+03:00,"Воронежская область, Новоусманский район, Никольское сельское поселение, посёлок совхоза ""Воронежский"", Советская улица, 41А",95,1,есть,signal,,18272,
2026-10-08T20:50:00+03:00,"Воронеж, улица Космонавтов, 6А",92,1,есть,signal,,18272,
2026-10-08T20:50:00+03:00,"Воронеж, улица Космонавтов, 6А",95,1,есть,signal,,18272,
2026-10-08T20:50:00+03:00,"Воронежская область, село Новая Усмань, Дорожная улица, 31",92,1,есть,signal,,18272,
2026-10-08T20:50:00+03:00,"Воронежская область, село Новая Усмань, Дорожная улица, 31",95,1,есть,signal,,18272,
2026-10-08T20:51:00+03:00,"Воронежская область, рабочий посёлок Рамонь, Воронежская улица, 19А",92,1,есть,signal,,18272,
2026-10-08T20:51:00+03:00,"Воронежская область, рабочий посёлок Рамонь, Воронежская улица, 19А",95,1,есть,signal,,18272,
2026-10-08T20:51:00+03:00,"Воронежская область, село Новая Усмань, Дорожная улица, 31",92,1,есть,signal,,18272,
2026-10-08T20:51:00+03:00,"Воронежская область, село Новая Усмань, Дорожная улица, 31",95,1,есть,signal,,18272,
2026-10-08T20:58:00+03:00,"Воронеж, переулок Отличников, 43А",92,1,есть,report,очередь маленькая,18273,
2026-10-08T20:58:00+03:00,"Воронеж, переулок Отличников, 43А",92,1,есть,summary,небольшая,18253,
2026-10-08T21:08:00+03:00,"Воронеж, Ленинский проспект, 154А",98,1,есть,report,примерно 20 машин,18274,
2026-10-08T21:08:00+03:00,"Воронеж, Ленинский проспект, 154А",98,1,есть,summary,~20 машин,18253,
2026-10-08T21:08:00+03:00,"Воронеж, Ленинский проспект, 154А",ДТ,1,есть,report,примерно 20 машин,18274,
2026-10-08T21:08:00+03:00,"Воронеж, Ленинский проспект, 154А",ДТ,1,есть,summary,~20 машин,18253,
2026-10-08T21:15:00+03:00,"Воронеж, улица Пирогова, 87А",92,1,есть,report,нет,18275,
2026-10-08T21:15:00+03:00,"Воронеж, улица Пирогова, 87А",92,1,есть,summary,нет,18253,
2026-10-08T21:15:00+03:00,"Воронеж, улица Пирогова, 87А",95,1,есть,report,нет,18275,
2026-10-08T21:15:00+03:00,"Воронеж, улица Пирогова, 87А",95,1,есть,summary,нет,18253,
2026-10-08T21:25:00+03:00,"Воронеж, улица Димитрова, 163",95,1,есть,signal,,18276,
2026-10-08T21:26:00+03:00,"Воронеж, Новосибирская улица, 2А",98,1,есть,report,в пределах заправки,18277,
2026-10-08T21:26:00+03:00,"Воронеж, Новосибирская улица, 2А",98,1,есть,summary,в пределах заправки,18253,
2026-10-08T21:26:00+03:00,"Воронеж, Новосибирская улица, 2А",ДТ,1,есть,report,в пределах заправки,18277,
2026-10-08T21:26:00+03:00,"Воронеж, Новосибирская улица, 2А",ДТ,1,есть,summary,в пределах заправки,18253,
2026-10-08T21:26:00+03:00,"Воронеж, Острогожская улица, 144",92,1,есть,signal,,18276,
2026-10-08T21:26:00+03:00,"Воронеж, Острогожская улица, 144",95,1,есть,signal,,18276,
2026-10-08T21:26:00+03:00,"Воронежская область, село Новая Усмань, Дорожная улица, 31",92,1,есть,signal,,18276,
2026-10-08T21:26:00+03:00,"Воронежская область, село Новая Усмань, Дорожная улица, 31",95,1,есть,signal,,18276,
2026-10-08T21:27:00+03:00,"Воронеж, улица Героев Сибиряков, 2",95,1,есть,signal,,18276,
2026-10-08T21:28:00+03:00,"Воронежская область, Новоусманский район, М-4 Дон, 534-й километр, 2",92,1,есть,signal,,18276,
2026-10-08T21:28:00+03:00,"Воронежская область, Новоусманский район, М-4 Дон, 534-й километр, 2",95,1,есть,signal,,18276,
2026-10-08T21:29:00+03:00,"Воронежская область, Новоусманский район, М-4 Дон, 518-й километр, 2",92,1,есть,signal,,18276,
2026-10-08T21:29:00+03:00,"Воронежская область, Новоусманский район, М-4 Дон, 522-й километр",92,1,есть,signal,,18276,
2026-10-08T21:29:00+03:00,"Воронежская область, Новоусманский район, М-4 Дон, 522-й километр",95,1,есть,signal,,18276,
2026-10-08T21:30:00+03:00,"Воронеж, Холмистая улица, 62",92,1,есть,signal,,18276,
2026-10-08T21:30:00+03:00,"Воронеж, Холмистая улица, 62",95,1,есть,signal,,18276,
2026-10-08T21:30:00+03:00,"Воронежская область, Новоусманский район, М-4 Дон, 534-й километр, 1",92,1,есть,signal,,18276,
2026-10-08T21:30:00+03:00,"Воронежская область, Новоусманский район, М-4 Дон, 534-й километр, 1",95,1,есть,signal,,18276,
2026-10-08T21:31:00+03:00,"Воронеж, Московский проспект, 7А",92,1,есть,signal,,18276,
2026-10-08T21:31:00+03:00,"Воронеж, Московский проспект, 7А",95,1,есть,signal,,18276,
2026-10-08T21:31:00+03:00,"Воронежская область, Новоусманский район, посёлок Отрадное, Цветочная улица, 26",92,1,есть,signal,,18276,
2026-10-08T21:31:00+03:00,"Воронежская область, Новоусманский район, посёлок Отрадное, Цветочная улица, 26",95,1,есть,signal,,18276,
2026-10-08T21:32:00+03:00,"Воронеж, улица Антонова-Овсеенко, 7А",92,1,есть,signal,Нет,18276,
2026-10-08T21:32:00+03:00,"Воронеж, улица Антонова-Овсеенко, 7А",95,1,есть,signal,Нет,18276,
2026-10-08T21:32:00+03:00,"Воронеж, улица Свободы, 79Б",92,1,есть,signal,,18276,
2026-10-08T21:32:00+03:00,"Воронеж, улица Свободы, 79Б",95,1,есть,signal,,18276,
2026-10-08T21:32:00+03:00,"Воронежская область, село Новая Усмань, Ростовская улица, 133А",95,1,есть,signal,,18276,
2026-10-08T21:33:00+03:00,"Воронеж, Московский проспект, 84",92,1,есть,signal,,18276,
2026-10-08T21:33:00+03:00,"Воронеж, Московский проспект, 84",95,1,есть,signal,,18276,
2026-10-08T21:34:00+03:00,"Воронежская область, Новоусманский район, М-4 Дон, 540-й километр, 6",92,1,есть,signal,,18276,
2026-10-08T21:34:00+03:00,"Воронежская область, Новоусманский район, М-4 Дон, 540-й километр, 6",95,1,есть,signal,,18276,
2026-10-08T21:34:00+03:00,"Воронежская область, Новоусманский район, село Бабяково, Транспортная улица",95,1,есть,report,51–100 машин,18278,
2026-10-08T21:34:00+03:00,"Воронежская область, Новоусманский район, село Бабяково, Транспортная улица",95,1,есть,summary,51–100 машин,18253,
2026-10-08T21:34:00+03:00,"Воронежская область, село Новая Усмань, улица Ленина, 313/2",95,1,есть,signal,,18276,
2026-10-08T21:34:00+03:00,"городской округ Воронеж, Железнодорожный район",92,1,есть,signal,,18276,
2026-10-08T21:34:00+03:00,"городской округ Воронеж, Железнодорожный район",95,1,есть,signal,,18276,
2026-10-08T21:35:00+03:00,"Воронеж, Дорожная улица, 1Б",92,1,есть,signal,,18276,
2026-10-08T21:35:00+03:00,"Воронеж, Дорожная улица, 1Б",95,1,есть,signal,,18276,
2026-10-08T21:35:00+03:00,"Воронеж, проспект Патриотов, 60Б",92,1,есть,report,очередь от моста на на теплак,18279,
2026-10-08T21:35:00+03:00,"Воронеж, проспект Патриотов, 60Б",95,1,есть,report,очередь от моста на на теплак,18279,
2026-10-08T21:35:00+03:00,"Воронежская область, Рамонский район, Яменское сельское поселение, хутор Ветряк, Транспортная улица, 6",92,1,есть,signal,,18276,
2026-10-08T21:35:00+03:00,"Воронежская область, Рамонский район, Яменское сельское поселение, хутор Ветряк, Транспортная улица, 6",95,1,есть,signal,,18276,
2026-10-08T21:36:00+03:00,"Воронеж, улица Любы Шевцовой, 36А",92,1,есть,signal,,18276,
2026-10-08T21:36:00+03:00,"Воронеж, улица Любы Шевцовой, 36А",95,1,есть,signal,,18276,
2026-10-08T21:37:00+03:00,"Воронеж, улица 45-й Стрелковой Дивизии, 238",92,1,есть,report,Очередь большая,18281,
2026-10-08T21:37:00+03:00,"Воронеж, улица 45-й Стрелковой Дивизии, 238",92,1,есть,summary,большая,18253,
2026-10-08T21:37:00+03:00,"Воронеж, улица 45-й Стрелковой Дивизии, 238",95+,1,есть,report,Очередь большая,18281,
2026-10-08T21:37:00+03:00,"Воронеж, улица 45-й Стрелковой Дивизии, 238",95+,1,есть,summary,большая,18253,
2026-10-08T21:37:00+03:00,"Воронежская область, Рамонский район, Комсомольское сельское поселение",92,1,есть,report,21–50 машин,18280,
2026-10-08T21:37:00+03:00,"Воронежская область, Рамонский район, Комсомольское сельское поселение",92,1,есть,summary,21–50 машин,18253,
2026-10-08T21:37:00+03:00,"Воронежская область, Рамонский район, Комсомольское сельское поселение",95,1,есть,report,21–50 машин,18280,
2026-10-08T21:37:00+03:00,"Воронежская область, Рамонский район, Комсомольское сельское поселение",95,1,есть,summary,21–50 машин,18253,
2026-10-08T21:37:00+03:00,"Воронежская область, Рамонский район, Яменское сельское поселение, посёлок Солнечный, Парковая улица, 7",92,1,есть,signal,,18276,
2026-10-08T21:37:00+03:00,"Воронежская область, Рамонский район, Яменское сельское поселение, посёлок Солнечный, Парковая улица, 7",95,1,есть,signal,,18276,
2026-10-08T21:38:00+03:00,"Воронеж, Холмистая улица, 66",92,1,есть,signal,,18276,
2026-10-08T21:38:00+03:00,"Воронеж, Холмистая улица, 66",95,1,есть,signal,,18276,
2026-10-08T21:39:00+03:00,"Воронеж, улица Урицкого, 58А",92,1,есть,signal,,18276,
2026-10-08T21:39:00+03:00,"Воронеж, улица Урицкого, 58А",95,1,есть,signal,,18276,
2026-10-08T21:40:00+03:00,"Воронежская область, Рамонский район, М-4 Дон, 482-й километр",92,1,есть,signal,,18276,
2026-10-08T21:40:00+03:00,"Воронежская область, Рамонский район, М-4 Дон, 482-й километр",95,1,есть,signal,,18276,
2026-10-08T21:41:00+03:00,"Воронеж, улица Свободы, 79Б",92,1,есть,signal,,18276,
2026-10-08T21:41:00+03:00,"Воронеж, улица Свободы, 79Б",95,1,есть,signal,,18276,
2026-10-08T21:42:00+03:00,"Воронеж, Новосибирская улица, 84Б",92,1,есть,signal,,18276,
2026-10-08T21:43:00+03:00,"Воронеж, улица Остужева, 37",95,1,есть,signal,,18276,
2026-10-08T21:44:00+03:00,"Воронеж, Московский проспект, 84",92,1,есть,signal,,18276,
2026-10-08T21:44:00+03:00,"Воронеж, Московский проспект, 84",95,1,есть,signal,,18276,
2026-10-08T21:44:00+03:00,"Воронеж, улица Землячки, 7А",95,1,есть,signal,,18276,
2026-10-08T21:45:00+03:00,"Воронеж, Новосибирская улица, 13Д",92,1,есть,signal,,18276,
2026-10-08T21:45:00+03:00,"Воронеж, Новосибирская улица, 13Д",95,1,есть,signal,,18276,
2026-10-08T21:47:00+03:00,"Воронеж, улица 9 Января, 104",95,1,есть,signal,,18276,
2026-10-08T21:48:00+03:00,"Воронеж, Московский проспект, 129/2",92,1,есть,signal,Большая,18276,
2026-10-08T21:48:00+03:00,"Воронеж, Московский проспект, 129/2",95,1,есть,signal,Большая,18276,
2026-10-08T21:48:00+03:00,"Воронеж, улица Любы Шевцовой, 36А",92,1,есть,signal,,18276,
2026-10-08T21:48:00+03:00,"Воронеж, улица Любы Шевцовой, 36А",95,1,есть,signal,,18276,
2026-10-08T21:48:00+03:00,"Воронежская область, Семилукский район, Р-298, 210-й километр, 1",92,1,есть,signal,,18276,
2026-10-08T21:48:00+03:00,"Воронежская область, Семилукский район, Р-298, 210-й километр, 1",95,1,есть,signal,,18276,
2026-10-08T21:49:00+03:00,"Воронеж, улица Хользунова, 120",92,1,есть,signal,,18276,
2026-10-08T21:49:00+03:00,"Воронеж, улица Хользунова, 120",95,1,есть,signal,,18276,
2026-10-08T21:50:00+03:00,"Воронеж, Холмистая улица, 66",92,1,есть,signal,,18276,
2026-10-08T21:50:00+03:00,"Воронеж, Холмистая улица, 66",95,1,есть,signal,,18276,
2026-10-08T21:50:00+03:00,"Воронежская область, Новоусманский район, М-4 Дон, 540-й километр, 6",92,1,есть,signal,,18276,
2026-10-08T21:50:00+03:00,"Воронежская область, Новоусманский район, М-4 Дон, 540-й километр, 6",95,1,есть,signal,,18276,
2026-10-08T21:51:00+03:00,"Воронежская область, Новоусманский район, М-4 Дон, 534-й километр, 2",92,1,есть,signal,,18276,
2026-10-08T21:51:00+03:00,"Воронежская область, Новоусманский район, М-4 Дон, 534-й километр, 2",95,1,есть,signal,,18276,
2026-10-08T21:51:00+03:00,"Воронежская область, Рамонский район, Яменское сельское поселение, посёлок Солнечный, улица Московское шоссе, 2",92,1,есть,signal,,18276,
2026-10-08T21:51:00+03:00,"Воронежская область, Рамонский район, Яменское сельское поселение, посёлок Солнечный, улица Московское шоссе, 2",95,1,есть,signal,,18276,
2026-10-08T21:51:00+03:00,"Воронежская область, рабочий посёлок Рамонь, Воронежская улица, 19А",92,1,есть,signal,,18276,
2026-10-08T21:51:00+03:00,"Воронежская область, рабочий посёлок Рамонь, Воронежская улица, 19А",95,1,есть,signal,,18276,
2026-10-08T21:53:00+03:00,"Воронежская область, Рамонский район, Яменское сельское поселение, посёлок Солнечный, Парковая улица, 7",92,1,есть,signal,,18276,
2026-10-08T21:53:00+03:00,"Воронежская область, Рамонский район, Яменское сельское поселение, посёлок Солнечный, Парковая улица, 7",95,1,есть,signal,,18276,
2026-10-08T22:02:00+03:00,"Воронеж, проспект Патриотов, 42А",92,1,есть,signal,,18276,
2026-10-08T22:03:00+03:00,"Воронеж, Новосибирская улица, 2А",95,1,есть,report,нет,18284,
2026-10-08T22:03:00+03:00,"Воронеж, Новосибирская улица, 2А",95,1,есть,summary,нет,18282,
2026-10-08T22:03:00+03:00,"Воронеж, Новосибирская улица, 2А",98,1,есть,report,нет,18284,
2026-10-08T22:03:00+03:00,"Воронеж, Новосибирская улица, 2А",98,1,есть,summary,нет,18282,
2026-10-08T22:03:00+03:00,"Воронеж, Новосибирская улица, 2А",ДТ,1,есть,report,нет,18284,
2026-10-08T22:03:00+03:00,"Воронеж, Новосибирская улица, 2А",ДТ,1,есть,summary,нет,18282,
2026-10-08T22:04:00+03:00,"Воронеж, Холмистая улица, 66",92,1,есть,signal,,18276,
2026-10-08T22:04:00+03:00,"Воронеж, Холмистая улица, 66",95,1,есть,signal,,18276,
2026-10-08T22:05:00+03:00,"Воронежская область, рабочий посёлок Рамонь, Воронежская улица, 19А",92,1,есть,signal,,18276,
2026-10-08T22:05:00+03:00,"Воронежская область, рабочий посёлок Рамонь, Воронежская улица, 19А",95,1,есть,signal,,18276,
2026-10-08T22:06:00+03:00,"Воронеж, Московский проспект, 144",92,1,есть,signal,,18276,
2026-10-08T22:06:00+03:00,"Воронеж, Московский проспект, 144",95,1,есть,signal,,18276,
2026-10-08T22:06:00+03:00,"Воронеж, улица 45-й Стрелковой Дивизии, 238",92,0,больше нет,report,21–50 машин,18285,
2026-10-08T22:06:00+03:00,"Воронеж, улица 45-й Стрелковой Дивизии, 238",92,0,нет,summary,21–50 машин,18282,
2026-10-08T22:06:00+03:00,"Воронеж, улица 45-й Стрелковой Дивизии, 238",95+,1,есть,report,21–50 машин,18285,
2026-10-08T22:06:00+03:00,"Воронеж, улица 45-й Стрелковой Дивизии, 238",95+,1,есть,summary,21–50 машин,18282,
2026-10-08T22:08:00+03:00,"Воронеж, улица Космонавтов, 6А",92,1,есть,signal,,18276,
2026-10-08T22:08:00+03:00,"Воронежская область, Новоусманский район, М-4 Дон, 534-й километр, 2",92,1,есть,signal,,18276,
2026-10-08T22:08:00+03:00,"Воронежская область, Новоусманский район, М-4 Дон, 534-й километр, 2",95,1,есть,signal,,18276,
2026-10-08T22:08:00+03:00,"Воронежская область, Рамонский район, Яменское сельское поселение, посёлок Солнечный, улица Московское шоссе, 2",92,1,есть,signal,,18276,
2026-10-08T22:08:00+03:00,"Воронежская область, Рамонский район, Яменское сельское поселение, посёлок Солнечный, улица Московское шоссе, 2",95,1,есть,signal,,18276,
2026-10-08T22:09:00+03:00,"Воронеж, улица Урицкого, 58А",92,1,есть,signal,,18276,
2026-10-08T22:09:00+03:00,"Воронеж, улица Урицкого, 58А",95,1,есть,signal,,18276,
2026-10-08T22:09:00+03:00,"Воронежская область, Рамонский район, Яменское сельское поселение, посёлок Солнечный, Парковая улица, 7",92,1,есть,signal,,18276,
2026-10-08T22:09:00+03:00,"Воронежская область, Рамонский район, Яменское сельское поселение, посёлок Солнечный, Парковая улица, 7",95,1,есть,signal,,18276,
2026-10-08T22:10:00+03:00,"Воронеж, улица Ворошилова",92,1,есть,signal,,18276,
2026-10-08T22:10:00+03:00,"Воронеж, улица Ворошилова",95,1,есть,signal,,18276,
2026-10-08T22:10:00+03:00,"Воронеж, улица Героев Сибиряков, 1Л",95,1,есть,signal,,18276,
2026-10-08T22:10:00+03:00,"Воронеж, улица Героев Сибиряков, 2",92,1,есть,signal,,18276,
2026-10-08T22:10:00+03:00,"Воронеж, улица Героев Сибиряков, 2",95,1,есть,signal,,18276,
2026-10-08T22:10:00+03:00,"Воронеж, улица Любы Шевцовой, 36А",92,1,есть,signal,,18276,
2026-10-08T22:10:00+03:00,"Воронеж, улица Любы Шевцовой, 36А",95,1,есть,signal,,18276,
2026-10-08T22:11:00+03:00,"Воронежская область, Рамонский район, Яменское сельское поселение, хутор Ветряк, Транспортная улица, 6",92,1,есть,signal,,18276,
2026-10-08T22:11:00+03:00,"Воронежская область, Рамонский район, Яменское сельское поселение, хутор Ветряк, Транспортная улица, 6",95,1,есть,signal,,18276,
2026-10-08T22:12:00+03:00,"Воронежская область, Новоусманский район, М-4 Дон, 531-й километр, 1",92,1,есть,signal,,18276,
2026-10-08T22:17:00+03:00,"Воронеж, Ленинский проспект, 154А",98,1,есть,report,45-50 минут,18286,
2026-10-08T22:17:00+03:00,"Воронеж, Ленинский проспект, 154А",98,1,есть,summary,~50 мин,18282,
2026-10-08T22:25:00+03:00,"Воронеж, улица 45-й Стрелковой Дивизии, 238",100,0,больше нет,report,нет,18288,
2026-10-08T22:25:00+03:00,"Воронеж, улица 45-й Стрелковой Дивизии, 238",92,0,больше нет,report,нет,18288,
2026-10-08T22:25:00+03:00,"Воронеж, улица 45-й Стрелковой Дивизии, 238",95,0,больше нет,report,нет,18288,
2026-10-08T22:25:00+03:00,"Воронеж, улица 45-й Стрелковой Дивизии, 238",95+,0,больше нет,report,нет,18288,
2026-10-08T22:33:00+03:00,"Воронеж, Кольцовская улица, 24Б",92,1,есть,signal,,18287,
2026-10-08T22:33:00+03:00,"Воронеж, Кольцовская улица, 24Б",95,1,есть,signal,,18287,
2026-10-08T22:33:00+03:00,"Воронеж, улица Землячки, 7А",92,1,есть,signal,,18287,
2026-10-08T22:33:00+03:00,"Воронеж, улица Землячки, 7А",95,1,есть,signal,,18287,
2026-10-08T22:33:00+03:00,"Воронежская область, Рамонский район, Яменское сельское поселение, посёлок Солнечный, Парковая улица, 7",92,1,есть,signal,,18287,
2026-10-08T22:33:00+03:00,"Воронежская область, Рамонский район, Яменское сельское поселение, посёлок Солнечный, Парковая улица, 7",95,1,есть,signal,,18287,
2026-10-08T22:34:00+03:00,"Воронежская область, Новоусманский район, М-4 Дон, 534-й километр, 2",92,0,больше нет,report,Очереди нет,18289,
2026-10-08T22:34:00+03:00,"Воронежская область, Новоусманский район, М-4 Дон, 534-й километр, 2",92,0,нет,summary,нет,18282,
2026-10-08T22:34:00+03:00,"Воронежская область, Новоусманский район, М-4 Дон, 534-й километр, 2",95,0,больше нет,report,Очереди нет,18289,
2026-10-08T22:34:00+03:00,"Воронежская область, Новоусманский район, М-4 Дон, 534-й километр, 2",95,0,нет,summary,нет,18282,
2026-10-08T22:34:00+03:00,"Воронежская область, Новоусманский район, М-4 Дон, 534-й километр, 2",98,1,есть,report,Очереди нет,18289,
2026-10-08T22:34:00+03:00,"Воронежская область, Новоусманский район, М-4 Дон, 534-й километр, 2",98,1,есть,summary,нет,18282,
2026-10-08T22:34:00+03:00,"Воронежская область, Семилуки, Транспортная улица, 18А",92,1,есть,signal,,18287,
2026-10-08T22:34:00+03:00,"Воронежская область, Семилуки, Транспортная улица, 18А",95,1,есть,signal,,18287,
2026-10-08T22:35:00+03:00,"Воронеж, Холмистая улица, 66",92,1,есть,signal,,18287,
2026-10-08T22:35:00+03:00,"Воронеж, Холмистая улица, 66",95,1,есть,signal,,18287,
2026-10-08T22:35:00+03:00,"Воронеж, улица Любы Шевцовой, 36А",92,1,есть,signal,,18287,
2026-10-08T22:35:00+03:00,"Воронеж, улица Любы Шевцовой, 36А",95,1,есть,signal,,18287,
2026-10-08T22:35:00+03:00,"Воронежская область, село Новая Усмань, улица Ленина, 313/2",92,1,есть,signal,,18287,
2026-10-08T22:35:00+03:00,"Воронежская область, село Новая Усмань, улица Ленина, 313/2",95,1,есть,signal,,18287,
2026-10-08T22:37:00+03:00,"Воронеж, Дорожная улица, 1Б",92,1,есть,signal,,18287,
2026-10-08T22:37:00+03:00,"Воронеж, Дорожная улица, 1Б",95,1,есть,signal,,18287,
2026-10-08T22:37:00+03:00,"Воронеж, улица Свободы, 79Б",92,1,есть,signal,,18287,
2026-10-08T22:37:00+03:00,"Воронеж, улица Свободы, 79Б",95,1,есть,signal,,18287,
2026-10-08T22:39:00+03:00,"Воронеж, Новосибирская улица, 84Б",92,1,есть,signal,,18287,
2026-10-08T22:40:00+03:00,"Воронеж, улица Любы Шевцовой, 36А",92,1,есть,signal,,18287,
2026-10-08T22:40:00+03:00,"Воронеж, улица Любы Шевцовой, 36А",95,1,есть,signal,,18287,
2026-10-08T22:40:00+03:00,"Воронеж, улица Хользунова, 99А",95,1,есть,signal,,18287,
2026-10-08T22:41:00+03:00,"Воронеж, Московский проспект, 129/2",92,1,есть,signal,,18287,
2026-10-08T22:41:00+03:00,"Воронеж, Московский проспект, 129/2",95,1,есть,signal,,18287,
2026-10-08T22:43:00+03:00,"Воронеж, улица 9 Января, 104",92,1,есть,signal,,18287,
2026-10-08T22:43:00+03:00,"Воронеж, улица 9 Января, 104",95,1,есть,signal,,18287,
2026-10-08T22:43:00+03:00,"Воронежская область, Рамонский район, Яменское сельское поселение, посёлок Солнечный, Парковая улица, 7",92,1,есть,signal,,18287,
2026-10-08T22:43:00+03:00,"Воронежская область, Рамонский район, Яменское сельское поселение, посёлок Солнечный, Парковая улица, 7",95,1,есть,signal,,18287,
2026-10-08T22:44:00+03:00,"Воронеж, проспект Патриотов, 60Б",92,1,есть,report,"Очередь часа на 1,5",18279,
2026-10-08T22:44:00+03:00,"Воронеж, проспект Патриотов, 60Б",95,1,есть,report,"Очередь часа на 1,5",18279,
2026-10-08T22:45:00+03:00,"Воронеж, Новосибирская улица, 2А",95,1,есть,report,очереди нет,18290,
2026-10-08T22:45:00+03:00,"Воронеж, Новосибирская улица, 2А",95,1,есть,summary,нет,18282,
2026-10-08T22:45:00+03:00,"Воронеж, Новосибирская улица, 2А",98,1,есть,report,очереди нет,18290,
2026-10-08T22:45:00+03:00,"Воронеж, Новосибирская улица, 2А",98,1,есть,summary,нет,18282,
2026-10-08T22:47:00+03:00,"Воронеж, набережная Максима Горького, 33А",92,1,есть,signal,,18287,
2026-10-08T22:47:00+03:00,"Воронеж, набережная Максима Горького, 33А",95,1,есть,signal,,18287,
2026-10-08T22:47:00+03:00,"Воронеж, улица Хользунова, 99А",95,1,есть,signal,,18287,
2026-10-08T22:47:00+03:00,"Воронежская область, Рамонский район, М-4 Дон, 485-й километр, 1",92,1,есть,signal,,18287,
2026-10-08T22:48:00+03:00,"Воронежская область, село Новая Усмань, Ростовская улица, 133А",95,1,есть,signal,,18287,
2026-10-08T23:17:00+03:00,"Воронеж, улица Чебышева, 13/1",92,1,есть,signal,,18287,
2026-10-08T23:17:00+03:00,"Воронеж, улица Чебышева, 13/1",95,1,есть,signal,,18287,
2026-10-08T23:17:00+03:00,"Воронежская область, Новоусманский район, М-4 Дон, 534-й километр, 2",92,1,есть,signal,,18287,
2026-10-08T23:17:00+03:00,"Воронежская область, Новоусманский район, М-4 Дон, 534-й километр, 2",95,1,есть,signal,,18287,
2026-10-08T23:18:00+03:00,"Воронеж, Московский проспект, 84",92,1,есть,signal,,18287,
2026-10-08T23:18:00+03:00,"Воронеж, Московский проспект, 84",95,1,есть,signal,,18287,
2026-10-08T23:18:00+03:00,"Воронеж, улица Любы Шевцовой, 36А",92,1,есть,signal,,18287,
2026-10-08T23:18:00+03:00,"Воронеж, улица Любы Шевцовой, 36А",95,1,есть,signal,,18287,
2026-10-08T23:19:00+03:00,"Воронеж, Дорожная улица, 1Б",92,1,есть,signal,,18287,
2026-10-08T23:19:00+03:00,"Воронеж, Дорожная улица, 1Б",95,1,есть,signal,,18287,
2026-10-08T23:24:00+03:00,"Воронеж, Новосибирская улица, 2А",98,1,есть,report,5 машин,18291,
2026-10-08T23:24:00+03:00,"Воронеж, Новосибирская улица, 2А",98,1,есть,summary,~5,18282,
2026-10-09T03:09:00+03:00,"Воронеж, улица 9 Января, 223А",100,0,больше нет,report,нет,18298,
2026-10-09T03:09:00+03:00,"Воронеж, улица 9 Января, 223А",92,0,больше нет,report,нет,18298,
2026-10-09T03:09:00+03:00,"Воронеж, улица 9 Января, 223А",95,0,больше нет,report,нет,18298,
2026-10-09T03:09:00+03:00,"Воронеж, улица 9 Января, 223А",95+,0,больше нет,report,нет,18298,
2026-10-09T03:15:00+03:00,"Воронежская область, Новоусманский район, М-4 Дон, 518-й километр, 2",92,1,есть,signal,,18292,
2026-10-09T03:15:00+03:00,"Воронежская область, Новоусманский район, М-4 Дон, 518-й километр, 2",95,1,есть,signal,,18292,
2026-10-09T03:17:00+03:00,"Воронежская область, Рамонский район, Айдаровское сельское поселение, село Чертовицы, улица Мира, 1",92,1,есть,signal,,18292,
2026-10-09T03:17:00+03:00,"Воронежская область, Рамонский район, Айдаровское сельское поселение, село Чертовицы, улица Мира, 1",95,1,есть,signal,,18292,
2026-10-09T03:19:00+03:00,"Воронеж, проспект Патриотов, 1А",92,1,есть,signal,,18292,
2026-10-09T03:19:00+03:00,"Воронеж, проспект Патриотов, 1А",95,1,есть,signal,,18292,
2026-10-09T03:34:00+03:00,"Воронеж, улица Хользунова, 99А",92,1,есть,report,,18299,
2026-10-09T03:34:00+03:00,"Воронеж, улица Хользунова, 99А",95,1,есть,report,,18299,
2026-10-09T07:36:00+03:00,"Воронеж, улица Антонова-Овсеенко, 35А",92,1,есть,summary,,18301,
2026-10-09T07:36:00+03:00,"Воронеж, улица Антонова-Овсеенко, 35А",95+,1,есть,summary,,18301,
2026-10-09T07:38:00+03:00,"Воронеж, улица 9 Января, 258А",100,1,есть,report,51–100 машин,18313,
2026-10-09T07:38:00+03:00,"Воронеж, улица 9 Января, 258А",100,1,есть,summary,51–100 машин,18301,
2026-10-09T07:38:00+03:00,"Воронеж, улица 9 Января, 258А",92,0,больше нет,report,51–100 машин,18313,
2026-10-09T07:38:00+03:00,"Воронеж, улица 9 Января, 258А",92,0,нет,summary,51–100 машин,18301,
2026-10-09T07:38:00+03:00,"Воронеж, улица 9 Января, 258А",95,0,больше нет,report,51–100 машин,18313,
2026-10-09T07:38:00+03:00,"Воронеж, улица 9 Января, 258А",95,0,нет,summary,51–100 машин,18301,
2026-10-09T07:38:00+03:00,"Воронеж, улица 9 Января, 258А",95+,1,есть,report,51–100 машин,18313,
2026-10-09T07:38:00+03:00,"Воронеж, улица 9 Января, 258А",95+,1,есть,summary,51–100 машин,18301,
2026-10-09T07:39:00+03:00,"Воронеж, Солнечная улица, 31Л",92,1,есть,report,1–10 машин,18314,
2026-10-09T07:39:00+03:00,"Воронеж, Солнечная улица, 31Л",92,1,есть,summary,1–10 машин,18301,
2026-10-09T07:39:00+03:00,"Воронеж, Солнечная улица, 31Л",95+,1,есть,report,1–10 машин,18314,
2026-10-09T07:39:00+03:00,"Воронеж, Солнечная улица, 31Л",95+,1,есть,summary,1–10 машин,18301,
2026-10-09T07:47:00+03:00,"Воронеж, улица Хользунова, 99А",92,1,есть,report,51–100 машин,18315,
2026-10-09T07:47:00+03:00,"Воронеж, улица Хользунова, 99А",92,1,есть,summary,51–100 машин,18301,
2026-10-09T07:47:00+03:00,"Воронеж, улица Хользунова, 99А",95,1,есть,report,51–100 машин,18315,
2026-10-09T07:47:00+03:00,"Воронеж, улица Хользунова, 99А",95,1,есть,summary,51–100 машин,18301,
2026-10-09T07:56:00+03:00,"Воронеж, Московский проспект, 84",100,1,есть,report,51–100 машин,18317,
2026-10-09T07:56:00+03:00,"Воронеж, Московский проспект, 84",100,1,есть,summary,51–100 машин,18301,
2026-10-09T07:56:00+03:00,"Воронеж, Московский проспект, 84",92,1,есть,report,51–100 машин,18317,
2026-10-09T07:56:00+03:00,"Воронеж, Московский проспект, 84",92,1,есть,summary,51–100 машин,18301,
2026-10-09T07:56:00+03:00,"Воронеж, Московский проспект, 84",95,1,есть,report,51–100 машин,18317,
2026-10-09T07:56:00+03:00,"Воронеж, Московский проспект, 84",95,1,есть,summary,51–100 машин,18301,
2026-10-09T07:56:00+03:00,"Воронеж, Московский проспект, 84",95+,1,есть,report,51–100 машин,18317,
2026-10-09T07:56:00+03:00,"Воронеж, Московский проспект, 84",95+,1,есть,summary,51–100 машин,18301,
2026-10-09T08:02:00+03:00,"Воронеж, Ленинский проспект, 182",100,1,есть,report,"около 100 машин, движется быстро",18318,
2026-10-09T08:02:00+03:00,"Воронеж, Ленинский проспект, 182",100,1,есть,summary,"около 100 машин, движется быстро",18301,
2026-10-09T08:02:00+03:00,"Воронеж, Ленинский проспект, 182",92,1,есть,report,"около 100 машин, движется быстро",18318,
2026-10-09T08:02:00+03:00,"Воронеж, Ленинский проспект, 182",92,1,есть,summary,"около 100 машин, движется быстро",18301,
2026-10-09T08:02:00+03:00,"Воронеж, Ленинский проспект, 182",95,1,есть,report,"около 100 машин, движется быстро",18318,
2026-10-09T08:02:00+03:00,"Воронеж, Ленинский проспект, 182",95,1,есть,summary,"около 100 машин, движется быстро",18301,
2026-10-09T08:04:00+03:00,"Воронеж, проспект Патриотов, 60Б",100,1,есть,report,21–50 машин,18309,
2026-10-09T08:04:00+03:00,"Воронеж, проспект Патриотов, 60Б",92,1,есть,report,21–50 машин,18309,
2026-10-09T08:04:00+03:00,"Воронеж, проспект Патриотов, 60Б",95,1,есть,report,21–50 машин,18309,
2026-10-09T08:09:00+03:00,"Воронеж, Спокойный переулок, 24А",92,1,есть,summary,50-100 машин,18301,
2026-10-09T08:09:00+03:00,"Воронеж, Спокойный переулок, 24А",95,1,есть,summary,50-100 машин,18301,
2026-10-09T08:09:00+03:00,"Воронеж, Спокойный переулок, 24А",95+,1,есть,summary,50-100 машин,18301,
2026-10-09T08:09:00+03:00,"Воронеж, Спокойный переулок, 24А",ДТ,1,есть,summary,50-100 машин,18301,
2026-10-09T08:13:00+03:00,"Воронежская область, Рамонский район, Айдаровское сельское поселение, село Чертовицы, улица Мира, 1",92,0,больше нет,report,,18320,
2026-10-09T08:17:00+03:00,"Воронеж, Московский проспект, 4А",92,1,есть,signal,,18323,
2026-10-09T08:17:00+03:00,"Воронеж, Московский проспект, 4А",95,1,есть,signal,,18323,
2026-10-09T08:17:00+03:00,"Воронеж, Новосибирская улица, 13Д",92,1,есть,signal,,18323,
2026-10-09T08:17:00+03:00,"Воронеж, Новосибирская улица, 13Д",95,1,есть,signal,,18323,
2026-10-09T08:17:00+03:00,"Воронеж, улица Героев Сибиряков, 2",92,1,есть,signal,,18323,
2026-10-09T08:17:00+03:00,"Воронеж, улица Героев Сибиряков, 2",95,1,есть,signal,,18323,
2026-10-09T08:17:00+03:00,"Воронеж, улица Остужева, 51",92,1,есть,signal,,18323,
2026-10-09T08:17:00+03:00,"Воронеж, улица Остужева, 51",95,1,есть,signal,,18323,
2026-10-09T08:17:00+03:00,"Воронеж, улица Рылеева, 22Н",92,1,есть,signal,,18323,
2026-10-09T08:17:00+03:00,"Воронеж, улица Рылеева, 22Н",95,1,есть,signal,,18323,
2026-10-09T08:17:00+03:00,"Воронежская область, Новоусманский район, М-4 Дон, 534-й километр, 1",92,1,есть,signal,,18323,
2026-10-09T08:17:00+03:00,"Воронежская область, Новоусманский район, М-4 Дон, 534-й километр, 1",95,1,есть,signal,,18323,
2026-10-09T08:18:00+03:00,"Воронеж, Московский проспект, 7А",92,1,есть,signal,,18323,
2026-10-09T08:18:00+03:00,"Воронеж, Московский проспект, 7А",95,1,есть,signal,,18323,
2026-10-09T08:18:00+03:00,"Воронеж, набережная Максима Горького, 33А",92,1,есть,signal,,18323,
2026-10-09T08:18:00+03:00,"Воронеж, набережная Максима Горького, 33А",95,1,есть,signal,,18323,
2026-10-09T08:18:00+03:00,"Воронеж, улица 45-й Стрелковой Дивизии, 238",92,1,есть,signal,,18323,
2026-10-09T08:18:00+03:00,"Воронеж, улица 45-й Стрелковой Дивизии, 238",95,1,есть,signal,,18323,
2026-10-09T08:18:00+03:00,"Воронеж, улица 9 Января, 245А",92,1,есть,signal,,18323,
2026-10-09T08:18:00+03:00,"Воронеж, улица 9 Января, 245А",95,1,есть,signal,,18323,
2026-10-09T08:18:00+03:00,"Воронеж, улица Героев Сибиряков, 1Л",92,1,есть,signal,,18323,
2026-10-09T08:18:00+03:00,"Воронеж, улица Героев Сибиряков, 1Л",95,1,есть,signal,,18323,
2026-10-09T08:18:00+03:00,"Воронеж, улица Ильюшина, 3А",92,1,есть,signal,,18323,
2026-10-09T08:18:00+03:00,"Воронеж, улица Ильюшина, 3А",95,1,есть,signal,,18323,
2026-10-09T08:18:00+03:00,"Воронеж, улица Остужева, 35",92,1,есть,signal,,18323,
2026-10-09T08:18:00+03:00,"Воронеж, улица Остужева, 35",95,1,есть,signal,,18323,
2026-10-09T08:18:00+03:00,"Воронежская область, Рамонский район, Яменское сельское поселение",92,1,есть,signal,,18323,
2026-10-09T08:18:00+03:00,"Воронежская область, Рамонский район, Яменское сельское поселение",95,1,есть,signal,,18323,
2026-10-09T08:18:00+03:00,"Воронежская область, Рамонский район, Яменское сельское поселение, посёлок Солнечный, улица Московское шоссе, 2",92,1,есть,signal,,18323,
2026-10-09T08:18:00+03:00,"Воронежская область, Рамонский район, Яменское сельское поселение, посёлок Солнечный, улица Московское шоссе, 2",95,1,есть,signal,,18323,
2026-10-09T08:19:00+03:00,"Воронеж, Ленинский проспект, 176А",92,1,есть,signal,,18323,
2026-10-09T08:19:00+03:00,"Воронеж, Ленинский проспект, 176А",95,1,есть,signal,,18323,
2026-10-09T08:19:00+03:00,"Воронеж, проспект Патриотов, 1А",92,1,есть,signal,,18323,
2026-10-09T08:19:00+03:00,"Воронеж, проспект Патриотов, 1А",95,1,есть,signal,,18323,
2026-10-09T08:19:00+03:00,"Воронеж, улица Землячки, 7А",92,1,есть,signal,,18323,
2026-10-09T08:19:00+03:00,"Воронеж, улица Землячки, 7А",95,1,есть,signal,,18323,
2026-10-09T08:19:00+03:00,"Воронежская область, Новоусманский район, М-4 Дон, 534-й километр, 2",92,1,есть,signal,,18323,
2026-10-09T08:19:00+03:00,"Воронежская область, Новоусманский район, М-4 Дон, 534-й километр, 2",95,1,есть,signal,,18323,
2026-10-09T08:19:00+03:00,"Воронежская область, Новоусманский район, М-4 Дон, 540-й километр, 6",92,1,есть,signal,,18323,
2026-10-09T08:19:00+03:00,"Воронежская область, Новоусманский район, М-4 Дон, 540-й километр, 6",95,1,есть,signal,,18323,
2026-10-09T08:19:00+03:00,"Воронежская область, Рамонский район, Горожанское сельское поселение",92,1,есть,signal,,18323,
2026-10-09T08:19:00+03:00,"Воронежская область, Рамонский район, Горожанское сельское поселение",95,1,есть,signal,,18323,
2026-10-09T08:19:00+03:00,"Воронежская область, Семилукский район, Р-298, 210-й километр, 1",92,1,есть,signal,,18323,
2026-10-09T08:19:00+03:00,"Воронежская область, Семилукский район, Р-298, 210-й километр, 1",95,1,есть,signal,,18323,
2026-10-09T08:19:00+03:00,"Воронежская область, село Новая Усмань, Дорожная улица, 31",92,1,есть,signal,,18323,
2026-10-09T08:19:00+03:00,"Воронежская область, село Новая Усмань, Дорожная улица, 31",95,1,есть,signal,,18323,
2026-10-09T08:20:00+03:00,"Воронеж, улица Димитрова, 163",92,1,есть,signal,,18323,
2026-10-09T08:20:00+03:00,"Воронеж, улица Димитрова, 163",95,1,есть,signal,,18323,
2026-10-09T08:20:00+03:00,"Воронежская область, село Новая Усмань, улица Ленина, 313/2",92,1,есть,signal,,18323,
2026-10-09T08:20:00+03:00,"Воронежская область, село Новая Усмань, улица Ленина, 313/2",95,1,есть,signal,,18323,
2026-10-09T08:28:00+03:00,"Воронеж, улица Космонавтов, 6А",100,1,есть,report,более 100 машин,18321,
2026-10-09T08:28:00+03:00,"Воронеж, улица Космонавтов, 6А",100,1,есть,summary,более 100 машин,18301,
2026-10-09T08:28:00+03:00,"Воронеж, улица Космонавтов, 6А",92,1,есть,report,более 100 машин,18321,
2026-10-09T08:28:00+03:00,"Воронеж, улица Космонавтов, 6А",92,1,есть,summary,более 100 машин,18301,
2026-10-09T08:28:00+03:00,"Воронеж, улица Космонавтов, 6А",95,1,есть,report,более 100 машин,18321,
2026-10-09T08:28:00+03:00,"Воронеж, улица Космонавтов, 6А",95,1,есть,summary,более 100 машин,18301,
2026-10-09T08:28:00+03:00,"Воронеж, улица Космонавтов, 6А",95+,1,есть,report,более 100 машин,18321,
2026-10-09T08:28:00+03:00,"Воронеж, улица Космонавтов, 6А",95+,1,есть,summary,более 100 машин,18301,
2026-10-09T08:34:00+03:00,"Воронеж, Московский проспект, 144",92,1,есть,report,51–100 машин,18322,
2026-10-09T08:34:00+03:00,"Воронеж, Московский проспект, 144",92,1,есть,summary,51–100 машин,18301,
2026-10-09T08:34:00+03:00,"Воронеж, Московский проспект, 144",95,1,есть,report,51–100 машин,18322,
2026-10-09T08:34:00+03:00,"Воронеж, Московский проспект, 144",95,1,есть,summary,51–100 машин,18301,
2026-10-09T08:36:00+03:00,"Воронеж, Спокойный переулок, 24А",92,1,есть,report,51–100 машин,18324,
2026-10-09T08:36:00+03:00,"Воронеж, Спокойный переулок, 24А",95,1,есть,report,51–100 машин,18324,
2026-10-09T08:36:00+03:00,"Воронеж, Спокойный переулок, 24А",95+,1,возможно есть,report,51–100 машин,18324,
2026-10-09T08:36:00+03:00,"Воронеж, Спокойный переулок, 24А",ДТ,1,есть,report,51–100 машин,18324,
2026-10-09T08:36:00+03:00,"Воронеж, улица Антонова-Овсеенко, 35А",92,1,есть,report,примерно час,18312,
2026-10-09T08:36:00+03:00,"Воронеж, улица Антонова-Овсеенко, 35А",95+,1,есть,report,примерно час,18312,
2026-10-09T09:05:00+03:00,"Воронеж, улица Землячки, 7А",92,1,есть,report,51–100 машин,18333,
2026-10-09T09:05:00+03:00,"Воронеж, улица Землячки, 7А",92,1,есть,summary,51–100 машин,18331,
2026-10-09T09:05:00+03:00,"Воронеж, улица Землячки, 7А",95,1,есть,report,51–100 машин,18333,
2026-10-09T09:05:00+03:00,"Воронеж, улица Землячки, 7А",95,1,есть,summary,51–100 машин,18331,
2026-10-09T09:06:00+03:00,"Воронеж, Ленинский проспект, 182",92,1,есть,report,более 100 машин,18334,
2026-10-09T09:06:00+03:00,"Воронеж, Ленинский проспект, 182",92,1,есть,summary,более 100 машин,18331,
2026-10-09T09:06:00+03:00,"Воронеж, Ленинский проспект, 182",95,1,есть,report,более 100 машин,18334,
2026-10-09T09:06:00+03:00,"Воронеж, Ленинский проспект, 182",95,1,есть,summary,более 100 машин,18331,
2026-10-09T09:17:00+03:00,"Воронеж, проспект Патриотов, 42А",92,1,есть,report,Очередь от танка,18335,
2026-10-09T09:17:00+03:00,"Воронеж, проспект Патриотов, 42А",92,1,есть,summary,от танка,18331,
2026-10-09T09:17:00+03:00,"Воронеж, проспект Патриотов, 42А",95,1,есть,report,Очередь от танка,18335,
2026-10-09T09:17:00+03:00,"Воронеж, проспект Патриотов, 42А",95,1,есть,summary,от танка,18331,
2026-10-09T09:24:00+03:00,"Воронеж, улица Антонова-Овсеенко, 35А",92,1,есть,report,,18336,
2026-10-09T09:24:00+03:00,"Воронеж, улица Антонова-Овсеенко, 35А",92,1,есть,summary,,18331,
2026-10-09T09:24:00+03:00,"Воронеж, улица Антонова-Овсеенко, 35А",95,1,есть,report,,18336,
2026-10-09T09:24:00+03:00,"Воронеж, улица Антонова-Овсеенко, 35А",95,1,есть,summary,,18331,
2026-10-09T09:24:00+03:00,"Воронеж, улица Антонова-Овсеенко, 35А",95+,1,есть,report,,18336,
2026-10-09T09:34:00+03:00,"Воронеж, Московский проспект, 4А",100,1,есть,report,21–50 машин,18337,
2026-10-09T09:34:00+03:00,"Воронеж, Московский проспект, 4А",100,1,есть,summary,21–50 машин,18331,
2026-10-09T09:34:00+03:00,"Воронеж, Московский проспект, 4А",92,1,есть,report,21–50 машин,18337,
2026-10-09T09:34:00+03:00,"Воронеж, Московский проспект, 4А",92,1,есть,summary,21–50 машин,18331,
2026-10-09T09:34:00+03:00,"Воронеж, Московский проспект, 4А",95,0,больше нет,report,21–50 машин,18337,
2026-10-09T09:34:00+03:00,"Воронеж, Московский проспект, 4А",95,0,нет,summary,21–50 машин,18331,
2026-10-09T09:34:00+03:00,"Воронеж, Московский проспект, 4А",95+,0,больше нет,report,21–50 машин,18337,
2026-10-09T09:34:00+03:00,"Воронеж, Московский проспект, 4А",95+,0,нет,summary,21–50 машин,18331,
2026-10-09T09:40:00+03:00,"Воронеж, Кольцовская улица, 24Б",92,1,есть,signal,,18338,
2026-10-09T09:40:00+03:00,"Воронеж, Кольцовская улица, 24Б",95,1,есть,signal,,18338,
2026-10-09T09:40:00+03:00,"Воронеж, Ленинский проспект, 176А",92,1,есть,signal,,18338,
2026-10-09T09:40:00+03:00,"Воронеж, Ленинский проспект, 176А",95,1,есть,signal,,18338,
2026-10-09T09:41:00+03:00,"Воронеж, проспект Патриотов, 1А",100,1,есть,report,51–100 машин,18330,
2026-10-09T09:41:00+03:00,"Воронеж, проспект Патриотов, 1А",92,1,есть,report,51–100 машин,18330,
2026-10-09T09:41:00+03:00,"Воронеж, проспект Патриотов, 1А",92,1,есть,summary,51–100 машин,18331,
2026-10-09T09:41:00+03:00,"Воронеж, проспект Патриотов, 1А",95,1,есть,report,51–100 машин,18330,
2026-10-09T09:41:00+03:00,"Воронеж, проспект Патриотов, 1А",95,1,есть,summary,51–100 машин,18331,
2026-10-09T09:41:00+03:00,"Воронеж, проспект Патриотов, 1А",ДТ,1,есть,report,51–100 машин,18330,
2026-10-09T09:41:00+03:00,"Воронеж, улица Ильюшина, 3А",92,1,есть,report,около 30 минут,18339,
2026-10-09T09:41:00+03:00,"Воронеж, улица Ильюшина, 3А",92,1,есть,summary,~30 мин,18331,
2026-10-09T09:41:00+03:00,"Воронеж, улица Ильюшина, 3А",95,1,есть,report,около 30 минут,18339,
2026-10-09T09:41:00+03:00,"Воронеж, улица Ильюшина, 3А",95,1,есть,summary,~30 мин,18331,
2026-10-09T09:42:00+03:00,"Воронеж, улица Героев Сибиряков, 2",92,1,есть,signal,,18338,
2026-10-09T09:42:00+03:00,"Воронеж, улица Героев Сибиряков, 2",95,1,есть,signal,,18338,
2026-10-09T09:42:00+03:00,"Воронежская область, Рамонский район, Горожанское сельское поселение",92,1,есть,signal,,18338,
2026-10-09T09:42:00+03:00,"Воронежская область, Рамонский район, Горожанское сельское поселение",95,1,есть,signal,,18338,
2026-10-09T09:43:00+03:00,"Воронеж, Московский проспект, 129/2",92,1,есть,signal,,18338,
2026-10-09T09:43:00+03:00,"Воронеж, Московский проспект, 129/2",95,1,есть,signal,,18338,
2026-10-09T09:44:00+03:00,"Воронеж, Спокойный переулок, 24А",92,1,есть,signal,,18338,
2026-10-09T09:44:00+03:00,"Воронеж, Спокойный переулок, 24А",95,1,есть,signal,,18338,
2026-10-09T09:44:00+03:00,"Воронеж, улица Рылеева, 22Н",92,1,есть,signal,,18338,
2026-10-09T09:44:00+03:00,"Воронеж, улица Рылеева, 22Н",95,1,есть,signal,,18338,
2026-10-09T09:45:00+03:00,"Воронежская область, Новоусманский район, Никольское сельское поселение, посёлок совхоза ""Воронежский"", Советская улица, 41А",95,1,есть,signal,,18338,
2026-10-09T09:45:00+03:00,"Воронежская область, Рамонский район, Яменское сельское поселение, посёлок Солнечный, улица Московское шоссе, 2",92,1,есть,signal,,18338,
2026-10-09T09:45:00+03:00,"Воронежская область, Рамонский район, Яменское сельское поселение, посёлок Солнечный, улица Московское шоссе, 2",95,1,есть,signal,,18338,
2026-10-09T09:45:00+03:00,"Воронежская область, Рамонский район, Яменское сельское поселение, хутор Ветряк, Транспортная улица, 6",92,1,есть,signal,Нет,18338,
2026-10-09T09:45:00+03:00,"Воронежская область, Рамонский район, Яменское сельское поселение, хутор Ветряк, Транспортная улица, 6",95,1,есть,signal,Нет,18338,
2026-10-09T09:46:00+03:00,"Воронеж, Волгоградская улица, 41",92,1,есть,signal,,18338,
2026-10-09T09:46:00+03:00,"Воронеж, Волгоградская улица, 41",95,1,есть,signal,,18338,
2026-10-09T09:46:00+03:00,"Воронеж, Ленинский проспект, 154А",92,1,есть,signal,,18338,
2026-10-09T09:46:00+03:00,"Воронеж, Ленинский проспект, 154А",95,1,есть,signal,,18338,
2026-10-09T09:46:00+03:00,"Воронеж, улица 45-й Стрелковой Дивизии, 238",92,1,есть,signal,,18338,
2026-10-09T09:46:00+03:00,"Воронеж, улица 45-й Стрелковой Дивизии, 238",95,1,есть,signal,,18338,
2026-10-09T09:46:00+03:00,"Воронеж, улица Димитрова, 140Д",92,1,есть,signal,,18338,
2026-10-09T09:46:00+03:00,"Воронеж, улица Димитрова, 140Д",95,1,есть,signal,,18338,
2026-10-09T09:46:00+03:00,"Воронеж, улица Остужева, 35",92,1,есть,signal,,18338,
2026-10-09T09:46:00+03:00,"Воронеж, улица Остужева, 35",95,1,есть,signal,,18338,
2026-10-09T09:46:00+03:00,"Воронеж, улица Чебышева, 13/1",92,1,есть,signal,,18338,
2026-10-09T09:46:00+03:00,"Воронеж, улица Чебышева, 13/1",95,1,есть,signal,,18338,
2026-10-09T09:47:00+03:00,"Воронеж, Московский проспект, 84",92,1,есть,signal,Большая,18338,
2026-10-09T09:47:00+03:00,"Воронеж, Московский проспект, 84",95,1,есть,signal,Большая,18338,
2026-10-09T09:47:00+03:00,"Воронеж, Новосибирская улица, 2А",92,1,есть,signal,,18338,
2026-10-09T09:47:00+03:00,"Воронеж, Новосибирская улица, 2А",95,1,есть,signal,,18338,
2026-10-09T09:48:00+03:00,"Воронеж, Дорожная улица, 19А",92,1,есть,signal,,18338,
2026-10-09T09:48:00+03:00,"Воронеж, Дорожная улица, 19А",95,1,есть,signal,,18338,
2026-10-09T09:48:00+03:00,"Воронеж, Новосибирская улица, 13Д",92,1,есть,signal,,18338,
2026-10-09T09:48:00+03:00,"Воронеж, Новосибирская улица, 13Д",95,1,есть,signal,,18338,
2026-10-09T09:48:00+03:00,"Воронеж, Солнечная улица, 31Л",92,1,есть,signal,,18338,
2026-10-09T09:48:00+03:00,"Воронеж, проспект Труда, 107А",92,1,есть,signal,,18338,
2026-10-09T09:48:00+03:00,"Воронеж, проспект Труда, 107А",95,1,есть,signal,,18338,
2026-10-09T09:48:00+03:00,"Воронеж, улица 9 Января, 223А",92,1,есть,signal,,18338,
2026-10-09T09:48:00+03:00,"Воронеж, улица 9 Января, 223А",95,1,есть,signal,,18338,
2026-10-09T09:48:00+03:00,"Воронеж, улица 9 Января, 245А",92,1,есть,signal,,18338,
2026-10-09T09:48:00+03:00,"Воронеж, улица 9 Января, 245А",95,1,есть,signal,,18338,
2026-10-09T09:48:00+03:00,"Воронеж, улица Героев Сибиряков, 1Л",92,1,есть,signal,,18338,
2026-10-09T09:48:00+03:00,"Воронеж, улица Героев Сибиряков, 1Л",95,1,есть,signal,,18338,
2026-10-09T09:48:00+03:00,"Воронеж, улица Остужева, 51",92,1,есть,signal,,18338,
2026-10-09T09:48:00+03:00,"Воронеж, улица Остужева, 51",95,1,есть,signal,,18338,
2026-10-09T09:48:00+03:00,"Воронежская область, Новоусманский район, посёлок Отрадное, Цветочная улица, 26",92,1,есть,signal,,18338,
2026-10-09T09:48:00+03:00,"Воронежская область, Новоусманский район, посёлок Отрадное, Цветочная улица, 26",95,1,есть,signal,,18338,
2026-10-09T09:48:00+03:00,"Воронежская область, село Новая Усмань, Дорожная улица, 31",92,1,есть,signal,,18338,
2026-10-09T09:48:00+03:00,"Воронежская область, село Новая Усмань, Дорожная улица, 31",95,1,есть,signal,,18338,
2026-10-09T09:48:00+03:00,"Воронежская область, село Новая Усмань, улица Ленина, 313/2",92,1,есть,signal,,18338,
2026-10-09T09:48:00+03:00,"Воронежская область, село Новая Усмань, улица Ленина, 313/2",95,1,есть,signal,,18338,
2026-10-09T09:49:00+03:00,"Воронежская область, Новоусманский район, М-4 Дон, 518-й километр, 2",92,1,есть,signal,,18338,
2026-10-09T09:49:00+03:00,"Воронежская область, Новоусманский район, М-4 Дон, 518-й километр, 2",95,1,есть,signal,,18338,
2026-10-09T09:49:00+03:00,"Воронежская область, Новоусманский район, М-4 Дон, 534-й километр, 2",92,1,есть,signal,,18338,
2026-10-09T09:49:00+03:00,"Воронежская область, Новоусманский район, М-4 Дон, 534-й километр, 2",95,1,есть,signal,,18338,
2026-10-09T09:49:00+03:00,"Воронежская область, Новоусманский район, М-4 Дон, 540-й километр, 6",92,1,есть,signal,,18338,
2026-10-09T09:49:00+03:00,"Воронежская область, Новоусманский район, М-4 Дон, 540-й километр, 6",95,1,есть,signal,,18338,
2026-10-09T09:50:00+03:00,"Воронеж, переулок Отличников, 43А",92,1,есть,signal,,18338,
2026-10-09T09:50:00+03:00,"Воронеж, переулок Отличников, 43А",95,1,есть,signal,,18338,
2026-10-09T09:50:00+03:00,"Воронеж, улица Димитрова, 163",92,1,есть,signal,,18338,
2026-10-09T09:50:00+03:00,"Воронеж, улица Димитрова, 163",95,1,есть,signal,,18338,
2026-10-09T09:50:00+03:00,"Воронеж, улица Любы Шевцовой, 36А",92,1,есть,signal,,18338,
2026-10-09T09:50:00+03:00,"Воронеж, улица Любы Шевцовой, 36А",95,1,есть,signal,,18338,
2026-10-09T09:50:00+03:00,"Воронежская область, Новоусманский район, Рогачёвское сельское поселение",92,1,есть,signal,,18338,
2026-10-09T09:50:00+03:00,"Воронежская область, Новоусманский район, Рогачёвское сельское поселение",95,1,есть,signal,,18338,
2026-10-09T09:50:00+03:00,"Воронежская область, село Семилуки, улица Щеголевых, 59",92,1,есть,signal,,18338,
2026-10-09T09:50:00+03:00,"Воронежская область, село Семилуки, улица Щеголевых, 59",95,1,есть,signal,,18338,
2026-10-09T09:51:00+03:00,"Воронеж, Московский проспект, 144",92,1,есть,signal,,18338,
2026-10-09T09:51:00+03:00,"Воронеж, Московский проспект, 144",95,1,есть,signal,,18338,
2026-10-09T09:51:00+03:00,"Воронеж, улица Космонавтов, 6А",100,0,больше нет,report,"Очередь большая, движется быстро",18341,
2026-10-09T09:51:00+03:00,"Воронеж, улица Космонавтов, 6А",100,0,нет,summary,большая · быстро,18331,
2026-10-09T09:51:00+03:00,"Воронеж, улица Космонавтов, 6А",92,1,есть,report,"Очередь большая, движется быстро",18341,
2026-10-09T09:51:00+03:00,"Воронеж, улица Космонавтов, 6А",92,1,есть,summary,большая · быстро,18331,
2026-10-09T09:51:00+03:00,"Воронеж, улица Космонавтов, 6А",95,1,есть,report,"Очередь большая, движется быстро",18341,
2026-10-09T09:51:00+03:00,"Воронеж, улица Космонавтов, 6А",95,1,есть,summary,большая · быстро,18331,
2026-10-09T09:51:00+03:00,"Воронеж, улица Космонавтов, 6А",95+,0,больше нет,report,"Очередь большая, движется быстро",18341,
2026-10-09T09:51:00+03:00,"Воронеж, улица Космонавтов, 6А",95+,0,нет,summary,большая · быстро,18331,
2026-10-09T09:52:00+03:00,"Воронеж, улица Хользунова, 99А",92,1,есть,report,100+ машин,18340,
2026-10-09T09:52:00+03:00,"Воронеж, улица Хользунова, 99А",92,1,есть,summary,100+ машин,18331,
2026-10-09T09:52:00+03:00,"Воронеж, улица Хользунова, 99А",95,1,есть,report,100+ машин,18340,
2026-10-09T09:52:00+03:00,"Воронеж, улица Хользунова, 99А",95,1,есть,summary,100+ машин,18331,
2026-10-09T10:39:00+03:00,"Воронеж, улица Антонова-Овсеенко, 35А",92,1,есть,report,50-100 машин,18343,
2026-10-09T10:39:00+03:00,"Воронеж, улица Антонова-Овсеенко, 35А",92,1,есть,summary,50-100 машин,18331,
2026-10-09T10:39:00+03:00,"Воронеж, улица Антонова-Овсеенко, 35А",95,1,есть,report,50-100 машин,18343,
2026-10-09T10:39:00+03:00,"Воронеж, улица Антонова-Овсеенко, 35А",95,1,есть,summary,50-100 машин,18331,
2026-10-09T10:39:00+03:00,"Воронеж, улица Антонова-Овсеенко, 35А",ДТ,1,есть,report,50-100 машин,18343,
2026-10-09T10:39:00+03:00,"Воронеж, улица Антонова-Овсеенко, 35А",ДТ,1,есть,summary,50-100 машин,18331,
2026-10-09T10:43:00+03:00,"Воронежская область, Новоусманский район, посёлок Отрадное, Цветочная улица, 26",92,1,есть,report,20-30 мин,18345,
2026-10-09T10:43:00+03:00,"Воронежская область, Новоусманский район, посёлок Отрадное, Цветочная улица, 26",92,1,есть,summary,~20-30 мин,18331,
2026-10-09T10:46:00+03:00,"Воронеж, Московский проспект, 4А",100,1,есть,report,нет,18347,
2026-10-09T10:46:00+03:00,"Воронеж, Московский проспект, 4А",100,1,есть,summary,нет,18331,
2026-10-09T10:46:00+03:00,"Воронеж, улица 9 Января, 223А",95,1,есть,report,21–50 машин,18346,
2026-10-09T10:46:00+03:00,"Воронеж, улица 9 Января, 223А",95,1,есть,summary,21–50 машин,18331,
2026-10-09T10:47:00+03:00,"Воронеж, Ленинский проспект, 182",92,1,есть,signal,,18342,
2026-10-09T10:47:00+03:00,"Воронеж, Ленинский проспект, 182",95,1,есть,signal,,18342,
2026-10-09T10:47:00+03:00,"Воронеж, набережная Максима Горького, 33А",92,1,есть,signal,,18342,
2026-10-09T10:47:00+03:00,"Воронеж, набережная Максима Горького, 33А",95,1,есть,signal,,18342,
2026-10-09T10:47:00+03:00,"Воронеж, улица Антонова-Овсеенко, 7А",92,1,есть,signal,,18342,
2026-10-09T10:47:00+03:00,"Воронеж, улица Антонова-Овсеенко, 7А",95,1,есть,signal,,18342,
2026-10-09T10:47:00+03:00,"Воронеж, улица Рылеева, 22Н",92,1,есть,signal,,18342,
2026-10-09T10:47:00+03:00,"Воронеж, улица Рылеева, 22Н",95,1,есть,signal,,18342,
2026-10-09T10:48:00+03:00,"Воронеж, Дорожная улица, 19А",92,1,есть,signal,,18342,
2026-10-09T10:48:00+03:00,"Воронеж, Дорожная улица, 19А",95,1,есть,signal,,18342,
2026-10-09T10:48:00+03:00,"Воронеж, Ленинский проспект, 176А",92,1,есть,signal,,18342,
2026-10-09T10:48:00+03:00,"Воронеж, Ленинский проспект, 176А",95,1,есть,signal,,18342,
2026-10-09T10:48:00+03:00,"Воронеж, Московский проспект, 129/2",92,1,есть,signal,,18342,
2026-10-09T10:48:00+03:00,"Воронеж, Московский проспект, 129/2",95,1,есть,signal,,18342,
2026-10-09T10:48:00+03:00,"Воронеж, улица Землячки, 7А",92,1,есть,signal,,18342,
2026-10-09T10:48:00+03:00,"Воронеж, улица Землячки, 7А",95,1,есть,signal,,18342,
2026-10-09T10:48:00+03:00,"Воронежская область, Новоусманский район, М-4 Дон, 534-й километр, 2",92,1,есть,signal,,18342,
2026-10-09T10:48:00+03:00,"Воронежская область, Новоусманский район, М-4 Дон, 534-й километр, 2",95,1,есть,signal,,18342,
2026-10-09T10:48:00+03:00,"Воронежская область, Рамонский район, Яменское сельское поселение, хутор Ветряк, Транспортная улица, 6",92,1,есть,signal,Нет,18342,
2026-10-09T10:48:00+03:00,"Воронежская область, Рамонский район, Яменское сельское поселение, хутор Ветряк, Транспортная улица, 6",95,1,есть,signal,Нет,18342,
2026-10-09T10:48:00+03:00,"Воронежская область, село Новая Усмань, улица Ленина, 313/2",92,1,есть,signal,Большая,18342,
2026-10-09T10:48:00+03:00,"Воронежская область, село Новая Усмань, улица Ленина, 313/2",95,1,есть,signal,Большая,18342,
2026-10-09T10:49:00+03:00,"Воронеж, Московский проспект, 144",92,1,есть,signal,,18342,
2026-10-09T10:49:00+03:00,"Воронеж, Московский проспект, 144",95,1,есть,signal,,18342,
2026-10-09T10:49:00+03:00,"Воронеж, Московский проспект, 7А",92,1,есть,signal,Большая,18342,
2026-10-09T10:49:00+03:00,"Воронеж, Московский проспект, 7А",95,1,есть,signal,Большая,18342,
2026-10-09T10:49:00+03:00,"Воронеж, Новосибирская улица, 84Б",92,1,есть,signal,,18342,
2026-10-09T10:49:00+03:00,"Воронеж, Новосибирская улица, 84Б",95,1,есть,signal,,18342,
2026-10-09T10:49:00+03:00,"Воронеж, проспект Патриотов, 42А",92,1,есть,signal,,18342,
2026-10-09T10:49:00+03:00,"Воронеж, проспект Патриотов, 42А",95,1,есть,signal,,18342,
2026-10-09T10:50:00+03:00,"Воронеж, Ленинский проспект, 154А",92,1,есть,signal,,18342,
2026-10-09T10:50:00+03:00,"Воронеж, Ленинский проспект, 154А",95,1,есть,signal,,18342,
2026-10-09T10:50:00+03:00,"Воронеж, переулок Отличников, 43А",92,1,есть,signal,,18342,
2026-10-09T10:50:00+03:00,"Воронеж, переулок Отличников, 43А",95,1,есть,signal,,18342,
2026-10-09T10:50:00+03:00,"Воронеж, проспект Патриотов, 1А",92,1,есть,signal,,18342,
2026-10-09T10:50:00+03:00,"Воронеж, проспект Патриотов, 1А",95,1,есть,signal,,18342,
2026-10-09T10:50:00+03:00,"Воронежская область, Рамонский район, Яменское сельское поселение",92,1,есть,signal,Нет,18342,
2026-10-09T10:50:00+03:00,"Воронежская область, Рамонский район, Яменское сельское поселение",95,1,есть,signal,Нет,18342,
2026-10-09T10:51:00+03:00,"Воронеж, улица Димитрова, 140Д",92,1,есть,signal,,18342,
2026-10-09T11:02:00+03:00,"Воронеж, Спокойный переулок, 24А",92,1,есть,report,51–100 машин,18348,
2026-10-09T11:02:00+03:00,"Воронеж, Спокойный переулок, 24А",92,1,есть,summary,51–100 машин,18331,
2026-10-09T11:02:00+03:00,"Воронеж, Спокойный переулок, 24А",95,1,есть,report,51–100 машин,18348,
2026-10-09T11:02:00+03:00,"Воронеж, Спокойный переулок, 24А",95,1,есть,summary,51–100 машин,18331,
2026-10-09T11:02:00+03:00,"Воронеж, Спокойный переулок, 24А",95+,1,есть,report,51–100 машин,18348,
2026-10-09T11:02:00+03:00,"Воронеж, Спокойный переулок, 24А",95+,1,есть,summary,51–100 машин,18331,
2026-10-09T11:07:00+03:00,"Воронеж, Волгоградская улица, 41",92,1,есть,report,30+ машин,18344,
2026-10-09T11:07:00+03:00,"Воронеж, Волгоградская улица, 41",92,1,есть,summary,30+,18331,
2026-10-09T11:07:00+03:00,"Воронеж, Волгоградская улица, 41",95,1,есть,report,30+ машин,18344,
2026-10-09T11:07:00+03:00,"Воронеж, Волгоградская улица, 41",95,1,есть,summary,30+,18331,
2026-10-09T11:10:00+03:00,"Воронеж, Московский проспект, 4А",100,0,больше нет,report,11–20 машин,18349,
2026-10-09T11:10:00+03:00,"Воронеж, Московский проспект, 4А",100,0,нет,summary,11–20 машин,18331,
2026-10-09T11:10:00+03:00,"Воронеж, Московский проспект, 4А",92,1,есть,report,11–20 машин,18349,
2026-10-09T11:10:00+03:00,"Воронеж, Московский проспект, 4А",92,1,есть,summary,11–20 машин,18331,
2026-10-09T11:10:00+03:00,"Воронеж, Московский проспект, 4А",95+,0,больше нет,report,11–20 машин,18349,
2026-10-09T11:10:00+03:00,"Воронеж, Московский проспект, 4А",95+,0,нет,summary,11–20 машин,18331,
2026-10-09T11:11:00+03:00,"Воронеж, проспект Патриотов, 60Б",92,1,есть,report,"очередь 20-35 машин, пользователь стоит в очереди",18350,
2026-10-09T11:11:00+03:00,"Воронеж, проспект Патриотов, 60Б",95,1,есть,report,"очередь 20-35 машин, пользователь стоит в очереди",18350,
2026-10-09T11:11:00+03:00,"Воронеж, проспект Патриотов, 60Б",ДТ,1,есть,report,"очередь 20-35 машин, пользователь стоит в очереди",18350,
2026-10-09T11:15:00+03:00,"Воронеж, Московский проспект, 84",92,1,есть,signal,Большая,18342,
2026-10-09T11:15:00+03:00,"Воронеж, Московский проспект, 84",95,1,есть,signal,Большая,18342,
2026-10-09T11:15:00+03:00,"Воронеж, улица Антонова-Овсеенко, 7А",92,1,есть,signal,,18342,
2026-10-09T11:15:00+03:00,"Воронеж, улица Антонова-Овсеенко, 7А",95,1,есть,signal,,18342,
2026-10-09T11:15:00+03:00,"Воронеж, улица Свободы, 79Б",92,1,есть,signal,,18342,
2026-10-09T11:15:00+03:00,"Воронеж, улица Свободы, 79Б",95,1,есть,signal,,18342,
2026-10-09T11:15:00+03:00,"Воронеж, улица Чебышева, 13/1",92,1,есть,signal,,18342,
2026-10-09T11:15:00+03:00,"Воронеж, улица Чебышева, 13/1",95,1,есть,signal,,18342,
2026-10-09T11:16:00+03:00,"Воронеж, Дорожная улица, 1Б",92,1,есть,signal,,18342,
2026-10-09T11:16:00+03:00,"Воронеж, Дорожная улица, 1Б",95,1,есть,signal,,18342,
2026-10-09T11:16:00+03:00,"Воронеж, Московский проспект, 7А",92,1,есть,signal,Большая,18342,
2026-10-09T11:16:00+03:00,"Воронеж, Московский проспект, 7А",95,1,есть,signal,Большая,18342,
2026-10-09T11:16:00+03:00,"Воронеж, Новосибирская улица, 13Д",92,1,есть,signal,,18342,
2026-10-09T11:16:00+03:00,"Воронеж, Новосибирская улица, 13Д",95,1,есть,signal,,18342,
2026-10-09T11:16:00+03:00,"Воронеж, Новосибирская улица, 84Б",92,1,есть,signal,,18342,
2026-10-09T11:16:00+03:00,"Воронеж, Новосибирская улица, 84Б",95,1,есть,signal,,18342,
2026-10-09T11:16:00+03:00,"Воронеж, проспект Патриотов, 42А",92,1,есть,signal,,18342,
2026-10-09T11:16:00+03:00,"Воронеж, проспект Патриотов, 42А",95,1,есть,signal,,18342,
2026-10-09T11:16:00+03:00,"Воронеж, улица 9 Января, 104",92,1,есть,signal,,18342,
2026-10-09T11:16:00+03:00,"Воронеж, улица 9 Января, 104",95,1,есть,signal,,18342,
2026-10-09T11:16:00+03:00,"Воронеж, улица 9 Января, 245А",92,1,есть,signal,,18342,
2026-10-09T11:16:00+03:00,"Воронеж, улица 9 Января, 245А",95,1,есть,signal,,18342,
2026-10-09T11:16:00+03:00,"Воронеж, улица Остужева, 51",92,1,есть,signal,,18342,
2026-10-09T11:16:00+03:00,"Воронеж, улица Остужева, 51",95,1,есть,signal,,18342,
2026-10-09T11:16:00+03:00,"Воронежская область, Новоусманский район, М-4 Дон, 522-й километр",95,1,есть,signal,,18342,
2026-10-09T11:16:00+03:00,"Воронежская область, Новоусманский район, М-4 Дон, 534-й километр, 1",92,1,есть,signal,,18342,
2026-10-09T11:16:00+03:00,"Воронежская область, Новоусманский район, М-4 Дон, 534-й километр, 1",95,1,есть,signal,,18342,
2026-10-09T11:16:00+03:00,"Воронежская область, Новоусманский район, Рогачёвское сельское поселение",92,1,есть,signal,,18342,
2026-10-09T11:16:00+03:00,"Воронежская область, Новоусманский район, Рогачёвское сельское поселение",95,1,есть,signal,,18342,
2026-10-09T11:16:00+03:00,"Воронежская область, Рамонский район, М-4 Дон, 485-й километр, 1",92,1,есть,signal,,18342,
2026-10-09T11:16:00+03:00,"Воронежская область, Рамонский район, М-4 Дон, 485-й километр, 1",95,1,есть,signal,,18342,
2026-10-09T11:17:00+03:00,"Воронеж, Ленинский проспект, 176А",92,1,есть,signal,,18342,
2026-10-09T11:17:00+03:00,"Воронеж, Ленинский проспект, 176А",95,1,есть,signal,,18342,
2026-10-09T11:17:00+03:00,"Воронеж, Московский проспект, 129/2",92,1,есть,signal,,18342,
2026-10-09T11:17:00+03:00,"Воронеж, Московский проспект, 129/2",95,1,есть,signal,,18342,
2026-10-09T11:17:00+03:00,"Воронеж, Новосибирская улица, 2А",92,1,есть,signal,,18342,
2026-10-09T11:17:00+03:00,"Воронеж, Новосибирская улица, 2А",95,1,есть,signal,,18342,
2026-10-09T11:17:00+03:00,"Воронеж, Солнечная улица, 31Л",92,1,есть,signal,,18342,
2026-10-09T11:17:00+03:00,"Воронеж, Солнечная улица, 31Л",95,1,есть,signal,,18342,
2026-10-09T11:17:00+03:00,"Воронеж, Холмистая улица, 66",92,1,есть,signal,,18342,
2026-10-09T11:17:00+03:00,"Воронеж, Холмистая улица, 66",95,1,есть,signal,,18342,
2026-10-09T11:17:00+03:00,"Воронеж, проспект Труда, 107А",92,1,есть,signal,,18342,
2026-10-09T11:17:00+03:00,"Воронеж, проспект Труда, 107А",95,1,есть,signal,,18342,
2026-10-09T11:17:00+03:00,"Воронеж, улица Ильюшина, 3А",92,1,есть,signal,,18342,
2026-10-09T11:17:00+03:00,"Воронеж, улица Ильюшина, 3А",95,1,есть,signal,,18342,
2026-10-09T11:17:00+03:00,"Воронеж, улица Остужева, 35",92,1,есть,signal,,18342,
2026-10-09T11:17:00+03:00,"Воронеж, улица Остужева, 35",95,1,есть,signal,,18342,
2026-10-09T11:17:00+03:00,"Воронеж, улица Рылеева, 22Н",92,1,есть,signal,,18342,
2026-10-09T11:17:00+03:00,"Воронеж, улица Рылеева, 22Н",95,1,есть,signal,,18342,
2026-10-09T11:17:00+03:00,"Воронежская область, Рамонский район, Яменское сельское поселение, посёлок Солнечный, улица Московское шоссе, 2",92,1,есть,signal,,18342,
2026-10-09T11:17:00+03:00,"Воронежская область, Рамонский район, Яменское сельское поселение, посёлок Солнечный, улица Московское шоссе, 2",95,1,есть,signal,,18342,
2026-10-09T11:18:00+03:00,"Воронеж, Ленинский проспект, 182",92,1,есть,signal,Большая,18342,
2026-10-09T11:18:00+03:00,"Воронеж, Ленинский проспект, 182",95,1,есть,signal,Большая,18342,
2026-10-09T11:18:00+03:00,"Воронеж, переулок Отличников, 43А",92,1,есть,signal,Большая,18342,
2026-10-09T11:18:00+03:00,"Воронеж, переулок Отличников, 43А",95,1,есть,signal,Большая,18342,
2026-10-09T11:18:00+03:00,"Воронеж, улица Героев Сибиряков, 1Л",92,1,есть,signal,,18342,
2026-10-09T11:18:00+03:00,"Воронеж, улица Героев Сибиряков, 1Л",95,1,есть,signal,,18342,
2026-10-09T11:18:00+03:00,"Воронеж, улица Героев Сибиряков, 2",92,1,есть,signal,,18342,
2026-10-09T11:18:00+03:00,"Воронеж, улица Героев Сибиряков, 2",95,1,есть,signal,,18342,
2026-10-09T11:18:00+03:00,"Воронеж, улица Димитрова, 163",92,1,есть,signal,,18342,
2026-10-09T11:18:00+03:00,"Воронеж, улица Димитрова, 163",95,1,есть,signal,,18342,
2026-10-09T11:18:00+03:00,"Воронеж, улица Землячки, 7А",92,1,есть,signal,,18342,
2026-10-09T11:18:00+03:00,"Воронеж, улица Землячки, 7А",95,1,есть,signal,,18342,
2026-10-09T11:18:00+03:00,"Воронеж, улица Урицкого, 58А",92,1,есть,signal,,18342,
2026-10-09T11:18:00+03:00,"Воронеж, улица Урицкого, 58А",95,1,есть,signal,,18342,
2026-10-09T11:18:00+03:00,"Воронежская область, Новоусманский район, М-4 Дон, 534-й километр, 2",92,1,есть,signal,,18342,
2026-10-09T11:18:00+03:00,"Воронежская область, Новоусманский район, М-4 Дон, 534-й километр, 2",95,1,есть,signal,,18342,
2026-10-09T11:18:00+03:00,"Воронежская область, Рамонский район, Яменское сельское поселение, хутор Ветряк, Транспортная улица, 6",92,1,есть,signal,,18342,
2026-10-09T11:18:00+03:00,"Воронежская область, Рамонский район, Яменское сельское поселение, хутор Ветряк, Транспортная улица, 6",95,1,есть,signal,,18342,
2026-10-09T11:18:00+03:00,"Воронежская область, рабочий посёлок Рамонь, Воронежская улица, 19А",92,1,есть,signal,,18342,
2026-10-09T11:18:00+03:00,"Воронежская область, рабочий посёлок Рамонь, Воронежская улица, 19А",95,1,есть,signal,,18342,
2026-10-09T11:18:00+03:00,"Воронежская область, село Новая Усмань, Дорожная улица, 31",92,1,есть,signal,,18342,
2026-10-09T11:18:00+03:00,"Воронежская область, село Новая Усмань, Дорожная улица, 31",95,1,есть,signal,,18342,
2026-10-09T11:19:00+03:00,"Воронеж, Дорожная улица, 1Б",92,1,есть,signal,,18342,
2026-10-09T11:19:00+03:00,"Воронеж, Дорожная улица, 1Б",95,1,есть,signal,,18342,
2026-10-09T11:19:00+03:00,"Воронеж, Кольцовская улица, 24Б",92,1,есть,signal,,18342,
2026-10-09T11:19:00+03:00,"Воронеж, Кольцовская улица, 24Б",95,1,есть,signal,,18342,
2026-10-09T11:19:00+03:00,"Воронеж, Ленинский проспект, 176А",92,1,есть,signal,,18342,
2026-10-09T11:19:00+03:00,"Воронеж, Ленинский проспект, 176А",95,1,есть,signal,,18342,
2026-10-09T11:19:00+03:00,"Воронеж, Солнечная улица, 31Л",92,1,есть,signal,,18342,
2026-10-09T11:19:00+03:00,"Воронеж, Солнечная улица, 31Л",95,1,есть,signal,,18342,
2026-10-09T11:19:00+03:00,"Воронеж, улица Димитрова, 140Д",92,1,есть,signal,,18342,
2026-10-09T11:19:00+03:00,"Воронеж, улица Любы Шевцовой, 36А",92,1,есть,signal,,18342,
2026-10-09T11:19:00+03:00,"Воронеж, улица Любы Шевцовой, 36А",95,1,есть,signal,,18342,
2026-10-09T11:19:00+03:00,"Воронеж, улица Остужева, 35",92,1,есть,signal,,18342,
2026-10-09T11:19:00+03:00,"Воронеж, улица Остужева, 35",95,1,есть,signal,,18342,
2026-10-09T11:19:00+03:00,"Воронеж, улица Хользунова, 99А",92,1,есть,signal,Большая,18342,
2026-10-09T11:19:00+03:00,"Воронеж, улица Хользунова, 99А",95,1,есть,signal,Большая,18342,
2026-10-09T11:19:00+03:00,"Воронежская область, Рамонский район, Яменское сельское поселение",92,1,есть,signal,,18342,
2026-10-09T11:19:00+03:00,"Воронежская область, Рамонский район, Яменское сельское поселение",95,1,есть,signal,,18342,
2026-10-09T11:20:00+03:00,"Воронеж, Ленинградская улица, 29В",92,1,есть,signal,,18342,
2026-10-09T11:20:00+03:00,"Воронеж, Ленинградская улица, 29В",95,1,есть,signal,,18342,
2026-10-09T11:20:00+03:00,"Воронеж, проспект Патриотов, 42А",92,1,есть,signal,,18342,
2026-10-09T11:20:00+03:00,"Воронеж, проспект Патриотов, 42А",95,1,есть,signal,,18342,
2026-10-09T11:20:00+03:00,"Воронеж, улица Героев Сибиряков, 1Л",92,1,есть,signal,,18342,
2026-10-09T11:20:00+03:00,"Воронеж, улица Героев Сибиряков, 1Л",95,1,есть,signal,,18342,
2026-10-09T11:20:00+03:00,"Воронежская область, Рамонский район, Айдаровское сельское поселение, село Чертовицы, улица Мира, 1",95,1,есть,signal,,18342,
2026-10-09T11:21:00+03:00,"Воронеж, Московский проспект, 7А",92,1,есть,signal,,18342,
2026-10-09T11:21:00+03:00,"Воронеж, Московский проспект, 7А",95,1,есть,signal,,18342,
2026-10-09T11:21:00+03:00,"Воронеж, проспект Патриотов, 1А",92,1,есть,signal,,18342,
2026-10-09T11:21:00+03:00,"Воронеж, проспект Патриотов, 1А",95,1,есть,signal,,18342,
2026-10-09T11:21:00+03:00,"Воронеж, улица 45-й Стрелковой Дивизии, 238",95,1,есть,report,,18351,
2026-10-09T11:21:00+03:00,"Воронеж, улица 45-й Стрелковой Дивизии, 238",95,1,есть,summary,,18331,
2026-10-09T11:21:00+03:00,"Воронеж, улица 45-й Стрелковой Дивизии, 238",95+,1,есть,report,,18351,
2026-10-09T11:21:00+03:00,"Воронеж, улица 45-й Стрелковой Дивизии, 238",95+,1,есть,summary,,18331,
2026-10-09T11:22:00+03:00,"Воронеж, Ленинский проспект, 182",92,1,есть,signal,,18342,
2026-10-09T11:22:00+03:00,"Воронеж, Ленинский проспект, 182",95,1,есть,signal,,18342,
2026-10-09T11:22:00+03:00,"Воронеж, Новосибирская улица, 2А",92,1,есть,signal,,18342,
2026-10-09T11:22:00+03:00,"Воронеж, Новосибирская улица, 2А",95,1,есть,signal,,18342,
2026-10-09T11:22:00+03:00,"Воронеж, проспект Патриотов, 69",92,1,есть,signal,Большая,18342,
2026-10-09T11:22:00+03:00,"Воронеж, проспект Патриотов, 69",95,1,есть,signal,Большая,18342,
2026-10-09T11:22:00+03:00,"Воронеж, проспект Труда, 107А",92,1,есть,signal,,18342,
2026-10-09T11:22:00+03:00,"Воронеж, проспект Труда, 107А",95,1,есть,signal,,18342,
2026-10-09T11:22:00+03:00,"Воронеж, улица Антонова-Овсеенко, 35А",92,1,есть,signal,Большая,18355,
2026-10-09T11:22:00+03:00,"Воронеж, улица Антонова-Овсеенко, 35А",95,1,есть,signal,Большая,18355,
2026-10-09T11:22:00+03:00,"Воронеж, улица Ворошилова",92,1,есть,signal,,18342,
2026-10-09T11:22:00+03:00,"Воронеж, улица Ворошилова",95,1,есть,signal,,18342,
2026-10-09T11:22:00+03:00,"Воронеж, улица Героев Сибиряков, 2",92,1,есть,signal,,18342,
2026-10-09T11:22:00+03:00,"Воронеж, улица Героев Сибиряков, 2",95,1,есть,signal,,18342,
2026-10-09T11:22:00+03:00,"Воронеж, улица Землячки, 7А",92,1,есть,signal,,18342,
2026-10-09T11:22:00+03:00,"Воронеж, улица Землячки, 7А",95,1,есть,signal,,18342,
2026-10-09T11:22:00+03:00,"Воронеж, улица Ильюшина, 3А",92,1,есть,signal,,18342,
2026-10-09T11:22:00+03:00,"Воронеж, улица Ильюшина, 3А",95,1,есть,signal,,18342,
2026-10-09T11:22:00+03:00,"Воронежская область, Рамонский район, Яменское сельское поселение",92,1,есть,signal,,18342,
2026-10-09T11:22:00+03:00,"Воронежская область, Рамонский район, Яменское сельское поселение",95,1,есть,signal,,18342,
2026-10-09T11:22:00+03:00,"Воронежская область, Рамонский район, Яменское сельское поселение, посёлок Солнечный, улица Московское шоссе, 2",92,1,есть,signal,,18342,
2026-10-09T11:22:00+03:00,"Воронежская область, Рамонский район, Яменское сельское поселение, посёлок Солнечный, улица Московское шоссе, 2",95,1,есть,signal,,18342,
2026-10-09T11:22:00+03:00,"Воронежская область, село Новая Усмань, Дорожная улица, 31",92,1,есть,signal,,18342,
2026-10-09T11:22:00+03:00,"Воронежская область, село Новая Усмань, Дорожная улица, 31",95,1,есть,signal,,18342,
2026-10-09T11:23:00+03:00,"Воронеж, Московский проспект, 84",92,1,есть,signal,Большая,18342,
2026-10-09T11:23:00+03:00,"Воронеж, Московский проспект, 84",95,1,есть,signal,Большая,18342,
2026-10-09T11:23:00+03:00,"Воронеж, улица Любы Шевцовой, 36А",92,1,есть,signal,,18342,
2026-10-09T11:23:00+03:00,"Воронеж, улица Любы Шевцовой, 36А",95,1,есть,signal,,18342,
2026-10-09T11:23:00+03:00,"Воронеж, улица Остужева, 51",92,1,есть,signal,,18342,
2026-10-09T11:23:00+03:00,"Воронеж, улица Остужева, 51",95,1,есть,signal,,18342,
2026-10-09T11:23:00+03:00,"Воронеж, улица Хользунова, 99А",92,1,есть,signal,,18342,
2026-10-09T11:23:00+03:00,"Воронеж, улица Хользунова, 99А",95,1,есть,signal,,18342,
2026-10-09T11:23:00+03:00,"Воронежская область, Новоусманский район, М-4 Дон, 518-й километр, 2",92,1,есть,signal,,18342,
2026-10-09T11:23:00+03:00,"Воронежская область, Новоусманский район, М-4 Дон, 518-й километр, 2",95,1,есть,signal,,18342,
2026-10-09T11:23:00+03:00,"Воронежская область, Новоусманский район, М-4 Дон, 534-й километр, 1",92,1,есть,signal,,18342,
2026-10-09T11:23:00+03:00,"Воронежская область, Новоусманский район, М-4 Дон, 534-й километр, 1",95,1,есть,signal,,18342,
2026-10-09T11:23:00+03:00,"Воронежская область, Новоусманский район, Рогачёвское сельское поселение",92,1,есть,signal,,18342,
2026-10-09T11:23:00+03:00,"Воронежская область, Новоусманский район, Рогачёвское сельское поселение",95,1,есть,signal,,18342,
2026-10-09T11:23:00+03:00,"Воронежская область, Рамонский район, Яменское сельское поселение, хутор Ветряк, Транспортная улица, 6",92,1,есть,signal,Нет,18342,
2026-10-09T11:23:00+03:00,"Воронежская область, Рамонский район, Яменское сельское поселение, хутор Ветряк, Транспортная улица, 6",95,1,есть,signal,Нет,18342,
2026-10-09T11:23:00+03:00,"Воронежская область, рабочий посёлок Рамонь, Воронежская улица, 19А",92,1,есть,signal,,18342,
2026-10-09T11:23:00+03:00,"Воронежская область, рабочий посёлок Рамонь, Воронежская улица, 19А",95,1,есть,signal,,18342,
2026-10-09T11:23:00+03:00,"Воронежская область, село Новая Усмань, улица Ленина, 313/2",92,1,есть,signal,,18342,
2026-10-09T11:23:00+03:00,"Воронежская область, село Новая Усмань, улица Ленина, 313/2",95,1,есть,signal,,18342,
2026-10-09T11:24:00+03:00,"Воронеж, Ленинский проспект, 154А",92,1,есть,report,,18352,
2026-10-09T11:24:00+03:00,"Воронеж, Ленинский проспект, 154А",92,1,есть,summary,,18331,
2026-10-09T11:24:00+03:00,"Воронеж, Ленинский проспект, 154А",98,1,есть,report,,18352,
2026-10-09T11:24:00+03:00,"Воронеж, Ленинский проспект, 154А",98,1,есть,summary,,18331,
2026-10-09T11:24:00+03:00,"Воронеж, Московский проспект, 129/2",92,1,есть,signal,,18342,
2026-10-09T11:24:00+03:00,"Воронеж, улица Антонова-Овсеенко, 7А",92,1,есть,signal,,18342,
2026-10-09T11:24:00+03:00,"Воронеж, улица Антонова-Овсеенко, 7А",95,1,есть,signal,,18342,
2026-10-09T11:24:00+03:00,"Воронеж, улица Димитрова, 163",92,1,есть,signal,,18342,
2026-10-09T11:24:00+03:00,"Воронеж, улица Димитрова, 163",95,1,есть,signal,,18342,
2026-10-09T11:24:00+03:00,"Воронеж, улица Чебышева, 13/1",92,1,есть,signal,,18342,
2026-10-09T11:24:00+03:00,"Воронеж, улица Чебышева, 13/1",95,1,есть,signal,,18342,
2026-10-09T11:24:00+03:00,"Воронежская область, село Семилуки, улица Щеголевых, 59",92,1,есть,signal,,18342,
2026-10-09T11:25:00+03:00,"Воронежская область, Новоусманский район, М-4 Дон, 534-й километр, 2",92,1,есть,signal,,18342,
2026-10-09T11:25:00+03:00,"Воронежская область, Новоусманский район, М-4 Дон, 534-й километр, 2",95,1,есть,signal,,18342,
2026-10-09T11:26:00+03:00,"Воронеж, Холмистая улица, 66",92,1,есть,signal,,18342,
2026-10-09T11:26:00+03:00,"Воронеж, Холмистая улица, 66",95,1,есть,signal,,18342,
2026-10-09T11:26:00+03:00,"Воронеж, улица 9 Января, 245А",92,1,есть,signal,,18342,
2026-10-09T11:26:00+03:00,"Воронеж, улица 9 Января, 245А",95,1,есть,signal,,18342,
2026-10-09T11:26:00+03:00,"Воронеж, улица Урицкого, 58А",92,1,есть,signal,,18342,
2026-10-09T11:26:00+03:00,"Воронеж, улица Урицкого, 58А",95,1,есть,signal,,18342,
2026-10-09T11:28:00+03:00,"Воронеж, Московский проспект, 144",100,1,есть,report,"От Академика Конопатова ~1,5 часа",18353,
2026-10-09T11:28:00+03:00,"Воронеж, Московский проспект, 144",100,1,есть,summary,"~1,5 ч",18331,
2026-10-09T11:28:00+03:00,"Воронеж, Московский проспект, 144",95,1,есть,report,"От Академика Конопатова ~1,5 часа",18353,
2026-10-09T11:28:00+03:00,"Воронеж, Московский проспект, 144",95,1,есть,summary,"~1,5 ч",18331,
2026-10-09T11:28:00+03:00,"Воронеж, Московский проспект, 144",95+,1,есть,report,"От Академика Конопатова ~1,5 часа",18353,
2026-10-09T11:28:00+03:00,"Воронеж, Московский проспект, 144",95+,1,есть,summary,"~1,5 ч",18331,
2026-10-09T11:30:00+03:00,"Воронеж, Дорожная улица, 19А",92,1,есть,report,,18354,
2026-10-09T11:30:00+03:00,"Воронеж, Дорожная улица, 19А",92,1,есть,summary,,18331,
2026-10-09T11:30:00+03:00,"Воронеж, Дорожная улица, 19А",95,1,есть,report,,18354,
2026-10-09T11:30:00+03:00,"Воронеж, Дорожная улица, 19А",95,1,есть,summary,,18331,
2026-10-09T11:30:00+03:00,"Воронеж, Дорожная улица, 19А",ДТ,1,есть,report,,18354,
2026-10-09T11:30:00+03:00,"Воронеж, Дорожная улица, 19А",ДТ,1,есть,summary,,18331,
2026-10-09T11:31:00+03:00,"Воронеж, Солнечная улица, 31Л",92,1,есть,signal,,18355,
2026-10-09T11:31:00+03:00,"Воронеж, Солнечная улица, 31Л",95,1,есть,signal,,18355,
2026-10-09T11:31:00+03:00,"Воронеж, улица Рылеева, 22Н",92,1,есть,signal,,18355,
2026-10-09T11:31:00+03:00,"Воронеж, улица Рылеева, 22Н",95,1,есть,signal,,18355,
2026-10-09T11:31:00+03:00,"городской округ Воронеж, Железнодорожный район",92,1,есть,signal,,18355,
2026-10-09T11:31:00+03:00,"городской округ Воронеж, Железнодорожный район",95,1,есть,signal,,18355,
2026-10-09T11:32:00+03:00,"Воронеж, улица Антонова-Овсеенко, 7А",92,1,есть,signal,,18355,
2026-10-09T11:32:00+03:00,"Воронеж, улица Антонова-Овсеенко, 7А",95,1,есть,signal,,18355,
2026-10-09T11:32:00+03:00,"Воронеж, улица Землячки, 7А",92,1,есть,signal,,18355,
2026-10-09T11:32:00+03:00,"Воронеж, улица Землячки, 7А",95,1,есть,signal,,18355,
2026-10-09T11:32:00+03:00,"Воронеж, улица Остужева, 35",92,1,есть,signal,,18355,
2026-10-09T11:32:00+03:00,"Воронеж, улица Остужева, 35",95,1,есть,signal,,18355,
2026-10-09T11:32:00+03:00,"Воронежская область, Рамонский район, М-4 Дон, 485-й километр, 1",92,1,есть,signal,,18355,
2026-10-09T11:32:00+03:00,"Воронежская область, Рамонский район, М-4 Дон, 485-й километр, 1",95,1,есть,signal,,18355,
2026-10-09T11:33:00+03:00,"Воронеж, Холмистая улица, 66",92,1,есть,signal,,18355,
2026-10-09T11:33:00+03:00,"Воронеж, Холмистая улица, 66",95,1,есть,signal,,18355,
2026-10-09T11:33:00+03:00,"Воронежская область, село Новая Усмань, улица Ленина, 313/2",92,1,есть,signal,,18355,
2026-10-09T11:33:00+03:00,"Воронежская область, село Новая Усмань, улица Ленина, 313/2",95,1,есть,signal,,18355,
2026-10-09T11:34:00+03:00,"Воронеж, Дорожная улица, 19А",92,1,есть,report,машин 30,18354,
2026-10-09T11:34:00+03:00,"Воронеж, Дорожная улица, 19А",92,1,есть,summary,~30 машин,18331,
2026-10-09T11:34:00+03:00,"Воронеж, Дорожная улица, 19А",95,1,есть,report,машин 30,18354,
2026-10-09T11:34:00+03:00,"Воронеж, Дорожная улица, 19А",95,1,есть,summary,~30 машин,18331,
2026-10-09T11:34:00+03:00,"Воронеж, Дорожная улица, 19А",ДТ,1,есть,report,машин 30,18354,
2026-10-09T11:34:00+03:00,"Воронеж, Дорожная улица, 19А",ДТ,1,есть,summary,~30 машин,18331,
2026-10-09T11:34:00+03:00,"Воронеж, Ленинградская улица, 29В",92,1,есть,signal,,18355,
2026-10-09T11:34:00+03:00,"Воронеж, Ленинградская улица, 29В",95,1,есть,signal,,18355,
2026-10-09T11:34:00+03:00,"Воронеж, Московский проспект, 7А",92,1,есть,signal,Большая,18355,
2026-10-09T11:34:00+03:00,"Воронеж, Московский проспект, 7А",95,1,есть,signal,Большая,18355,
2026-10-09T11:34:00+03:00,"Воронеж, улица Димитрова, 140Д",92,1,есть,signal,,18355,
2026-10-09T11:34:00+03:00,"Воронеж, улица Ильюшина, 3А",92,1,есть,signal,,18355,
2026-10-09T11:34:00+03:00,"Воронеж, улица Ильюшина, 3А",95,1,есть,signal,,18355,
2026-10-09T11:34:00+03:00,"Воронежская область, Новоусманский район, М-4 Дон, 522-й километр",95,1,есть,signal,,18355,
2026-10-09T11:34:00+03:00,"Воронежская область, Новоусманский район, Никольское сельское поселение, посёлок совхоза ""Воронежский"", Советская улица, 41А",92,1,есть,signal,,18355,
2026-10-09T11:34:00+03:00,"Воронежская область, Новоусманский район, Никольское сельское поселение, посёлок совхоза ""Воронежский"", Советская улица, 41А",95,1,есть,signal,,18355,
2026-10-09T11:34:00+03:00,"Воронежская область, рабочий посёлок Рамонь, Воронежская улица, 19А",92,1,есть,signal,,18355,
2026-10-09T11:34:00+03:00,"Воронежская область, рабочий посёлок Рамонь, Воронежская улица, 19А",95,1,есть,signal,,18355,
2026-10-09T11:35:00+03:00,"Воронеж, улица Героев Сибиряков, 2",92,1,есть,signal,,18355,
2026-10-09T11:35:00+03:00,"Воронеж, улица Героев Сибиряков, 2",95,1,есть,signal,,18355,
2026-10-09T11:35:00+03:00,"Воронеж, улица Димитрова, 163",92,1,есть,signal,,18355,
2026-10-09T11:35:00+03:00,"Воронеж, улица Димитрова, 163",95,1,есть,signal,,18355,
2026-10-09T11:35:00+03:00,"Воронеж, улица Любы Шевцовой, 36А",92,1,есть,signal,,18355,
2026-10-09T11:35:00+03:00,"Воронеж, улица Любы Шевцовой, 36А",95,1,есть,signal,,18355,
2026-10-09T11:35:00+03:00,"Воронежская область, Новоусманский район, М-4 Дон, 518-й километр, 2",92,1,есть,signal,,18355,
2026-10-09T11:35:00+03:00,"Воронежская область, Новоусманский район, М-4 Дон, 518-й километр, 2",95,1,есть,signal,,18355,
2026-10-09T11:35:00+03:00,"Воронежская область, Новоусманский район, посёлок Отрадное, Цветочная улица, 26",100,0,больше нет,report,нет,18356,Лукойл
2026-10-09T11:35:00+03:00,"Воронежская область, Новоусманский район, посёлок Отрадное, Цветочная улица, 26",92,0,больше нет,report,нет,18356,Лукойл
2026-10-09T11:35:00+03:00,"Воронежская область, Новоусманский район, посёлок Отрадное, Цветочная улица, 26",95,0,больше нет,report,нет,18356,Лукойл
2026-10-09T11:35:00+03:00,"Воронежская область, Новоусманский район, посёлок Отрадное, Цветочная улица, 26",95+,0,больше нет,report,нет,18356,Лукойл
2026-10-09T11:35:00+03:00,"Воронежская область, село Новая Усмань, Дорожная улица, 31",92,1,есть,signal,,18355,
2026-10-09T11:35:00+03:00,"Воронежская область, село Новая Усмань, Дорожная улица, 31",95,1,есть,signal,,18355,
2026-10-09T11:36:00+03:00,"Воронеж, проспект Труда, 107А",92,1,есть,signal,,18355,
2026-10-09T11:36:00+03:00,"Воронеж, проспект Труда, 107А",95,1,есть,signal,,18355,
2026-10-09T11:36:00+03:00,"Воронежская область, Новоусманский район, М-4 Дон, 534-й километр, 2",92,1,есть,signal,,18355,
2026-10-09T11:36:00+03:00,"Воронежская область, Новоусманский район, М-4 Дон, 534-й километр, 2",95,1,есть,signal,,18355,
2026-10-09T11:37:00+03:00,"Воронеж, Ленинский проспект, 182",92,1,есть,signal,Большая,18355,
2026-10-09T11:37:00+03:00,"Воронеж, Ленинский проспект, 182",95,1,есть,signal,Большая,18355,
2026-10-09T11:37:00+03:00,"Воронеж, проспект Патриотов, 1А",92,1,есть,signal,,18355,
2026-10-09T11:37:00+03:00,"Воронеж, проспект Патриотов, 1А",95,1,есть,signal,,18355,
2026-10-09T11:37:00+03:00,"Воронеж, улица 45-й Стрелковой Дивизии, 238",95,1,есть,report,1 ч 30 мин,18351,Роснефть
2026-10-09T11:37:00+03:00,"Воронеж, улица 45-й Стрелковой Дивизии, 238",95,1,есть,summary,~1 ч 30 мин,18331,Роснефть
2026-10-09T11:37:00+03:00,"Воронеж, улица 45-й Стрелковой Дивизии, 238",95+,1,есть,report,1 ч 30 мин,18351,Роснефть
2026-10-09T11:37:00+03:00,"Воронеж, улица 45-й Стрелковой Дивизии, 238",95+,1,есть,summary,~1 ч 30 мин,18331,Роснефть
2026-10-09T11:37:00+03:00,"Воронеж, улица Антонова-Овсеенко, 35А",92,1,есть,signal,,18355,
2026-10-09T11:37:00+03:00,"Воронеж, улица Антонова-Овсеенко, 35А",95,1,есть,signal,,18355,
2026-10-09T11:37:00+03:00,"Воронеж, улица Ворошилова",92,1,есть,signal,,18355,
2026-10-09T11:37:00+03:00,"Воронеж, улица Ворошилова",95,1,есть,signal,,18355,
2026-10-09T11:37:00+03:00,"Воронеж, улица Чебышева, 13/1",92,1,есть,signal,,18355,
2026-10-09T11:37:00+03:00,"Воронеж, улица Чебышева, 13/1",95,1,есть,signal,,18355,
2026-10-09T11:38:00+03:00,"Воронеж, переулок Отличников, 43А",92,1,есть,signal,Большая,18355,
2026-10-09T11:38:00+03:00,"Воронеж, переулок Отличников, 43А",95,1,есть,signal,Большая,18355,
2026-10-09T11:38:00+03:00,"Воронеж, проспект Патриотов, 69",92,1,есть,report,небольшая,18357,Роснефть
2026-10-09T11:38:00+03:00,"Воронеж, проспект Патриотов, 69",92,1,есть,summary,небольшая,18331,Роснефть
2026-10-09T11:38:00+03:00,"Воронеж, проспект Патриотов, 69",95,1,есть,report,небольшая,18357,Роснефть
2026-10-09T11:38:00+03:00,"Воронеж, проспект Патриотов, 69",95,1,есть,summary,небольшая,18331,Роснефть
2026-10-09T11:38:00+03:00,"Воронеж, проспект Патриотов, 69",95+,1,есть,report,небольшая,18357,Роснефть
2026-10-09T11:38:00+03:00,"Воронеж, проспект Патриотов, 69",95+,1,есть,summary,небольшая,18331,Роснефть
2026-10-09T11:38:00+03:00,"Воронеж, улица 9 Января, 223А",92,1,есть,signal,,18355,
2026-10-09T11:38:00+03:00,"Воронеж, улица 9 Января, 223А",95,1,есть,signal,,18355,
2026-10-09T11:38:00+03:00,"Воронеж, улица 9 Января, 258А",92,1,есть,signal,,18355,
2026-10-09T11:38:00+03:00,"Воронеж, улица 9 Января, 258А",95,1,есть,signal,,18355,
2026-10-09T11:38:00+03:00,"Воронежская область, Рамонский район, Яменское сельское поселение",92,1,есть,signal,Нет,18355,
2026-10-09T11:38:00+03:00,"Воронежская область, Рамонский район, Яменское сельское поселение",95,1,есть,signal,Нет,18355,
2026-10-09T11:39:00+03:00,"Воронеж, Ленинский проспект, 176А",92,1,есть,signal,,18355,
2026-10-09T11:39:00+03:00,"Воронеж, Ленинский проспект, 176А",95,1,есть,signal,,18355,
2026-10-09T11:39:00+03:00,"Воронежская область, Новоусманский район, М-4 Дон, 534-й километр, 1",92,1,есть,signal,,18355,
2026-10-09T11:39:00+03:00,"Воронежская область, Новоусманский район, М-4 Дон, 534-й километр, 1",95,1,есть,signal,,18355,
2026-10-09T11:39:00+03:00,"Воронежская область, Рамонский район, Яменское сельское поселение, посёлок Солнечный, Парковая улица, 7",92,1,есть,signal,,18355,
2026-10-09T11:39:00+03:00,"Воронежская область, Рамонский район, Яменское сельское поселение, посёлок Солнечный, Парковая улица, 7",95,1,есть,signal,,18355,
2026-10-09T11:39:00+03:00,"Воронежская область, село Новая Усмань, Дорожная улица, 31",92,1,есть,signal,Нет,18355,
2026-10-09T11:39:00+03:00,"Воронежская область, село Новая Усмань, Дорожная улица, 31",95,1,есть,signal,Нет,18355,
2026-10-09T11:40:00+03:00,"Воронеж, Московский проспект, 84",92,1,есть,signal,,18355,
2026-10-09T11:40:00+03:00,"Воронеж, Московский проспект, 84",95,1,есть,signal,,18355,
2026-10-09T11:41:00+03:00,"Воронежская область, Рамонский район, Яменское сельское поселение, хутор Ветряк, Транспортная улица, 6",92,1,есть,signal,Нет,18355,
2026-10-09T11:41:00+03:00,"Воронежская область, Рамонский район, Яменское сельское поселение, хутор Ветряк, Транспортная улица, 6",95,1,есть,signal,Нет,18355,
2026-10-09T11:48:00+03:00,"Воронеж, улица Антонова-Овсеенко, 7А",92,1,есть,signal,,18355,
2026-10-09T11:48:00+03:00,"Воронеж, улица Антонова-Овсеенко, 7А",95,1,есть,signal,,18355,
2026-10-09T11:48:00+03:00,"Воронеж, улица Хользунова, 99А",92,1,есть,report,минут 30,18358,Татнефть
2026-10-09T11:48:00+03:00,"Воронеж, улица Хользунова, 99А",92,1,есть,summary,~30 мин,18331,Татнефть
2026-10-09T11:48:00+03:00,"Воронежская область, село Новая Усмань, Дорожная улица, 31",92,1,есть,signal,Нет,18355,
2026-10-09T11:48:00+03:00,"Воронежская область, село Новая Усмань, Дорожная улица, 31",95,1,есть,signal,Нет,18355,
2026-10-09T11:49:00+03:00,"Воронеж, Новосибирская улица, 2А",92,1,есть,signal,,18355,
2026-10-09T11:49:00+03:00,"Воронеж, Новосибирская улица, 2А",95,1,есть,signal,,18355,
2026-10-09T11:49:00+03:00,"Воронеж, Холмистая улица, 66",92,1,есть,signal,,18355,
2026-10-09T11:49:00+03:00,"Воронеж, Холмистая улица, 66",95,1,есть,signal,,18355,
2026-10-09T11:49:00+03:00,"Воронеж, проспект Патриотов, 1А",92,1,есть,signal,,18355,
2026-10-09T11:49:00+03:00,"Воронеж, проспект Патриотов, 1А",95,1,есть,signal,,18355,
2026-10-09T11:49:00+03:00,"Воронеж, улица 9 Января, 223А",92,1,есть,signal,,18355,
2026-10-09T11:49:00+03:00,"Воронеж, улица 9 Января, 223А",95,1,есть,signal,,18355,
2026-10-09T11:49:00+03:00,"Воронеж, улица Ильюшина, 17",92,1,есть,signal,,18355,
2026-10-09T11:49:00+03:00,"Воронеж, улица Ильюшина, 17",95,1,есть,signal,,18355,
2026-10-09T11:49:00+03:00,"Воронежская область, Рамонский район, Яменское сельское поселение, хутор Ветряк, Транспортная улица, 6",92,1,есть,signal,,18355,
2026-10-09T11:49:00+03:00,"Воронежская область, Рамонский район, Яменское сельское поселение, хутор Ветряк, Транспортная улица, 6",95,1,есть,signal,,18355,
2026-10-09T11:50:00+03:00,"Воронеж, Дорожная улица, 1Б",92,1,есть,signal,,18355,
2026-10-09T11:50:00+03:00,"Воронеж, Дорожная улица, 1Б",95,1,есть,signal,,18355,
2026-10-09T11:50:00+03:00,"Воронеж, Московский проспект, 129/2",92,1,есть,signal,,18355,
2026-10-09T11:50:00+03:00,"Воронеж, Спокойный переулок, 24А",92,1,есть,report,21–50 машин,18348,Роснефть
2026-10-09T11:50:00+03:00,"Воронеж, Спокойный переулок, 24А",92,1,есть,summary,21–50 машин,18331,Роснефть
2026-10-09T11:50:00+03:00,"Воронеж, Спокойный переулок, 24А",95,1,есть,report,21–50 машин,18348,Роснефть
2026-10-09T11:50:00+03:00,"Воронеж, Спокойный переулок, 24А",95,1,есть,summary,21–50 машин,18331,Роснефть
2026-10-09T11:50:00+03:00,"Воронеж, Спокойный переулок, 24А",95+,1,есть,report,21–50 машин,18348,Роснефть
2026-10-09T11:50:00+03:00,"Воронеж, Спокойный переулок, 24А",95+,1,есть,summary,21–50 машин,18331,Роснефть
2026-10-09T11:50:00+03:00,"Воронеж, улица 9 Января, 258А",92,1,есть,signal,,18355,
2026-10-09T11:50:00+03:00,"Воронеж, улица 9 Января, 258А",95,1,есть,signal,,18355,
2026-10-09T11:52:00+03:00,"Воронеж, Московский проспект, 84",92,1,есть,signal,,18355,
2026-10-09T11:52:00+03:00,"Воронеж, Московский проспект, 84",95,1,есть,signal,,18355,
2026-10-09T11:52:00+03:00,"Воронеж, улица 9 Января, 104",92,1,есть,signal,,18355,
2026-10-09T11:52:00+03:00,"Воронеж, улица 9 Января, 104",95,1,есть,signal,,18355,
2026-10-09T11:52:00+03:00,"Воронеж, улица Димитрова, 140Д",92,1,есть,signal,,18355,
2026-10-09T11:52:00+03:00,"Воронеж, улица Ильюшина, 3А",92,1,есть,signal,,18355,
2026-10-09T11:52:00+03:00,"Воронеж, улица Ильюшина, 3А",95,1,есть,signal,,18355,
2026-10-09T11:52:00+03:00,"Воронеж, улица Любы Шевцовой, 36А",92,1,есть,signal,,18355,
2026-10-09T11:52:00+03:00,"Воронеж, улица Любы Шевцовой, 36А",95,1,есть,signal,,18355,
2026-10-09T11:52:00+03:00,"Воронеж, улица Остужева, 35",92,1,есть,signal,,18355,
2026-10-09T11:52:00+03:00,"Воронеж, улица Остужева, 35",95,1,есть,signal,,18355,
2026-10-09T11:52:00+03:00,"Воронежская область, Новоусманский район, М-4 Дон, 534-й километр, 2",92,1,есть,signal,,18355,
2026-10-09T11:52:00+03:00,"Воронежская область, Новоусманский район, М-4 Дон, 534-й километр, 2",95,1,есть,signal,,18355,
2026-10-09T11:53:00+03:00,"Воронеж, набережная Максима Горького, 33А",92,1,есть,signal,,18355,
2026-10-09T11:53:00+03:00,"Воронеж, набережная Максима Горького, 33А",95,1,есть,signal,,18355,
2026-10-09T11:53:00+03:00,"Воронеж, улица Антонова-Овсеенко, 35А",92,1,есть,signal,,18355,
2026-10-09T11:53:00+03:00,"Воронеж, улица Антонова-Овсеенко, 35А",95,1,есть,signal,,18355,
2026-10-09T11:53:00+03:00,"Воронежская область, Рамонский район, М-4 Дон, 485-й километр, 1",92,1,есть,signal,,18355,
2026-10-09T11:53:00+03:00,"Воронежская область, Рамонский район, М-4 Дон, 485-й километр, 1",95,1,есть,signal,,18355,
2026-10-09T11:53:00+03:00,"Воронежская область, село Новая Усмань, Дорожная улица, 31",92,1,есть,signal,,18355,
2026-10-09T11:53:00+03:00,"Воронежская область, село Новая Усмань, Дорожная улица, 31",95,1,есть,signal,,18355,
2026-10-09T11:54:00+03:00,"Воронеж, Волгоградская улица, 41",92,1,есть,signal,,18355,
2026-10-09T11:54:00+03:00,"Воронеж, Волгоградская улица, 41",95,1,есть,signal,,18355,
2026-10-09T11:54:00+03:00,"Воронеж, переулок Отличников, 43А",92,1,есть,signal,,18355,
2026-10-09T11:54:00+03:00,"Воронеж, переулок Отличников, 43А",95,1,есть,signal,,18355,
2026-10-09T11:54:00+03:00,"Воронежская область, Новоусманский район, М-4 Дон, 518-й километр, 2",92,1,есть,signal,,18355,
2026-10-09T11:54:00+03:00,"Воронежская область, Новоусманский район, М-4 Дон, 518-й километр, 2",95,1,есть,signal,,18355,
2026-10-09T11:54:00+03:00,"Воронежская область, рабочий посёлок Рамонь, Воронежская улица, 19А",92,1,есть,signal,,18355,
2026-10-09T11:54:00+03:00,"Воронежская область, рабочий посёлок Рамонь, Воронежская улица, 19А",95,1,есть,signal,,18355,
2026-10-09T11:55:00+03:00,"Воронеж, Ленинский проспект, 182",92,1,есть,signal,,18355,
2026-10-09T11:55:00+03:00,"Воронеж, Ленинский проспект, 182",95,1,есть,signal,,18355,
2026-10-09T11:56:00+03:00,"Воронеж, Ленинградская улица, 29В",92,1,есть,signal,,18355,
2026-10-09T11:56:00+03:00,"Воронеж, Ленинградская улица, 29В",95,1,есть,signal,,18355,
2026-10-09T11:56:00+03:00,"Воронеж, улица Землячки, 7А",92,1,есть,signal,,18355,
2026-10-09T11:56:00+03:00,"Воронеж, улица Землячки, 7А",95,1,есть,signal,,18355,
2026-10-09T11:56:00+03:00,"Воронежская область, село Новая Усмань, улица Ленина, 313/2",92,1,есть,signal,,18355,
2026-10-09T11:56:00+03:00,"Воронежская область, село Новая Усмань, улица Ленина, 313/2",95,1,есть,signal,,18355,
2026-10-09T11:57:00+03:00,"Воронеж, Ленинский проспект, 176А",92,1,есть,signal,,18355,
2026-10-09T11:57:00+03:00,"Воронеж, Ленинский проспект, 176А",95,1,есть,signal,,18355,
2026-10-09T11:57:00+03:00,"Воронеж, проспект Патриотов, 42А",92,1,есть,signal,,18355,
2026-10-09T11:57:00+03:00,"Воронеж, проспект Патриотов, 42А",95,1,есть,signal,,18355,
2026-10-09T11:57:00+03:00,"Воронеж, улица 9 Января, 223А",92,1,есть,signal,,18355,
2026-10-09T11:57:00+03:00,"Воронеж, улица 9 Января, 223А",95,1,есть,signal,,18355,
2026-10-09T11:57:00+03:00,"Воронеж, улица Героев Сибиряков, 2",92,1,есть,signal,,18355,
2026-10-09T11:57:00+03:00,"Воронеж, улица Героев Сибиряков, 2",95,1,есть,signal,,18355,
2026-10-09T11:57:00+03:00,"Воронеж, улица Димитрова, 163",92,1,есть,signal,,18355,
2026-10-09T11:57:00+03:00,"Воронеж, улица Димитрова, 163",95,1,есть,signal,,18355,
2026-10-09T11:57:00+03:00,"Воронеж, улица Космонавтов, 6А",92,1,есть,signal,,18355,
2026-10-09T11:57:00+03:00,"Воронеж, улица Космонавтов, 6А",95,1,есть,signal,,18355,
2026-10-09T11:58:00+03:00,"Воронеж, Холмистая улица, 66",92,1,есть,signal,,18355,
2026-10-09T11:58:00+03:00,"Воронеж, Холмистая улица, 66",95,1,есть,signal,,18355,
2026-10-09T11:58:00+03:00,"Воронежская область, Новоусманский район, М-4 Дон, 518-й километр, 2",92,1,есть,signal,,18355,
2026-10-09T11:58:00+03:00,"Воронежская область, Новоусманский район, М-4 Дон, 518-й километр, 2",95,1,есть,signal,,18355,
2026-10-09T11:59:00+03:00,"Воронеж, Острогожская улица, 144",92,1,есть,signal,,18355,
2026-10-09T11:59:00+03:00,"Воронеж, Острогожская улица, 144",95,1,есть,signal,,18355,
2026-10-09T11:59:00+03:00,"Воронеж, улица Ильюшина, 3А",92,1,есть,signal,,18355,
2026-10-09T11:59:00+03:00,"Воронеж, улица Ильюшина, 3А",95,1,есть,signal,,18355,
2026-10-09T11:59:00+03:00,"Воронежская область, Новоусманский район, Никольское сельское поселение, посёлок совхоза ""Воронежский"", Советская улица, 41А",92,1,есть,signal,,18355,
2026-10-09T11:59:00+03:00,"Воронежская область, Новоусманский район, Никольское сельское поселение, посёлок совхоза ""Воронежский"", Советская улица, 41А",95,1,есть,signal,,18355,
2026-10-09T11:59:00+03:00,"Воронежская область, Новоусманский район, Рогачёвское сельское поселение",92,1,есть,signal,,18355,
2026-10-09T11:59:00+03:00,"Воронежская область, Новоусманский район, Рогачёвское сельское поселение",95,1,есть,signal,,18355,
2026-10-09T11:59:00+03:00,"Воронежская область, село Новая Усмань, улица Ленина, 313/2",92,1,есть,signal,,18355,
2026-10-09T11:59:00+03:00,"Воронежская область, село Новая Усмань, улица Ленина, 313/2",95,1,есть,signal,,18355,
2026-10-09T12:00:00+03:00,"Воронеж, Ленинский проспект, 182",92,1,есть,signal,,18355,
2026-10-09T12:00:00+03:00,"Воронеж, Ленинский проспект, 182",95,1,есть,signal,,18355,
2026-10-09T12:00:00+03:00,"Воронеж, Солнечная улица, 31Л",92,1,есть,signal,,18355,
2026-10-09T12:00:00+03:00,"Воронеж, Солнечная улица, 31Л",95,1,есть,signal,,18355,
2026-10-09T12:00:00+03:00,"Воронеж, проспект Патриотов, 1А",92,1,есть,signal,Большая,18355,
2026-10-09T12:00:00+03:00,"Воронеж, проспект Патриотов, 1А",95,1,есть,signal,Большая,18355,
2026-10-09T12:00:00+03:00,"Воронежская область, Рамонский район, М-4 Дон, 485-й километр, 1",92,1,есть,signal,,18355,
2026-10-09T12:00:00+03:00,"Воронежская область, Рамонский район, М-4 Дон, 485-й километр, 1",95,1,есть,signal,,18355,
2026-10-09T12:01:00+03:00,"Воронеж, Волгоградская улица, 41",92,1,есть,signal,,18355,
2026-10-09T12:01:00+03:00,"Воронеж, Волгоградская улица, 41",95,1,есть,signal,,18355,
2026-10-09T12:01:00+03:00,"Воронеж, Кольцовская улица, 24Б",92,1,есть,signal,,18355,
2026-10-09T12:01:00+03:00,"Воронеж, Кольцовская улица, 24Б",95,1,есть,signal,,18355,
2026-10-09T12:01:00+03:00,"Воронеж, Московский проспект, 4А",92,1,есть,signal,Большая,18355,
2026-10-09T12:01:00+03:00,"Воронеж, Московский проспект, 4А",95,1,есть,signal,Большая,18355,
2026-10-09T12:01:00+03:00,"Воронеж, Московский проспект, 84",92,1,есть,signal,Большая,18355,
2026-10-09T12:01:00+03:00,"Воронеж, Московский проспект, 84",95,1,есть,signal,Большая,18355,
2026-10-09T12:01:00+03:00,"Воронеж, улица Антонова-Овсеенко, 35А",92,1,есть,signal,,18355,
2026-10-09T12:01:00+03:00,"Воронеж, улица Антонова-Овсеенко, 35А",95,1,есть,signal,,18355,
2026-10-09T12:01:00+03:00,"Воронеж, улица Любы Шевцовой, 36А",92,1,есть,signal,,18355,
2026-10-09T12:01:00+03:00,"Воронеж, улица Любы Шевцовой, 36А",95,1,есть,signal,,18355,
2026-10-09T12:01:00+03:00,"Воронеж, улица Чебышева, 13/1",92,1,есть,signal,,18355,
2026-10-09T12:01:00+03:00,"Воронеж, улица Чебышева, 13/1",95,1,есть,signal,,18355,
2026-10-09T12:01:00+03:00,"Воронежская область, Новоусманский район, М-4 Дон, 534-й километр, 2",92,1,есть,signal,,18355,
2026-10-09T12:01:00+03:00,"Воронежская область, Новоусманский район, М-4 Дон, 534-й километр, 2",95,1,есть,signal,,18355,
2026-10-09T12:01:00+03:00,"Воронежская область, Семилуки, Воронежская улица, 1",95,1,есть,signal,,18355,
2026-10-09T12:01:00+03:00,"Воронежская область, рабочий посёлок Рамонь, Воронежская улица, 19А",92,1,есть,signal,,18355,
2026-10-09T12:01:00+03:00,"Воронежская область, рабочий посёлок Рамонь, Воронежская улица, 19А",95,1,есть,signal,,18355,
2026-10-09T12:01:00+03:00,"Воронежская область, село Новая Усмань, Дорожная улица, 31",92,1,есть,signal,,18355,
2026-10-09T12:01:00+03:00,"Воронежская область, село Новая Усмань, Дорожная улица, 31",95,1,есть,signal,,18355,
2026-10-09T12:02:00+03:00,"Воронеж, Новосибирская улица, 84Б",92,1,есть,signal,,18355,
2026-10-09T12:02:00+03:00,"Воронеж, Новосибирская улица, 84Б",95,1,есть,signal,,18355,
2026-10-09T12:02:00+03:00,"Воронеж, улица Рылеева, 22Н",92,1,есть,signal,,18355,
2026-10-09T12:02:00+03:00,"Воронеж, улица Рылеева, 22Н",95,1,есть,signal,,18355,
2026-10-09T12:02:00+03:00,"Воронежская область, Новоусманский район, М-4 Дон, 534-й километр, 1",92,1,есть,signal,,18355,
2026-10-09T12:02:00+03:00,"Воронежская область, Новоусманский район, М-4 Дон, 534-й километр, 1",95,1,есть,signal,,18355,
2026-10-09T12:02:00+03:00,"Воронежская область, Новоусманский район, М-4 Дон, 540-й километр, 6",92,1,есть,signal,,18355,
2026-10-09T12:02:00+03:00,"Воронежская область, Новоусманский район, М-4 Дон, 540-й километр, 6",95,1,есть,signal,,18355,
2026-10-09T12:02:00+03:00,"Воронежская область, Рамонский район, Яменское сельское поселение",92,1,есть,report,нет,18361,Teboil
2026-10-09T12:02:00+03:00,"Воронежская область, Рамонский район, Яменское сельское поселение",92,1,есть,summary,нет,18359,Teboil
2026-10-09T12:02:00+03:00,"Воронежская область, Рамонский район, Яменское сельское поселение",95,1,есть,report,нет,18361,Teboil
2026-10-09T12:02:00+03:00,"Воронежская область, Рамонский район, Яменское сельское поселение",95,1,есть,summary,нет,18359,Teboil
2026-10-09T12:02:00+03:00,"Воронежская область, Рамонский район, Яменское сельское поселение",95+,1,есть,report,нет,18361,Teboil
2026-10-09T12:02:00+03:00,"Воронежская область, Рамонский район, Яменское сельское поселение",95+,1,есть,summary,нет,18359,Teboil
2026-10-09T12:03:00+03:00,"Воронеж, Московский проспект, 129/2",92,1,есть,signal,,18355,
2026-10-09T12:03:00+03:00,"Воронеж, переулок Отличников, 43А",92,1,есть,signal,Большая,18355,
2026-10-09T12:03:00+03:00,"Воронеж, переулок Отличников, 43А",95,1,есть,signal,Большая,18355,
2026-10-09T12:03:00+03:00,"Воронеж, улица 9 Января, 258А",92,1,есть,signal,,18355,
2026-10-09T12:03:00+03:00,"Воронеж, улица 9 Января, 258А",95,1,есть,signal,,18355,
2026-10-09T12:03:00+03:00,"Воронежская область, Рамонский район, Яменское сельское поселение, посёлок Солнечный, улица Московское шоссе, 2",92,1,есть,report,,18362,Газпромнефть
2026-10-09T12:03:00+03:00,"Воронежская область, Рамонский район, Яменское сельское поселение, посёлок Солнечный, улица Московское шоссе, 2",92,1,есть,summary,,18359,Газпромнефть
2026-10-09T12:03:00+03:00,"Воронежская область, Рамонский район, Яменское сельское поселение, посёлок Солнечный, улица Московское шоссе, 2",95,1,есть,report,,18362,Газпромнефть
2026-10-09T12:03:00+03:00,"Воронежская область, Рамонский район, Яменское сельское поселение, посёлок Солнечный, улица Московское шоссе, 2",95,1,есть,summary,,18359,Газпромнефть
2026-10-09T12:03:00+03:00,"Воронежская область, Семилукский район, Девицкое сельское поселение",92,1,есть,signal,,18355,
2026-10-09T12:03:00+03:00,"Воронежская область, Семилукский район, Девицкое сельское поселение",95,1,есть,signal,,18355,
2026-10-09T12:03:00+03:00,"Воронежская область, село Новая Усмань, Дорожная улица, 31",92,1,есть,signal,,18355,
2026-10-09T12:03:00+03:00,"Воронежская область, село Новая Усмань, Дорожная улица, 31",95,1,есть,signal,,18355,
2026-10-09T12:06:00+03:00,"Воронежская область, Новоусманский район, М-4 Дон, 518-й километр, 2",92,1,есть,signal,,18355,
2026-10-09T12:06:00+03:00,"Воронежская область, Новоусманский район, М-4 Дон, 518-й километр, 2",95,1,есть,signal,,18355,
2026-10-09T12:06:00+03:00,"городской округ Воронеж, Железнодорожный район",92,1,есть,signal,,18355,
2026-10-09T12:06:00+03:00,"городской округ Воронеж, Железнодорожный район",95,1,есть,signal,,18355,
2026-10-09T12:07:00+03:00,"Воронеж, улица Ильюшина, 17",92,1,есть,signal,,18355,
2026-10-09T12:07:00+03:00,"Воронеж, улица Ильюшина, 17",95,1,есть,signal,,18355,
2026-10-09T12:07:00+03:00,"Воронеж, улица Ильюшина, 3А",92,1,есть,signal,,18355,
2026-10-09T12:07:00+03:00,"Воронеж, улица Ильюшина, 3А",95,1,есть,signal,,18355,
2026-10-09T12:07:00+03:00,"Воронежская область, Рамонский район, М-4 Дон, 485-й километр, 1",92,1,есть,signal,,18355,
2026-10-09T12:07:00+03:00,"Воронежская область, Рамонский район, М-4 Дон, 485-й километр, 1",95,1,есть,signal,,18355,
2026-10-09T12:08:00+03:00,"Воронеж, Новосибирская улица, 84Б",92,1,есть,signal,,18355,
2026-10-09T12:08:00+03:00,"Воронеж, Новосибирская улица, 84Б",95,1,есть,signal,,18355,
2026-10-09T12:08:00+03:00,"Воронеж, улица Димитрова, 140Д",92,1,есть,signal,,18355,
2026-10-09T12:08:00+03:00,"Воронеж, улица Димитрова, 140Д",95,1,есть,signal,,18355,
2026-10-09T12:08:00+03:00,"Воронеж, улица Рылеева, 22Н",92,1,есть,signal,,18355,
2026-10-09T12:08:00+03:00,"Воронеж, улица Рылеева, 22Н",95,1,есть,signal,,18355,
2026-10-09T12:08:00+03:00,"Воронежская область, село Новая Усмань, Ростовская улица, 133А",92,1,есть,signal,,18355,
2026-10-09T12:08:00+03:00,"Воронежская область, село Новая Усмань, Ростовская улица, 133А",95,1,есть,signal,,18355,
2026-10-09T12:09:00+03:00,"Воронеж, Волгоградская улица, 41",92,1,есть,signal,,18355,
2026-10-09T12:09:00+03:00,"Воронеж, Волгоградская улица, 41",95,1,есть,signal,,18355,
2026-10-09T12:09:00+03:00,"Воронеж, проспект Патриотов, 42А",92,1,есть,signal,,18355,
2026-10-09T12:09:00+03:00,"Воронеж, проспект Патриотов, 42А",95,1,есть,signal,,18355,
2026-10-09T12:09:00+03:00,"Воронеж, улица Героев Сибиряков, 1Л",92,1,есть,signal,,18355,
2026-10-09T12:09:00+03:00,"Воронеж, улица Героев Сибиряков, 1Л",95,1,есть,signal,,18355,
2026-10-09T12:09:00+03:00,"Воронеж, улица Остужева, 37",95,1,есть,signal,,18355,
2026-10-09T12:09:00+03:00,"Воронеж, улица Урицкого, 58А",92,1,есть,signal,,18355,
2026-10-09T12:09:00+03:00,"Воронеж, улица Урицкого, 58А",95,1,есть,signal,,18355,
2026-10-09T12:09:00+03:00,"Воронежская область, Новоусманский район, М-4 Дон, 534-й километр, 1",92,1,есть,signal,,18355,
2026-10-09T12:09:00+03:00,"Воронежская область, Новоусманский район, М-4 Дон, 534-й километр, 1",95,1,есть,signal,,18355,
2026-10-09T12:09:00+03:00,"Воронежская область, Рамонский район, Яменское сельское поселение, хутор Ветряк, Транспортная улица, 6",92,1,есть,signal,,18355,
2026-10-09T12:09:00+03:00,"Воронежская область, Рамонский район, Яменское сельское поселение, хутор Ветряк, Транспортная улица, 6",95,1,есть,signal,,18355,
2026-10-09T12:09:00+03:00,"Воронежская область, село Новая Усмань, Дорожная улица, 31",92,1,есть,signal,,18355,
2026-10-09T12:09:00+03:00,"Воронежская область, село Новая Усмань, Дорожная улица, 31",95,1,есть,signal,,18355,
2026-10-09T12:10:00+03:00,"Воронеж, Ленинский проспект, 154А",92,1,есть,signal,,18355,
2026-10-09T12:10:00+03:00,"Воронеж, Ленинский проспект, 154А",95,1,есть,signal,,18355,
2026-10-09T12:10:00+03:00,"Воронеж, Ленинский проспект, 182",92,1,есть,signal,Большая,18355,
2026-10-09T12:10:00+03:00,"Воронеж, Ленинский проспект, 182",95,1,есть,signal,Большая,18355,
2026-10-09T12:10:00+03:00,"Воронеж, Московский проспект, 84",92,1,есть,signal,Большая,18355,
2026-10-09T12:10:00+03:00,"Воронеж, Московский проспект, 84",95,1,есть,signal,Большая,18355,
2026-10-09T12:10:00+03:00,"Воронеж, улица 9 Января, 258А",92,1,есть,signal,Большая,18355,
2026-10-09T12:10:00+03:00,"Воронеж, улица 9 Января, 258А",95,1,есть,signal,Большая,18355,
2026-10-09T12:10:00+03:00,"Воронеж, улица Антонова-Овсеенко, 7А",92,1,есть,signal,,18355,
2026-10-09T12:10:00+03:00,"Воронеж, улица Антонова-Овсеенко, 7А",95,1,есть,signal,,18355,
2026-10-09T12:10:00+03:00,"Воронежская область, Рамонский район, Горожанское сельское поселение",92,1,есть,signal,,18355,
2026-10-09T12:10:00+03:00,"Воронежская область, Семилукский район, Девицкое сельское поселение",92,1,есть,signal,,18355,
2026-10-09T12:10:00+03:00,"Воронежская область, Семилукский район, Девицкое сельское поселение",95,1,есть,signal,,18355,
2026-10-09T12:11:00+03:00,"Воронеж, Ленинградская улица, 29В",92,1,есть,signal,,18355,
2026-10-09T12:11:00+03:00,"Воронеж, Ленинградская улица, 29В",95,1,есть,signal,,18355,
2026-10-09T12:11:00+03:00,"Воронеж, Новосибирская улица, 13Д",92,1,есть,signal,,18355,
2026-10-09T12:11:00+03:00,"Воронеж, Новосибирская улица, 13Д",95,1,есть,signal,,18355,
2026-10-09T12:11:00+03:00,"Воронеж, Холмистая улица, 66",92,1,есть,signal,,18355,
2026-10-09T12:11:00+03:00,"Воронеж, Холмистая улица, 66",95,1,есть,signal,,18355,
2026-10-09T12:11:00+03:00,"Воронеж, проспект Труда, 107А",92,1,есть,report,21–50 машин,18363,Татнефть
2026-10-09T12:11:00+03:00,"Воронеж, проспект Труда, 107А",92,1,есть,summary,21–50 машин,18359,Татнефть
2026-10-09T12:11:00+03:00,"Воронеж, проспект Труда, 107А",95,1,есть,report,21–50 машин,18363,Татнефть
2026-10-09T12:11:00+03:00,"Воронеж, проспект Труда, 107А",95,1,есть,summary,21–50 машин,18359,Татнефть
2026-10-09T12:11:00+03:00,"Воронеж, улица Димитрова, 163",92,1,есть,signal,,18355,
2026-10-09T12:11:00+03:00,"Воронеж, улица Димитрова, 163",95,1,есть,signal,,18355,
2026-10-09T12:11:00+03:00,"Воронеж, улица Любы Шевцовой, 36А",92,1,есть,signal,,18355,
2026-10-09T12:11:00+03:00,"Воронеж, улица Любы Шевцовой, 36А",95,1,есть,signal,,18355,
2026-10-09T12:11:00+03:00,"Воронежская область, Новоусманский район, М-4 Дон, 522-й километр",92,1,есть,signal,,18355,
2026-10-09T12:11:00+03:00,"Воронежская область, Новоусманский район, М-4 Дон, 522-й километр",95,1,есть,signal,,18355,
2026-10-09T12:11:00+03:00,"Воронежская область, Новоусманский район, М-4 Дон, 534-й километр, 2",92,1,есть,signal,,18355,
2026-10-09T12:11:00+03:00,"Воронежская область, Новоусманский район, М-4 Дон, 534-й километр, 2",95,1,есть,signal,,18355,
2026-10-09T12:11:00+03:00,"Воронежская область, Новоусманский район, Никольское сельское поселение, посёлок совхоза ""Воронежский"", Советская улица, 41А",92,1,есть,signal,,18355,
2026-10-09T12:11:00+03:00,"Воронежская область, Новоусманский район, Никольское сельское поселение, посёлок совхоза ""Воронежский"", Советская улица, 41А",95,1,есть,signal,,18355,
2026-10-09T12:11:00+03:00,"Воронежская область, рабочий посёлок Рамонь, Воронежская улица, 19А",92,1,есть,signal,,18355,
2026-10-09T12:11:00+03:00,"Воронежская область, рабочий посёлок Рамонь, Воронежская улица, 19А",95,1,есть,signal,,18355,
2026-10-09T12:11:00+03:00,"Воронежская область, село Новая Усмань, улица Ленина, 313/2",92,1,есть,signal,,18355,
2026-10-09T12:11:00+03:00,"Воронежская область, село Новая Усмань, улица Ленина, 313/2",95,1,есть,signal,,18355,
2026-10-09T12:12:00+03:00,"Воронеж, Московский проспект, 4А",92,1,есть,signal,,18355,
2026-10-09T12:12:00+03:00,"Воронеж, Московский проспект, 4А",95,1,есть,signal,,18355,
2026-10-09T12:15:00+03:00,"Воронеж, Новосибирская улица, 2А",92,1,есть,signal,,18355,Татнефть
2026-10-09T12:15:00+03:00,"Воронеж, Новосибирская улица, 2А",95,1,есть,signal,,18355,Татнефть
2026-10-09T12:15:00+03:00,"Воронеж, улица Брусилова, 4А",95,1,есть,signal,,18355,ВТК
2026-10-09T12:16:00+03:00,"Воронеж, Ленинградская улица, 29В",92,1,есть,signal,,18355,Лукойл
2026-10-09T12:16:00+03:00,"Воронеж, Ленинградская улица, 29В",95,1,есть,signal,,18355,Лукойл
2026-10-09T12:16:00+03:00,"Воронеж, Ленинский проспект, 154А",92,1,есть,signal,,18355,Татнефть
2026-10-09T12:16:00+03:00,"Воронеж, Ленинский проспект, 154А",95,1,есть,signal,,18355,Татнефть
2026-10-09T12:16:00+03:00,"Воронеж, Солнечная улица, 31Л",92,1,есть,signal,,18355,Teboil
2026-10-09T12:16:00+03:00,"Воронеж, Солнечная улица, 31Л",95,1,есть,signal,,18355,Teboil
2026-10-09T12:16:00+03:00,"Воронеж, Холмистая улица, 66",92,1,есть,signal,,18355,Газпромнефть
2026-10-09T12:16:00+03:00,"Воронеж, Холмистая улица, 66",95,1,есть,signal,,18355,Газпромнефть
2026-10-09T12:16:00+03:00,"Воронеж, улица 9 Января, 245А",92,1,есть,signal,,18355,Роснефть
2026-10-09T12:16:00+03:00,"Воронеж, улица 9 Января, 245А",95,1,есть,signal,,18355,Роснефть
2026-10-09T12:16:00+03:00,"Воронеж, улица Ворошилова",92,1,есть,signal,,18355,Газпромнефть
2026-10-09T12:16:00+03:00,"Воронеж, улица Ворошилова",95,1,есть,signal,,18355,Газпромнефть
2026-10-09T12:16:00+03:00,"Воронеж, улица Любы Шевцовой, 36А",92,1,есть,signal,,18355,Татнефть
2026-10-09T12:16:00+03:00,"Воронеж, улица Любы Шевцовой, 36А",95,1,есть,signal,,18355,Татнефть
2026-10-09T12:16:00+03:00,"Воронежская область, Новоусманский район, Никольское сельское поселение, посёлок совхоза ""Воронежский"", Советская улица, 41А",92,1,есть,signal,,18355,Лукойл
2026-10-09T12:16:00+03:00,"Воронежская область, Новоусманский район, Никольское сельское поселение, посёлок совхоза ""Воронежский"", Советская улица, 41А",95,1,есть,signal,,18355,Лукойл
2026-10-09T12:16:00+03:00,"Воронежская область, Новоусманский район, Рогачёвское сельское поселение",92,1,есть,signal,,18355,Роснефть
2026-10-09T12:16:00+03:00,"Воронежская область, Новоусманский район, Рогачёвское сельское поселение",95,1,есть,signal,,18355,Роснефть
2026-10-09T12:17:00+03:00,"Воронеж, Московский проспект, 144",92,1,есть,signal,Большая,18355,Роснефть
2026-10-09T12:17:00+03:00,"Воронеж, Московский проспект, 144",95,1,есть,signal,Большая,18355,Роснефть
2026-10-09T12:17:00+03:00,"Воронеж, Московский проспект, 4А",92,1,есть,signal,,18355,Роснефть
2026-10-09T12:17:00+03:00,"Воронеж, Московский проспект, 4А",95,1,есть,signal,,18355,Роснефть
2026-10-09T12:17:00+03:00,"Воронеж, Московский проспект, 7А",92,1,есть,signal,Большая,18355,Teboil
2026-10-09T12:17:00+03:00,"Воронеж, Московский проспект, 7А",95,1,есть,signal,Большая,18355,Teboil
2026-10-09T12:17:00+03:00,"Воронеж, Московский проспект, 84",92,1,есть,signal,Большая,18355,Роснефть
2026-10-09T12:17:00+03:00,"Воронеж, Московский проспект, 84",95,1,есть,signal,Большая,18355,Роснефть
2026-10-09T12:17:00+03:00,"Воронеж, переулок Отличников, 43А",92,1,есть,signal,,18355,Роснефть
2026-10-09T12:17:00+03:00,"Воронеж, переулок Отличников, 43А",95,1,есть,signal,,18355,Роснефть
2026-10-09T12:17:00+03:00,"Воронеж, улица 9 Января, 104",92,1,есть,signal,,18355,ВТК
2026-10-09T12:17:00+03:00,"Воронеж, улица 9 Января, 104",95,1,есть,signal,,18355,ВТК
2026-10-09T12:17:00+03:00,"Воронеж, улица Героев Сибиряков, 1Л",92,1,есть,signal,,18355,Teboil
2026-10-09T12:17:00+03:00,"Воронеж, улица Героев Сибиряков, 1Л",95,1,есть,signal,,18355,Teboil
2026-10-09T12:17:00+03:00,"Воронеж, улица Ильюшина, 17",92,1,есть,signal,,18355,Лукойл
2026-10-09T12:17:00+03:00,"Воронеж, улица Ильюшина, 17",95,1,есть,signal,,18355,Лукойл
2026-10-09T12:17:00+03:00,"Воронеж, улица Космонавтов, 6А",92,1,есть,signal,,18355,Роснефть
2026-10-09T12:17:00+03:00,"Воронеж, улица Космонавтов, 6А",95,1,есть,signal,,18355,Роснефть
2026-10-09T12:17:00+03:00,"Воронеж, улица Остужева, 37",92,1,есть,signal,,18355,Лукойл
2026-10-09T12:17:00+03:00,"Воронеж, улица Остужева, 37",95,1,есть,signal,,18355,Лукойл
2026-10-09T12:17:00+03:00,"Воронеж, улица Остужева, 51",92,1,есть,signal,,18355,Газпромнефть
2026-10-09T12:17:00+03:00,"Воронежская область, Новоусманский район, М-4 Дон, 518-й километр, 2",92,1,есть,signal,,18355,Лукойл
2026-10-09T12:17:00+03:00,"Воронежская область, Новоусманский район, М-4 Дон, 518-й километр, 2",95,1,есть,signal,,18355,Лукойл
2026-10-09T12:17:00+03:00,"Воронежская область, Новоусманский район, М-4 Дон, 531-й километр, 1",92,1,есть,signal,,18355,Лукойл
2026-10-09T12:17:00+03:00,"Воронежская область, село Новая Усмань, улица Ленина, 313/2",92,1,есть,signal,,18355,Роснефть
2026-10-09T12:17:00+03:00,"Воронежская область, село Новая Усмань, улица Ленина, 313/2",95,1,есть,signal,,18355,Роснефть
2026-10-09T12:18:00+03:00,"Воронеж, Волгоградская улица, 41",92,1,есть,signal,,18355,Татнефть
2026-10-09T12:18:00+03:00,"Воронеж, Волгоградская улица, 41",95,1,есть,signal,,18355,Татнефть
2026-10-09T12:18:00+03:00,"Воронеж, Ленинский проспект, 176А",92,1,есть,signal,,18355,Газпромнефть
2026-10-09T12:18:00+03:00,"Воронеж, Ленинский проспект, 176А",95,1,есть,signal,,18355,Газпромнефть
2026-10-09T12:18:00+03:00,"Воронеж, Ленинский проспект, 182",92,1,есть,signal,Большая,18355,Роснефть
2026-10-09T12:18:00+03:00,"Воронеж, Ленинский проспект, 182",95,1,есть,signal,Большая,18355,Роснефть
2026-10-09T12:18:00+03:00,"Воронеж, Московский проспект, 129/2",92,1,есть,signal,,18355,ВТК
2026-10-09T12:18:00+03:00,"Воронеж, Новосибирская улица, 13Д",92,1,есть,signal,,18355,Татнефть
2026-10-09T12:18:00+03:00,"Воронеж, Новосибирская улица, 13Д",95,1,есть,signal,,18355,Татнефть
2026-10-09T12:18:00+03:00,"Воронеж, Острогожская улица, 144",92,1,есть,signal,,18355,Роснефть
2026-10-09T12:18:00+03:00,"Воронеж, Острогожская улица, 144",95,1,есть,signal,,18355,Роснефть
2026-10-09T12:18:00+03:00,"Воронеж, проспект Патриотов, 1А",92,1,есть,signal,Большая,18355,Роснефть
2026-10-09T12:18:00+03:00,"Воронеж, проспект Патриотов, 1А",95,1,есть,signal,Большая,18355,Роснефть
2026-10-09T12:18:00+03:00,"Воронеж, проспект Патриотов, 42А",92,1,есть,signal,,18355,Татнефть
2026-10-09T12:18:00+03:00,"Воронеж, проспект Патриотов, 42А",95,1,есть,signal,,18355,Татнефть
2026-10-09T12:18:00+03:00,"Воронеж, улица 9 Января, 258А",92,1,есть,signal,Большая,18355,Роснефть
2026-10-09T12:18:00+03:00,"Воронеж, улица 9 Января, 258А",95,1,есть,signal,Большая,18355,Роснефть
2026-10-09T12:18:00+03:00,"Воронеж, улица Рылеева, 22Н",92,1,есть,signal,,18355,Teboil
2026-10-09T12:18:00+03:00,"Воронеж, улица Рылеева, 22Н",95,1,есть,signal,,18355,Teboil
2026-10-09T12:18:00+03:00,"Воронежская область, Новоусманский район, М-4 Дон, 534-й километр, 1",92,1,есть,signal,,18355,Татнефть
2026-10-09T12:18:00+03:00,"Воронежская область, Новоусманский район, М-4 Дон, 534-й километр, 1",95,1,есть,signal,,18355,Татнефть
2026-10-09T12:18:00+03:00,"Воронежская область, Новоусманский район, М-4 Дон, 534-й километр, 2",92,1,есть,signal,,18355,Татнефть
2026-10-09T12:18:00+03:00,"Воронежская область, Новоусманский район, М-4 Дон, 534-й километр, 2",95,1,есть,signal,,18355,Татнефть
2026-10-09T12:18:00+03:00,"Воронежская область, Рамонский район, Яменское сельское поселение, хутор Ветряк, Транспортная улица, 6",92,1,есть,signal,,18355,Газпромнефть
2026-10-09T12:18:00+03:00,"Воронежская область, Рамонский район, Яменское сельское поселение, хутор Ветряк, Транспортная улица, 6",95,1,есть,signal,,18355,Газпромнефть
2026-10-09T12:18:00+03:00,"Воронежская область, рабочий посёлок Рамонь, Воронежская улица, 19А",92,1,есть,signal,,18355,Роснефть
2026-10-09T12:18:00+03:00,"Воронежская область, рабочий посёлок Рамонь, Воронежская улица, 19А",95,1,есть,signal,,18355,Роснефть
2026-10-09T12:19:00+03:00,"Воронеж, улица Ильюшина, 3А",92,1,есть,signal,,18355,Роснефть
2026-10-09T12:19:00+03:00,"Воронеж, улица Ильюшина, 3А",95,1,есть,signal,,18355,Роснефть
2026-10-09T12:19:00+03:00,"Воронежская область, село Новая Усмань, Дорожная улица, 31",92,1,есть,signal,,18355,Роснефть
2026-10-09T12:19:00+03:00,"Воронежская область, село Новая Усмань, Дорожная улица, 31",95,1,есть,signal,,18355,Роснефть
2026-10-09T12:21:00+03:00,"Воронеж, Дорожная улица, 19А",100,0,больше нет,report,11–20 машин,18364,Татнефть
2026-10-09T12:21:00+03:00,"Воронеж, Дорожная улица, 19А",100,0,нет,summary,11–20 машин,18359,Татнефть
2026-10-09T12:21:00+03:00,"Воронеж, Дорожная улица, 19А",92,1,есть,report,11–20 машин,18364,Татнефть
2026-10-09T12:21:00+03:00,"Воронеж, Дорожная улица, 19А",92,1,есть,summary,11–20 машин,18359,Татнефть
2026-10-09T12:21:00+03:00,"Воронеж, Дорожная улица, 19А",95,0,больше нет,report,11–20 машин,18364,Татнефть
2026-10-09T12:21:00+03:00,"Воронеж, Дорожная улица, 19А",95,0,нет,summary,11–20 машин,18359,Татнефть
2026-10-09T12:21:00+03:00,"Воронеж, Дорожная улица, 19А",95+,0,больше нет,report,11–20 машин,18364,Татнефть
2026-10-09T12:21:00+03:00,"Воронеж, Дорожная улица, 19А",95+,0,нет,summary,11–20 машин,18359,Татнефть
2026-10-09T12:21:00+03:00,"Воронеж, Дорожная улица, 19А",ДТ,1,есть,report,11–20 машин,18364,Татнефть
2026-10-09T12:21:00+03:00,"Воронеж, Дорожная улица, 19А",ДТ,1,есть,summary,11–20 машин,18359,Татнефть
2026-10-09T12:21:00+03:00,"Воронеж, Ленинский проспект, 176А",92,1,есть,signal,,18372,Газпромнефть
2026-10-09T12:21:00+03:00,"Воронеж, Ленинский проспект, 176А",95,1,есть,signal,,18372,Газпромнефть
2026-10-09T12:21:00+03:00,"Воронеж, улица Ильюшина, 17",92,1,есть,signal,,18372,Лукойл
2026-10-09T12:21:00+03:00,"Воронеж, улица Ильюшина, 17",95,1,есть,signal,,18372,Лукойл
2026-10-09T12:22:00+03:00,"Воронеж, Дорожная улица, 1Б",92,1,есть,signal,,18372,ВТК
2026-10-09T12:22:00+03:00,"Воронеж, Дорожная улица, 1Б",95,1,есть,signal,,18372,ВТК
2026-10-09T12:22:00+03:00,"Воронеж, улица 9 Января, 104",92,1,есть,signal,,18372,ВТК
2026-10-09T12:22:00+03:00,"Воронеж, улица 9 Января, 104",95,1,есть,signal,,18372,ВТК
2026-10-09T12:22:00+03:00,"Воронеж, улица Космонавтов, 6А",92,1,есть,signal,,18372,Роснефть
2026-10-09T12:22:00+03:00,"Воронеж, улица Космонавтов, 6А",95,1,есть,signal,,18372,Роснефть
2026-10-09T12:22:00+03:00,"Воронеж, улица Остужева, 51",92,1,есть,signal,,18372,Газпромнефть
2026-10-09T12:22:00+03:00,"Воронеж, улица Остужева, 51",95,1,есть,signal,,18372,Газпромнефть
2026-10-09T12:22:00+03:00,"Воронеж, улица Чебышева, 13/1",92,1,есть,report,~50 машин,18365,Роснефть
2026-10-09T12:22:00+03:00,"Воронеж, улица Чебышева, 13/1",92,1,есть,summary,~50,18359,Роснефть
2026-10-09T12:22:00+03:00,"Воронеж, улица Чебышева, 13/1",95,1,есть,report,~50 машин,18365,Роснефть
2026-10-09T12:22:00+03:00,"Воронеж, улица Чебышева, 13/1",95,1,есть,summary,~50,18359,Роснефть
2026-10-09T12:22:00+03:00,"Воронежская область, Новоусманский район, М-4 Дон, 534-й километр, 1",92,1,есть,signal,,18372,Татнефть
2026-10-09T12:22:00+03:00,"Воронежская область, Новоусманский район, М-4 Дон, 534-й километр, 1",95,1,есть,signal,,18372,Татнефть
2026-10-09T12:22:00+03:00,"Воронежская область, Новоусманский район, Рогачёвское сельское поселение",92,1,есть,signal,,18372,Роснефть
2026-10-09T12:22:00+03:00,"Воронежская область, Новоусманский район, Рогачёвское сельское поселение",95,1,есть,signal,,18372,Роснефть
2026-10-09T12:23:00+03:00,"Воронеж, Солнечная улица, 31Л",92,1,есть,signal,,18372,Teboil
2026-10-09T12:23:00+03:00,"Воронеж, Солнечная улица, 31Л",95,1,есть,signal,,18372,Teboil
2026-10-09T12:23:00+03:00,"Воронеж, набережная Максима Горького, 33А",92,1,есть,signal,,18372,ВТК
2026-10-09T12:23:00+03:00,"Воронеж, набережная Максима Горького, 33А",95,1,есть,signal,,18372,ВТК
2026-10-09T12:23:00+03:00,"Воронеж, улица 9 Января, 258А",92,1,есть,signal,,18372,Роснефть
2026-10-09T12:23:00+03:00,"Воронеж, улица 9 Января, 258А",95,1,есть,signal,,18372,Роснефть
2026-10-09T12:23:00+03:00,"Воронеж, улица Антонова-Овсеенко, 7А",92,1,есть,signal,,18372,ВТК
2026-10-09T12:23:00+03:00,"Воронеж, улица Антонова-Овсеенко, 7А",95,1,есть,signal,,18372,ВТК
2026-10-09T12:23:00+03:00,"Воронеж, улица Героев Сибиряков, 20А",92,1,есть,signal,,18372,Лукойл
2026-10-09T12:23:00+03:00,"Воронеж, улица Героев Сибиряков, 20А",95,1,есть,signal,,18372,Лукойл
2026-10-09T12:23:00+03:00,"Воронеж, улица Димитрова, 140Д",92,1,есть,signal,,18372,Teboil
2026-10-09T12:23:00+03:00,"Воронеж, улица Димитрова, 140Д",95,1,есть,signal,,18372,Teboil
2026-10-09T12:23:00+03:00,"Воронеж, улица Остужева, 37",92,1,есть,signal,,18372,Лукойл
2026-10-09T12:23:00+03:00,"Воронеж, улица Остужева, 37",95,1,есть,signal,,18372,Лукойл
2026-10-09T12:23:00+03:00,"Воронеж, улица Степана Разина, 1",95,1,есть,signal,,18372,ВТК
2026-10-09T12:23:00+03:00,"Воронежская область, Новоусманский район, Никольское сельское поселение, посёлок совхоза ""Воронежский"", Советская улица, 41А",92,1,есть,signal,,18372,Лукойл
2026-10-09T12:23:00+03:00,"Воронежская область, Новоусманский район, Никольское сельское поселение, посёлок совхоза ""Воронежский"", Советская улица, 41А",95,1,есть,signal,,18372,Лукойл
2026-10-09T12:24:00+03:00,"Воронеж, Кольцовская улица, 24Б",92,1,есть,signal,,18372,ВТК
2026-10-09T12:24:00+03:00,"Воронеж, Кольцовская улица, 24Б",95,1,есть,signal,,18372,ВТК
2026-10-09T12:24:00+03:00,"Воронеж, Ленинский проспект, 154А",92,1,есть,signal,,18372,Татнефть
2026-10-09T12:24:00+03:00,"Воронеж, Ленинский проспект, 154А",95,1,есть,signal,,18372,Татнефть
2026-10-09T12:24:00+03:00,"Воронеж, Московский проспект, 4А",92,1,есть,signal,,18372,Роснефть
2026-10-09T12:24:00+03:00,"Воронеж, Московский проспект, 4А",95,1,есть,signal,,18372,Роснефть
2026-10-09T12:24:00+03:00,"Воронеж, Новосибирская улица, 13Д",92,1,есть,signal,,18372,Татнефть
2026-10-09T12:24:00+03:00,"Воронеж, Новосибирская улица, 13Д",95,1,есть,signal,,18372,Татнефть
2026-10-09T12:24:00+03:00,"Воронеж, Новосибирская улица, 84Б",92,1,есть,signal,,18372,Газпромнефть
2026-10-09T12:24:00+03:00,"Воронеж, Новосибирская улица, 84Б",95,1,есть,signal,,18372,Газпромнефть
2026-10-09T12:24:00+03:00,"Воронеж, проспект Патриотов, 42А",92,1,есть,signal,,18372,Татнефть
2026-10-09T12:24:00+03:00,"Воронеж, проспект Патриотов, 42А",95,1,есть,signal,,18372,Татнефть
2026-10-09T12:24:00+03:00,"Воронеж, улица Димитрова, 163",92,1,есть,signal,,18372,Роснефть
2026-10-09T12:24:00+03:00,"Воронеж, улица Димитрова, 163",95,1,есть,signal,,18372,Роснефть
2026-10-09T12:24:00+03:00,"Воронежская область, Новоусманский район, М-4 Дон, 531-й километр, 1",92,1,есть,signal,,18372,Лукойл
2026-10-09T12:24:00+03:00,"Воронежская область, село Новая Усмань, улица Ленина, 313/2",92,1,есть,signal,Большая,18372,Роснефть
2026-10-09T12:24:00+03:00,"Воронежская область, село Новая Усмань, улица Ленина, 313/2",95,1,есть,signal,Большая,18372,Роснефть
2026-10-09T12:25:00+03:00,"Воронеж, Острогожская улица, 144",92,1,есть,signal,,18372,Роснефть
2026-10-09T12:25:00+03:00,"Воронеж, Острогожская улица, 144",95,1,есть,signal,,18372,Роснефть
2026-10-09T12:25:00+03:00,"Воронеж, проспект Патриотов, 1А",92,1,есть,signal,,18372,Роснефть
2026-10-09T12:25:00+03:00,"Воронеж, проспект Патриотов, 1А",95,1,есть,signal,,18372,Роснефть
2026-10-09T12:25:00+03:00,"Воронеж, улица 9 Января, 223А",92,1,есть,signal,,18372,Татнефть
2026-10-09T12:25:00+03:00,"Воронеж, улица 9 Января, 223А",95,1,есть,signal,,18372,Татнефть
2026-10-09T12:25:00+03:00,"Воронеж, улица Героев Сибиряков, 1Л",92,1,есть,signal,,18372,Teboil
2026-10-09T12:25:00+03:00,"Воронеж, улица Героев Сибиряков, 1Л",95,1,есть,signal,,18372,Teboil
2026-10-09T12:25:00+03:00,"Воронеж, улица Ильюшина, 3А",92,1,есть,signal,,18372,Роснефть
2026-10-09T12:25:00+03:00,"Воронеж, улица Ильюшина, 3А",95,1,есть,signal,,18372,Роснефть
2026-10-09T12:25:00+03:00,"Воронеж, улица Любы Шевцовой, 36А",92,1,есть,signal,,18372,Татнефть
2026-10-09T12:25:00+03:00,"Воронеж, улица Любы Шевцовой, 36А",95,1,есть,signal,,18372,Татнефть
2026-10-09T12:25:00+03:00,"Воронеж, улица Остужева, 35",92,1,есть,signal,,18372,Teboil
2026-10-09T12:25:00+03:00,"Воронеж, улица Остужева, 35",95,1,есть,signal,,18372,Teboil
2026-10-09T12:25:00+03:00,"Воронежская область, Новоусманский район, М-4 Дон, 522-й километр",92,1,есть,signal,,18372,Лукойл
2026-10-09T12:25:00+03:00,"Воронежская область, Новоусманский район, М-4 Дон, 522-й километр",95,1,есть,signal,,18372,Лукойл
2026-10-09T12:25:00+03:00,"Воронежская область, Рамонский район, М-4 Дон, 485-й километр, 1",92,1,есть,signal,,18372,Teboil
2026-10-09T12:25:00+03:00,"Воронежская область, Рамонский район, М-4 Дон, 485-й километр, 1",95,1,есть,signal,,18372,Teboil
2026-10-09T12:25:00+03:00,"Воронежская область, Семилуки, Транспортная улица, 18А",92,1,есть,report,~30 машин,18366,Роснефть
2026-10-09T12:25:00+03:00,"Воронежская область, Семилуки, Транспортная улица, 18А",92,1,есть,summary,~30 машин,18359,Роснефть
2026-10-09T12:25:00+03:00,"Воронежская область, Семилуки, Транспортная улица, 18А",95,1,есть,report,~30 машин,18366,Роснефть
2026-10-09T12:25:00+03:00,"Воронежская область, Семилуки, Транспортная улица, 18А",95,1,есть,summary,~30 машин,18359,Роснефть
2026-10-09T12:25:00+03:00,"Воронежская область, рабочий посёлок Рамонь, Воронежская улица, 19А",92,1,есть,signal,,18372,Роснефть
2026-10-09T12:25:00+03:00,"Воронежская область, рабочий посёлок Рамонь, Воронежская улица, 19А",95,1,есть,signal,,18372,Роснефть
2026-10-09T12:26:00+03:00,"Воронеж, Московский проспект, 144",92,1,есть,signal,,18372,Роснефть
2026-10-09T12:26:00+03:00,"Воронеж, Московский проспект, 144",95,1,есть,signal,,18372,Роснефть
2026-10-09T12:26:00+03:00,"Воронеж, Московский проспект, 84",92,1,есть,signal,Большая,18372,Роснефть
2026-10-09T12:26:00+03:00,"Воронеж, Московский проспект, 84",95,1,есть,signal,Большая,18372,Роснефть
2026-10-09T12:26:00+03:00,"Воронеж, улица Землячки, 7А",92,1,есть,report,21–50 машин,18367,Роснефть
2026-10-09T12:26:00+03:00,"Воронеж, улица Землячки, 7А",92,1,есть,summary,21–50 машин,18359,Роснефть
2026-10-09T12:26:00+03:00,"Воронеж, улица Землячки, 7А",95,1,есть,report,21–50 машин,18367,Роснефть
2026-10-09T12:26:00+03:00,"Воронеж, улица Землячки, 7А",95,1,есть,summary,21–50 машин,18359,Роснефть
2026-10-09T12:26:00+03:00,"Воронеж, улица Землячки, 7А",95+,1,есть,report,21–50 машин,18367,Роснефть
2026-10-09T12:26:00+03:00,"Воронеж, улица Землячки, 7А",95+,1,есть,summary,21–50 машин,18359,Роснефть
2026-10-09T12:26:00+03:00,"Воронежская область, Новоусманский район, М-4 Дон, 534-й километр, 2",92,1,есть,signal,,18372,Татнефть
2026-10-09T12:26:00+03:00,"Воронежская область, Новоусманский район, М-4 Дон, 534-й километр, 2",95,1,есть,signal,,18372,Татнефть
2026-10-09T12:26:00+03:00,"Воронежская область, село Новая Усмань, Дорожная улица, 31",92,1,есть,signal,,18372,Роснефть
2026-10-09T12:26:00+03:00,"Воронежская область, село Новая Усмань, Дорожная улица, 31",95,1,есть,signal,,18372,Роснефть
2026-10-09T12:27:00+03:00,"Воронеж, Волгоградская улица, 41",92,1,есть,signal,,18372,Татнефть
2026-10-09T12:27:00+03:00,"Воронеж, Волгоградская улица, 41",95,1,есть,signal,,18372,Татнефть
2026-10-09T12:30:00+03:00,"Воронеж, улица Антонова-Овсеенко, 35А",92,1,есть,report,51–100 машин,18368,Роснефть
2026-10-09T12:30:00+03:00,"Воронеж, улица Антонова-Овсеенко, 35А",92,1,есть,summary,51–100 машин,18359,Роснефть
2026-10-09T12:30:00+03:00,"Воронеж, улица Антонова-Овсеенко, 35А",95,1,есть,report,51–100 машин,18368,Роснефть
2026-10-09T12:30:00+03:00,"Воронеж, улица Антонова-Овсеенко, 35А",95,1,есть,summary,51–100 машин,18359,Роснефть
2026-10-09T12:30:00+03:00,"Воронеж, улица Антонова-Овсеенко, 35А",95+,1,есть,report,51–100 машин,18368,Роснефть
2026-10-09T12:30:00+03:00,"Воронеж, улица Антонова-Овсеенко, 35А",95+,1,есть,summary,51–100 машин,18359,Роснефть
2026-10-09T12:32:00+03:00,"Воронеж, переулок Отличников, 43А",92,1,есть,report,35 машин,18369,Роснефть
2026-10-09T12:32:00+03:00,"Воронеж, переулок Отличников, 43А",92,1,есть,summary,~35 машин,18359,Роснефть
2026-10-09T12:32:00+03:00,"Воронеж, переулок Отличников, 43А",95+,1,есть,report,35 машин,18369,Роснефть
2026-10-09T12:32:00+03:00,"Воронеж, переулок Отличников, 43А",95+,1,есть,summary,~35 машин,18359,Роснефть
2026-10-09T12:33:00+03:00,"Воронеж, Ленинградская улица, 29В",100,1,есть,report,,18370,Лукойл
2026-10-09T12:33:00+03:00,"Воронеж, Ленинградская улица, 29В",100,1,есть,summary,,18359,Лукойл
2026-10-09T12:33:00+03:00,"Воронеж, Ленинградская улица, 29В",92,1,есть,report,,18370,Лукойл
2026-10-09T12:33:00+03:00,"Воронеж, Ленинградская улица, 29В",92,1,есть,summary,,18359,Лукойл
2026-10-09T12:33:00+03:00,"Воронеж, Ленинградская улица, 29В",95,1,есть,report,,18370,Лукойл
2026-10-09T12:33:00+03:00,"Воронеж, Ленинградская улица, 29В",95,1,есть,summary,,18359,Лукойл
2026-10-09T12:36:00+03:00,"Воронеж, Ленинский проспект, 182",100,1,есть,report,60 мин,18371,Роснефть
2026-10-09T12:36:00+03:00,"Воронеж, Ленинский проспект, 182",100,1,есть,summary,~1 ч,18359,Роснефть
2026-10-09T12:36:00+03:00,"Воронеж, Ленинский проспект, 182",92,1,есть,report,60 мин,18371,Роснефть
2026-10-09T12:36:00+03:00,"Воронеж, Ленинский проспект, 182",92,1,есть,summary,~1 ч,18359,Роснефть
2026-10-09T12:36:00+03:00,"Воронеж, Ленинский проспект, 182",95,1,есть,report,60 мин,18371,Роснефть
2026-10-09T12:36:00+03:00,"Воронеж, Ленинский проспект, 182",95,1,есть,summary,~1 ч,18359,Роснефть
2026-10-09T12:38:00+03:00,"Воронеж, Новосибирская улица, 84Б",92,1,есть,signal,,18372,Газпромнефть
2026-10-09T12:38:00+03:00,"Воронеж, Новосибирская улица, 84Б",95,1,есть,signal,,18372,Газпромнефть
2026-10-09T12:38:00+03:00,"Воронеж, набережная Максима Горького, 33А",92,1,есть,signal,,18372,ВТК
2026-10-09T12:38:00+03:00,"Воронеж, набережная Максима Горького, 33А",95,1,есть,signal,,18372,ВТК
2026-10-09T12:38:00+03:00,"Воронеж, улица 9 Января, 223А",92,1,есть,signal,,18372,Татнефть
2026-10-09T12:38:00+03:00,"Воронеж, улица 9 Января, 223А",95,1,есть,signal,,18372,Татнефть
2026-10-09T12:38:00+03:00,"Воронеж, улица Рылеева, 22Н",92,1,есть,signal,,18372,Teboil
2026-10-09T12:38:00+03:00,"Воронеж, улица Рылеева, 22Н",95,1,есть,signal,,18372,Teboil
2026-10-09T12:38:00+03:00,"Воронеж, улица Хользунова, 99А",92,1,есть,signal,,18372,Татнефть
2026-10-09T12:38:00+03:00,"Воронеж, улица Хользунова, 99А",95,1,есть,signal,,18372,Татнефть
2026-10-09T12:38:00+03:00,"Воронежская область, Новоусманский район, М-4 Дон, 531-й километр, 1",92,1,есть,signal,,18372,Лукойл
2026-10-09T12:38:00+03:00,"Воронежская область, Новоусманский район, М-4 Дон, 531-й километр, 1",95,1,есть,signal,,18372,Лукойл
2026-10-09T12:38:00+03:00,"Воронежская область, Новоусманский район, Рогачёвское сельское поселение",92,1,есть,signal,,18372,Роснефть
2026-10-09T12:38:00+03:00,"Воронежская область, Новоусманский район, Рогачёвское сельское поселение",95,1,есть,signal,,18372,Роснефть
2026-10-09T12:38:00+03:00,"Воронежская область, село Новая Усмань, Ростовская улица, 133А",92,1,есть,signal,,18372,Газпромнефть
2026-10-09T12:38:00+03:00,"Воронежская область, село Новая Усмань, Ростовская улица, 133А",95,1,есть,signal,,18372,Газпромнефть
2026-10-09T12:39:00+03:00,"Воронеж, Волгоградская улица, 41",92,1,есть,signal,,18372,Татнефть
2026-10-09T12:39:00+03:00,"Воронеж, Волгоградская улица, 41",95,1,есть,signal,,18372,Татнефть
2026-10-09T12:39:00+03:00,"Воронеж, Дорожная улица, 1Б",92,1,есть,signal,,18372,ВТК
2026-10-09T12:39:00+03:00,"Воронеж, Дорожная улица, 1Б",95,1,есть,signal,,18372,ВТК
2026-10-09T12:39:00+03:00,"Воронеж, Ленинский проспект, 176А",92,1,есть,signal,,18372,Газпромнефть
2026-10-09T12:39:00+03:00,"Воронеж, Ленинский проспект, 176А",95,1,есть,signal,,18372,Газпромнефть
2026-10-09T12:39:00+03:00,"Воронеж, Московский проспект, 144",92,1,есть,signal,,18372,Роснефть
2026-10-09T12:39:00+03:00,"Воронеж, Московский проспект, 144",95,1,есть,signal,,18372,Роснефть
2026-10-09T12:39:00+03:00,"Воронеж, Московский проспект, 84",92,1,есть,signal,,18372,Роснефть
2026-10-09T12:39:00+03:00,"Воронеж, Московский проспект, 84",95,1,есть,signal,,18372,Роснефть
2026-10-09T12:39:00+03:00,"Воронеж, Острогожская улица, 144",92,1,есть,signal,,18372,Роснефть
2026-10-09T12:39:00+03:00,"Воронеж, Острогожская улица, 144",95,1,есть,signal,,18372,Роснефть
2026-10-09T12:39:00+03:00,"Воронеж, проспект Патриотов, 1А",92,1,есть,signal,,18372,Роснефть
2026-10-09T12:39:00+03:00,"Воронеж, проспект Патриотов, 1А",95,1,есть,signal,,18372,Роснефть
2026-10-09T12:39:00+03:00,"Воронеж, улица Димитрова, 163",92,1,есть,signal,,18372,Роснефть
2026-10-09T12:39:00+03:00,"Воронеж, улица Димитрова, 163",95,1,есть,signal,,18372,Роснефть
2026-10-09T12:39:00+03:00,"Воронеж, улица Любы Шевцовой, 36А",92,1,есть,signal,,18372,Татнефть
2026-10-09T12:39:00+03:00,"Воронеж, улица Любы Шевцовой, 36А",95,1,есть,signal,,18372,Татнефть
2026-10-09T12:39:00+03:00,"Воронежская область, Новоусманский район, М-4 Дон, 534-й километр, 2",92,1,есть,signal,,18372,Татнефть
2026-10-09T12:39:00+03:00,"Воронежская область, Новоусманский район, М-4 Дон, 534-й километр, 2",95,1,есть,signal,,18372,Татнефть
2026-10-09T12:39:00+03:00,"Воронежская область, Рамонский район, Яменское сельское поселение, хутор Ветряк, Транспортная улица, 6",92,1,есть,signal,,18372,Газпромнефть
2026-10-09T12:39:00+03:00,"Воронежская область, Рамонский район, Яменское сельское поселение, хутор Ветряк, Транспортная улица, 6",95,1,есть,signal,,18372,Газпромнефть
2026-10-09T12:39:00+03:00,"Воронежская область, село Новая Усмань, Дорожная улица, 31",92,1,есть,signal,,18372,Роснефть
2026-10-09T12:39:00+03:00,"Воронежская область, село Новая Усмань, Дорожная улица, 31",95,1,есть,signal,,18372,Роснефть
2026-10-09T12:39:00+03:00,"Воронежская область, село Новая Усмань, улица Ленина, 313/2",92,1,есть,signal,Большая,18372,Роснефть
2026-10-09T12:39:00+03:00,"Воронежская область, село Новая Усмань, улица Ленина, 313/2",95,1,есть,signal,Большая,18372,Роснефть
2026-10-09T12:40:00+03:00,"Воронеж, Московский проспект, 7А",92,1,есть,signal,Большая,18372,Teboil
2026-10-09T12:40:00+03:00,"Воронеж, Московский проспект, 7А",95,1,есть,signal,Большая,18372,Teboil
2026-10-09T12:40:00+03:00,"Воронеж, Новосибирская улица, 13Д",92,1,есть,signal,,18372,Татнефть
2026-10-09T12:40:00+03:00,"Воронеж, Новосибирская улица, 13Д",95,1,есть,signal,,18372,Татнефть
2026-10-09T12:40:00+03:00,"Воронеж, Солнечная улица, 31Л",92,1,есть,signal,,18372,Teboil
2026-10-09T12:40:00+03:00,"Воронеж, Солнечная улица, 31Л",95,1,есть,signal,,18372,Teboil
2026-10-09T12:40:00+03:00,"Воронеж, Холмистая улица, 66",92,1,есть,signal,,18372,Газпромнефть
2026-10-09T12:40:00+03:00,"Воронеж, Холмистая улица, 66",95,1,есть,signal,,18372,Газпромнефть
2026-10-09T12:40:00+03:00,"Воронеж, улица Ильюшина, 3А",92,1,есть,signal,,18372,Роснефть
2026-10-09T12:40:00+03:00,"Воронеж, улица Ильюшина, 3А",95,1,есть,signal,,18372,Роснефть
2026-10-09T12:40:00+03:00,"Воронеж, улица Космонавтов, 6А",92,1,есть,signal,,18372,Роснефть
2026-10-09T12:40:00+03:00,"Воронеж, улица Космонавтов, 6А",95,1,есть,signal,,18372,Роснефть
2026-10-09T12:40:00+03:00,"Воронеж, улица Урицкого, 58А",92,1,есть,signal,,18372,ВТК
2026-10-09T12:40:00+03:00,"Воронеж, улица Урицкого, 58А",95,1,есть,signal,,18372,ВТК
2026-10-09T12:40:00+03:00,"Воронежская область, Новоусманский район, М-4 Дон, 522-й километр",92,1,есть,signal,,18372,Лукойл
2026-10-09T12:40:00+03:00,"Воронежская область, Новоусманский район, М-4 Дон, 522-й километр",95,1,есть,signal,,18372,Лукойл
2026-10-09T12:40:00+03:00,"Воронежская область, Рамонский район, Горожанское сельское поселение",92,1,есть,signal,,18372,Роснефть
2026-10-09T12:40:00+03:00,"Воронежская область, Рамонский район, Горожанское сельское поселение",95,1,есть,signal,,18372,Роснефть
2026-10-09T12:40:00+03:00,"Воронежская область, рабочий посёлок Рамонь, Воронежская улица, 19А",92,1,есть,signal,,18372,Роснефть
2026-10-09T12:40:00+03:00,"Воронежская область, рабочий посёлок Рамонь, Воронежская улица, 19А",95,1,есть,signal,,18372,Роснефть
2026-10-09T12:40:00+03:00,"Воронежская область, село Новая Усмань, Дорожная улица, 31",92,1,есть,signal,,18372,Роснефть
2026-10-09T12:40:00+03:00,"Воронежская область, село Новая Усмань, Дорожная улица, 31",95,1,есть,signal,,18372,Роснефть
2026-10-09T12:41:00+03:00,"Воронеж, Ленинский проспект, 154А",92,1,есть,signal,,18372,Татнефть
2026-10-09T12:41:00+03:00,"Воронеж, Ленинский проспект, 154А",95,1,есть,signal,,18372,Татнефть
2026-10-09T12:41:00+03:00,"Воронеж, Спокойный переулок, 24А",92,1,есть,signal,,18372,Роснефть
2026-10-09T12:41:00+03:00,"Воронеж, Спокойный переулок, 24А",95,1,есть,signal,,18372,Роснефть
2026-10-09T12:41:00+03:00,"Воронеж, улица 9 Января, 258А",92,1,есть,signal,,18372,Роснефть
2026-10-09T12:41:00+03:00,"Воронеж, улица 9 Января, 258А",95,1,есть,signal,,18372,Роснефть
2026-10-09T12:41:00+03:00,"Воронеж, улица Героев Сибиряков, 1Л",92,1,есть,signal,Нет,18372,Teboil
2026-10-09T12:41:00+03:00,"Воронеж, улица Героев Сибиряков, 1Л",95,1,есть,signal,Нет,18372,Teboil
2026-10-09T12:41:00+03:00,"Воронеж, улица Димитрова, 140Д",92,1,есть,signal,,18372,Teboil
2026-10-09T12:41:00+03:00,"Воронеж, улица Ильюшина, 17",92,1,есть,signal,,18372,Лукойл
2026-10-09T12:41:00+03:00,"Воронеж, улица Ильюшина, 17",95,1,есть,signal,,18372,Лукойл
2026-10-09T12:41:00+03:00,"Воронеж, улица Остужева, 51",92,1,есть,signal,,18372,Газпромнефть
2026-10-09T12:41:00+03:00,"Воронеж, улица Остужева, 51",95,1,есть,signal,,18372,Газпромнефть
2026-10-09T12:41:00+03:00,"Воронежская область, Новоусманский район, Никольское сельское поселение, посёлок совхоза ""Воронежский"", Советская улица, 41А",92,1,есть,signal,,18372,Лукойл
2026-10-09T12:41:00+03:00,"Воронежская область, Новоусманский район, Никольское сельское поселение, посёлок совхоза ""Воронежский"", Советская улица, 41А",95,1,есть,signal,,18372,Лукойл
2026-10-09T12:42:00+03:00,"Воронеж, улица 45-й Стрелковой Дивизии, 238",92,1,есть,signal,,18372,Роснефть
2026-10-09T12:42:00+03:00,"Воронеж, улица 45-й Стрелковой Дивизии, 238",95,1,есть,signal,,18372,Роснефть
2026-10-09T12:44:00+03:00,"Воронеж, улица Чебышева, 13/1",92,1,есть,report,21–50 машин,18365,Роснефть
2026-10-09T12:44:00+03:00,"Воронеж, улица Чебышева, 13/1",92,1,есть,summary,21–50 машин,18359,Роснефть
2026-10-09T12:44:00+03:00,"Воронеж, улица Чебышева, 13/1",95,1,есть,report,21–50 машин,18365,Роснефть
2026-10-09T12:44:00+03:00,"Воронеж, улица Чебышева, 13/1",95,1,есть,summary,21–50 машин,18359,Роснефть
2026-10-09T12:48:00+03:00,"Воронеж, проспект Патриотов, 60Б",92,1,есть,report,Очередь от светофора,18373,АЗС Газпром
2026-10-09T12:48:00+03:00,"Воронеж, проспект Патриотов, 60Б",95,1,есть,report,Очередь от светофора,18373,АЗС Газпром
2026-10-09T12:49:00+03:00,"Воронеж, проспект Патриотов, 42А",92,1,есть,report,21–50 машин,18374,Татнефть
2026-10-09T12:49:00+03:00,"Воронеж, проспект Патриотов, 42А",92,1,есть,summary,21–50 машин,18359,Татнефть
2026-10-09T12:49:00+03:00,"Воронеж, проспект Патриотов, 42А",95,1,есть,report,21–50 машин,18374,Татнефть
2026-10-09T12:49:00+03:00,"Воронеж, проспект Патриотов, 42А",95,1,есть,summary,21–50 машин,18359,Татнефть
2026-10-09T12:49:00+03:00,"Воронеж, проспект Патриотов, 69",92,1,есть,report,,18375,Роснефть
2026-10-09T12:49:00+03:00,"Воронеж, проспект Патриотов, 69",92,1,есть,summary,,18359,Роснефть
2026-10-09T12:49:00+03:00,"Воронеж, проспект Патриотов, 69",95,1,есть,report,,18375,Роснефть
2026-10-09T12:49:00+03:00,"Воронеж, проспект Патриотов, 69",95,1,есть,summary,,18359,Роснефть
2026-10-09T12:49:00+03:00,"Воронеж, проспект Патриотов, 69",95+,1,есть,report,,18375,Роснефть
2026-10-09T12:49:00+03:00,"Воронеж, проспект Патриотов, 69",95+,1,есть,summary,,18359,Роснефть
2026-10-09T12:50:00+03:00,"Воронеж, Ленинский проспект, 182",100,1,есть,report,21–50 машин,18376,Роснефть
2026-10-09T12:50:00+03:00,"Воронеж, Ленинский проспект, 182",100,1,есть,summary,21–50 машин,18359,Роснефть
2026-10-09T12:50:00+03:00,"Воронеж, Ленинский проспект, 182",92,1,есть,report,21–50 машин,18376,Роснефть
2026-10-09T12:50:00+03:00,"Воронеж, Ленинский проспект, 182",92,1,есть,summary,21–50 машин,18359,Роснефть
2026-10-09T12:50:00+03:00,"Воронеж, Ленинский проспект, 182",95,1,есть,report,21–50 машин,18376,Роснефть
2026-10-09T12:50:00+03:00,"Воронеж, Ленинский проспект, 182",95,1,есть,summary,21–50 машин,18359,Роснефть
2026-10-09T12:50:00+03:00,"Воронеж, Ленинский проспект, 182",95+,1,есть,report,21–50 машин,18376,Роснефть
2026-10-09T12:50:00+03:00,"Воронеж, Ленинский проспект, 182",95+,1,есть,summary,21–50 машин,18359,Роснефть
2026-10-09T12:53:00+03:00,"Воронеж, проспект Труда, 107А",92,1,есть,report,очередь от Загородной,18363,Татнефть
2026-10-09T12:53:00+03:00,"Воронеж, проспект Труда, 107А",92,1,есть,summary,от Загородной,18359,Татнефть
2026-10-09T12:53:00+03:00,"Воронеж, проспект Труда, 107А",95,1,есть,report,очередь от Загородной,18363,Татнефть
2026-10-09T12:53:00+03:00,"Воронеж, проспект Труда, 107А",95,1,есть,summary,от Загородной,18359,Татнефть
2026-10-09T12:54:00+03:00,"Воронеж, улица Остужева, 51",92,1,есть,signal,,18372,Газпромнефть
2026-10-09T12:54:00+03:00,"Воронеж, улица Остужева, 51",95,1,есть,signal,,18372,Газпромнефть
2026-10-09T12:55:00+03:00,"Воронеж, Волгоградская улица, 41",92,1,есть,signal,,18372,Татнефть
2026-10-09T12:55:00+03:00,"Воронеж, Волгоградская улица, 41",95,1,есть,signal,,18372,Татнефть
2026-10-09T12:55:00+03:00,"Воронеж, Московский проспект, 144",92,1,есть,signal,Большая,18372,Роснефть
2026-10-09T12:55:00+03:00,"Воронеж, Московский проспект, 144",95,1,есть,signal,Большая,18372,Роснефть
2026-10-09T12:55:00+03:00,"Воронеж, Московский проспект, 4А",92,1,есть,signal,,18372,Роснефть
2026-10-09T12:55:00+03:00,"Воронеж, Московский проспект, 4А",95,1,есть,signal,,18372,Роснефть
2026-10-09T12:55:00+03:00,"Воронеж, Московский проспект, 7А",92,1,есть,signal,,18372,Teboil
2026-10-09T12:55:00+03:00,"Воронеж, Московский проспект, 7А",95,1,есть,signal,,18372,Teboil
2026-10-09T12:55:00+03:00,"Воронеж, Новосибирская улица, 13Д",92,1,есть,signal,,18372,Татнефть
2026-10-09T12:55:00+03:00,"Воронеж, Новосибирская улица, 13Д",95,1,есть,signal,,18372,Татнефть
2026-10-09T12:55:00+03:00,"Воронеж, Новосибирская улица, 84Б",92,1,есть,signal,,18372,Газпромнефть
2026-10-09T12:55:00+03:00,"Воронеж, Новосибирская улица, 84Б",95,1,есть,signal,,18372,Газпромнефть
2026-10-09T12:55:00+03:00,"Воронеж, Острогожская улица, 144",92,1,есть,signal,,18372,Роснефть
2026-10-09T12:55:00+03:00,"Воронеж, Острогожская улица, 144",95,1,есть,signal,,18372,Роснефть
2026-10-09T12:55:00+03:00,"Воронеж, Холмистая улица, 66",92,1,есть,signal,,18372,Газпромнефть
2026-10-09T12:55:00+03:00,"Воронеж, Холмистая улица, 66",95,1,есть,signal,,18372,Газпромнефть
2026-10-09T12:55:00+03:00,"Воронеж, набережная Максима Горького, 33А",92,1,есть,signal,,18372,ВТК
2026-10-09T12:55:00+03:00,"Воронеж, набережная Максима Горького, 33А",95,1,есть,signal,,18372,ВТК
2026-10-09T12:55:00+03:00,"Воронеж, улица 9 Января, 223А",92,1,есть,signal,,18372,Татнефть
2026-10-09T12:55:00+03:00,"Воронеж, улица 9 Января, 223А",95,1,есть,signal,,18372,Татнефть
2026-10-09T12:55:00+03:00,"Воронеж, улица Антонова-Овсеенко, 7А",92,1,есть,signal,,18372,ВТК
2026-10-09T12:55:00+03:00,"Воронеж, улица Антонова-Овсеенко, 7А",95,1,есть,signal,,18372,ВТК
2026-10-09T12:55:00+03:00,"Воронеж, улица Героев Сибиряков, 1Л",92,1,есть,signal,,18372,Teboil
2026-10-09T12:55:00+03:00,"Воронеж, улица Героев Сибиряков, 1Л",95,1,есть,signal,,18372,Teboil
2026-10-09T12:55:00+03:00,"Воронеж, улица Димитрова, 163",92,1,есть,signal,,18372,Роснефть
2026-10-09T12:55:00+03:00,"Воронеж, улица Димитрова, 163",95,1,есть,signal,,18372,Роснефть
2026-10-09T12:55:00+03:00,"Воронеж, улица Ильюшина, 3А",92,1,есть,signal,,18372,Роснефть
2026-10-09T12:55:00+03:00,"Воронеж, улица Ильюшина, 3А",95,1,есть,signal,,18372,Роснефть
2026-10-09T12:55:00+03:00,"Воронеж, улица Рылеева, 22Н",92,1,есть,signal,,18372,Teboil
2026-10-09T12:55:00+03:00,"Воронеж, улица Рылеева, 22Н",95,1,есть,signal,,18372,Teboil
2026-10-09T12:55:00+03:00,"Воронежская область, Новоусманский район, М-4 Дон, 534-й километр, 1",92,1,есть,signal,,18372,Татнефть
2026-10-09T12:55:00+03:00,"Воронежская область, Новоусманский район, М-4 Дон, 534-й километр, 1",95,1,есть,signal,,18372,Татнефть
2026-10-09T12:55:00+03:00,"Воронежская область, Новоусманский район, М-4 Дон, 534-й километр, 2",92,1,есть,signal,,18372,Татнефть
2026-10-09T12:55:00+03:00,"Воронежская область, Новоусманский район, М-4 Дон, 534-й километр, 2",95,1,есть,signal,,18372,Татнефть
2026-10-09T12:55:00+03:00,"Воронежская область, Новоусманский район, Рогачёвское сельское поселение",92,1,есть,signal,,18372,Роснефть
2026-10-09T12:55:00+03:00,"Воронежская область, Новоусманский район, Рогачёвское сельское поселение",95,1,есть,signal,,18372,Роснефть
2026-10-09T12:55:00+03:00,"Воронежская область, Рамонский район, М-4 Дон, 485-й километр, 1",92,1,есть,signal,,18372,Teboil
2026-10-09T12:55:00+03:00,"Воронежская область, Рамонский район, М-4 Дон, 485-й километр, 1",95,1,есть,signal,,18372,Teboil
2026-10-09T12:55:00+03:00,"Воронежская область, село Новая Усмань, Дорожная улица, 31",92,1,есть,signal,,18372,Роснефть
2026-10-09T12:55:00+03:00,"Воронежская область, село Новая Усмань, Дорожная улица, 31",95,1,есть,signal,,18372,Роснефть
2026-10-09T12:56:00+03:00,"Воронеж, Ленинский проспект, 154А",92,1,есть,signal,,18372,Татнефть
2026-10-09T12:56:00+03:00,"Воронеж, Ленинский проспект, 154А",95,1,есть,signal,,18372,Татнефть
2026-10-09T12:56:00+03:00,"Воронеж, Московский проспект, 129/2",92,1,есть,signal,,18372,ВТК
2026-10-09T12:56:00+03:00,"Воронеж, Московский проспект, 129/2",95,1,есть,signal,,18372,ВТК
2026-10-09T12:56:00+03:00,"Воронеж, Московский проспект, 84",92,1,есть,signal,,18372,Роснефть
2026-10-09T12:56:00+03:00,"Воронеж, Московский проспект, 84",95,1,есть,signal,,18372,Роснефть
2026-10-09T12:56:00+03:00,"Воронеж, Спокойный переулок, 24А",92,1,есть,signal,,18372,Роснефть
2026-10-09T12:56:00+03:00,"Воронеж, Спокойный переулок, 24А",95,1,есть,signal,,18372,Роснефть
2026-10-09T12:56:00+03:00,"Воронеж, улица 9 Января, 258А",92,1,есть,signal,,18372,Роснефть
2026-10-09T12:56:00+03:00,"Воронеж, улица 9 Января, 258А",95,1,есть,signal,,18372,Роснефть
2026-10-09T12:56:00+03:00,"Воронеж, улица Космонавтов, 6А",92,1,есть,signal,,18372,Роснефть
2026-10-09T12:56:00+03:00,"Воронеж, улица Космонавтов, 6А",95,1,есть,signal,,18372,Роснефть
2026-10-09T12:56:00+03:00,"Воронежская область, Рамонский район, Айдаровское сельское поселение, село Чертовицы, улица Мира, 1",92,1,есть,signal,,18372,Лукойл
2026-10-09T12:56:00+03:00,"Воронежская область, Рамонский район, Айдаровское сельское поселение, село Чертовицы, улица Мира, 1",95,1,есть,signal,,18372,Лукойл
2026-10-09T12:56:00+03:00,"Воронежская область, Рамонский район, Горожанское сельское поселение",92,1,есть,signal,,18372,Роснефть
2026-10-09T12:56:00+03:00,"Воронежская область, Рамонский район, Горожанское сельское поселение",95,1,есть,signal,,18372,Роснефть
2026-10-09T12:56:00+03:00,"Воронежская область, Семилукский район, Девицкое сельское поселение",92,1,есть,signal,,18372,Роснефть
2026-10-09T12:56:00+03:00,"Воронежская область, Семилукский район, Девицкое сельское поселение",95,1,есть,signal,,18372,Роснефть
2026-10-09T12:56:00+03:00,"Воронежская область, село Новая Усмань, улица Ленина, 313/2",92,1,есть,signal,,18372,Роснефть
2026-10-09T12:56:00+03:00,"Воронежская область, село Новая Усмань, улица Ленина, 313/2",95,1,есть,signal,,18372,Роснефть
2026-10-09T12:57:00+03:00,"Воронеж, Солнечная улица, 31Л",92,1,есть,signal,,18372,Teboil
2026-10-09T12:57:00+03:00,"Воронеж, Солнечная улица, 31Л",95,1,есть,signal,,18372,Teboil
2026-10-09T12:57:00+03:00,"Воронеж, проспект Патриотов, 1А",92,1,есть,signal,,18372,Роснефть
2026-10-09T12:57:00+03:00,"Воронеж, проспект Патриотов, 1А",95,1,есть,signal,,18372,Роснефть
2026-10-09T12:57:00+03:00,"Воронеж, улица Героев Сибиряков, 2",92,1,есть,signal,,18372,Газпромнефть
2026-10-09T12:57:00+03:00,"Воронеж, улица Героев Сибиряков, 2",95,1,есть,signal,,18372,Газпромнефть
2026-10-09T12:57:00+03:00,"Воронеж, улица Ильюшина, 17",92,1,есть,signal,,18372,Лукойл
2026-10-09T12:57:00+03:00,"Воронеж, улица Ильюшина, 17",95,1,есть,signal,,18372,Лукойл
2026-10-09T12:57:00+03:00,"Воронеж, улица Остужева, 37",92,1,есть,signal,,18372,Лукойл
2026-10-09T12:57:00+03:00,"Воронеж, улица Остужева, 37",95,1,есть,signal,,18372,Лукойл
2026-10-09T12:57:00+03:00,"Воронежская область, Новоусманский район, М-4 Дон, 522-й километр",92,1,есть,signal,,18372,Лукойл
2026-10-09T12:57:00+03:00,"Воронежская область, Новоусманский район, М-4 Дон, 522-й километр",95,1,есть,signal,,18372,Лукойл
2026-10-09T12:57:00+03:00,"Воронежская область, Рамонский район, Яменское сельское поселение",92,1,есть,signal,Нет,18372,Teboil
2026-10-09T12:57:00+03:00,"Воронежская область, Рамонский район, Яменское сельское поселение, посёлок Солнечный, улица Московское шоссе, 2",92,1,есть,signal,,18372,Газпромнефть
2026-10-09T12:57:00+03:00,"Воронежская область, Рамонский район, Яменское сельское поселение, посёлок Солнечный, улица Московское шоссе, 2",95,1,есть,signal,,18372,Газпромнефть
2026-10-09T12:57:00+03:00,"Воронежская область, Рамонский район, Яменское сельское поселение, хутор Ветряк, Транспортная улица, 6",92,1,есть,signal,,18372,Газпромнефть
2026-10-09T12:57:00+03:00,"Воронежская область, Рамонский район, Яменское сельское поселение, хутор Ветряк, Транспортная улица, 6",95,1,есть,signal,,18372,Газпромнефть
2026-10-09T12:59:00+03:00,"Воронеж, улица 45-й Стрелковой Дивизии, 238",92,0,больше нет,report,45-60 мин,18377,Роснефть
2026-10-09T12:59:00+03:00,"Воронеж, улица 45-й Стрелковой Дивизии, 238",95,1,есть,report,45-60 мин,18377,Роснефть
2026-10-09T12:59:00+03:00,"Воронеж, улица 45-й Стрелковой Дивизии, 238",95+,1,есть,report,45-60 мин,18377,Роснефть
2026-10-09T12:59:00+03:00,"Воронеж, улица 45-й Стрелковой Дивизии, 238",ДТ,1,есть,report,45-60 мин,18377,Роснефть
2026-10-09T13:01:00+03:00,"Воронеж, Дорожная улица, 1Б",92,1,есть,signal,,18372,ВТК
2026-10-09T13:01:00+03:00,"Воронеж, Дорожная улица, 1Б",95,1,есть,signal,,18372,ВТК
2026-10-09T13:02:00+03:00,"Воронеж, улица Ильюшина, 17",92,1,есть,signal,,18372,Лукойл
2026-10-09T13:02:00+03:00,"Воронеж, улица Ильюшина, 17",95,1,есть,signal,,18372,Лукойл
2026-10-09T13:02:00+03:00,"Воронеж, улица Остужева, 37",92,1,есть,signal,,18372,Лукойл
2026-10-09T13:02:00+03:00,"Воронеж, улица Остужева, 37",95,1,есть,signal,,18372,Лукойл
2026-10-09T13:02:00+03:00,"Воронеж, улица Рылеева, 22Н",92,1,есть,signal,,18372,Teboil
2026-10-09T13:02:00+03:00,"Воронеж, улица Рылеева, 22Н",95,1,есть,signal,,18372,Teboil
2026-10-09T13:02:00+03:00,"Воронежская область, Новоусманский район, М-4 Дон, 534-й километр, 1",92,1,есть,signal,,18372,Татнефть
2026-10-09T13:02:00+03:00,"Воронежская область, Новоусманский район, М-4 Дон, 534-й километр, 1",95,1,есть,signal,,18372,Татнефть
2026-10-09T13:03:00+03:00,"Воронеж, Ленинский проспект, 176А",92,1,есть,signal,,18372,Газпромнефть
2026-10-09T13:03:00+03:00,"Воронеж, Ленинский проспект, 176А",95,1,есть,signal,,18372,Газпромнефть
2026-10-09T13:03:00+03:00,"Воронеж, Московский проспект, 144",92,1,есть,signal,Большая,18372,Роснефть
2026-10-09T13:03:00+03:00,"Воронеж, Московский проспект, 144",95,1,есть,signal,Большая,18372,Роснефть
2026-10-09T13:03:00+03:00,"Воронеж, набережная Максима Горького, 33А",92,1,есть,signal,,18372,ВТК
2026-10-09T13:03:00+03:00,"Воронеж, набережная Максима Горького, 33А",95,1,есть,signal,,18372,ВТК
2026-10-09T13:03:00+03:00,"Воронеж, улица 45-й Стрелковой Дивизии, 238",92,0,больше нет,report,,18377,Роснефть
2026-10-09T13:03:00+03:00,"Воронеж, улица 45-й Стрелковой Дивизии, 238",92,0,нет,summary,,18359,Роснефть
2026-10-09T13:03:00+03:00,"Воронеж, улица 45-й Стрелковой Дивизии, 238",95,1,есть,report,,18377,Роснефть
2026-10-09T13:03:00+03:00,"Воронеж, улица 45-й Стрелковой Дивизии, 238",95,1,есть,summary,,18359,Роснефть
2026-10-09T13:03:00+03:00,"Воронеж, улица 45-й Стрелковой Дивизии, 238",95+,1,есть,report,,18377,Роснефть
2026-10-09T13:03:00+03:00,"Воронеж, улица 45-й Стрелковой Дивизии, 238",95+,1,есть,summary,,18359,Роснефть
2026-10-09T13:03:00+03:00,"Воронеж, улица 45-й Стрелковой Дивизии, 238",ДТ,1,есть,report,,18377,Роснефть
2026-10-09T13:03:00+03:00,"Воронеж, улица 45-й Стрелковой Дивизии, 238",ДТ,1,есть,summary,,18359,Роснефть
2026-10-09T13:03:00+03:00,"Воронеж, улица 9 Января, 104",92,1,есть,signal,,18372,ВТК
2026-10-09T13:03:00+03:00,"Воронеж, улица 9 Января, 104",95,1,есть,signal,,18372,ВТК
2026-10-09T13:03:00+03:00,"Воронеж, улица Героев Сибиряков, 1Л",92,1,есть,signal,,18372,Teboil
2026-10-09T13:03:00+03:00,"Воронеж, улица Героев Сибиряков, 1Л",95,1,есть,signal,,18372,Teboil
2026-10-09T13:03:00+03:00,"Воронеж, улица Любы Шевцовой, 36А",100,1,есть,report,11–20 машин,18378,Татнефть
2026-10-09T13:03:00+03:00,"Воронеж, улица Любы Шевцовой, 36А",100,1,есть,summary,11–20 машин,18359,Татнефть
2026-10-09T13:03:00+03:00,"Воронеж, улица Любы Шевцовой, 36А",92,1,есть,report,11–20 машин,18378,Татнефть
2026-10-09T13:03:00+03:00,"Воронеж, улица Любы Шевцовой, 36А",92,1,есть,summary,11–20 машин,18359,Татнефть
2026-10-09T13:03:00+03:00,"Воронеж, улица Остужева, 35",92,1,есть,signal,,18372,Teboil
2026-10-09T13:03:00+03:00,"Воронеж, улица Остужева, 35",95,1,есть,signal,,18372,Teboil
2026-10-09T13:03:00+03:00,"Воронежская область, Рамонский район, Горожанское сельское поселение",92,1,есть,signal,,18372,Роснефть
2026-10-09T13:03:00+03:00,"Воронежская область, Рамонский район, Горожанское сельское поселение",95,1,есть,signal,,18372,Роснефть
2026-10-09T13:03:00+03:00,"Воронежская область, рабочий посёлок Рамонь, Воронежская улица, 19А",92,1,есть,signal,,18372,Роснефть
2026-10-09T13:03:00+03:00,"Воронежская область, рабочий посёлок Рамонь, Воронежская улица, 19А",95,1,есть,signal,,18372,Роснефть
2026-10-09T13:04:00+03:00,"Воронеж, Ленинский проспект, 154А",92,1,есть,signal,,18372,Татнефть
2026-10-09T13:04:00+03:00,"Воронеж, Ленинский проспект, 154А",95,1,есть,signal,,18372,Татнефть
2026-10-09T13:04:00+03:00,"Воронеж, Московский проспект, 4А",92,1,есть,signal,,18372,Роснефть
2026-10-09T13:04:00+03:00,"Воронеж, Московский проспект, 4А",95,1,есть,signal,,18372,Роснефть
2026-10-09T13:04:00+03:00,"Воронеж, Московский проспект, 84",92,1,есть,signal,Большая,18372,Роснефть
2026-10-09T13:04:00+03:00,"Воронеж, Московский проспект, 84",95,1,есть,signal,Большая,18372,Роснефть
2026-10-09T13:04:00+03:00,"Воронеж, Новосибирская улица, 13Д",92,1,есть,signal,,18372,Татнефть
2026-10-09T13:04:00+03:00,"Воронеж, Новосибирская улица, 13Д",95,1,есть,signal,,18372,Татнефть
2026-10-09T13:04:00+03:00,"Воронеж, Новосибирская улица, 84Б",92,1,есть,signal,,18372,Газпромнефть
2026-10-09T13:04:00+03:00,"Воронеж, Новосибирская улица, 84Б",95,1,есть,signal,,18372,Газпромнефть
2026-10-09T13:04:00+03:00,"Воронеж, Острогожская улица, 144",92,1,есть,signal,,18372,Роснефть
2026-10-09T13:04:00+03:00,"Воронеж, Острогожская улица, 144",95,1,есть,signal,,18372,Роснефть
2026-10-09T13:04:00+03:00,"Воронеж, Спокойный переулок, 24А",92,1,есть,signal,,18372,Роснефть
2026-10-09T13:04:00+03:00,"Воронеж, Спокойный переулок, 24А",95,1,есть,signal,,18372,Роснефть
2026-10-09T13:04:00+03:00,"Воронеж, проспект Патриотов, 1А",92,1,есть,signal,,18372,Роснефть
2026-10-09T13:04:00+03:00,"Воронеж, проспект Патриотов, 1А",95,1,есть,signal,,18372,Роснефть
2026-10-09T13:04:00+03:00,"Воронеж, улица 9 Января, 245А",92,1,есть,signal,,18372,Роснефть
2026-10-09T13:04:00+03:00,"Воронеж, улица 9 Января, 245А",95,1,есть,signal,,18372,Роснефть
2026-10-09T13:04:00+03:00,"Воронеж, улица Антонова-Овсеенко, 7А",92,1,есть,signal,,18372,ВТК
2026-10-09T13:04:00+03:00,"Воронеж, улица Антонова-Овсеенко, 7А",95,1,есть,signal,,18372,ВТК
2026-10-09T13:04:00+03:00,"Воронеж, улица Димитрова, 140Д",92,1,есть,signal,,18372,Teboil
2026-10-09T13:04:00+03:00,"Воронеж, улица Димитрова, 163",92,1,есть,signal,,18372,Роснефть
2026-10-09T13:04:00+03:00,"Воронеж, улица Димитрова, 163",95,1,есть,signal,,18372,Роснефть
2026-10-09T13:04:00+03:00,"Воронеж, улица Ильюшина, 3А",92,1,есть,signal,,18372,Роснефть
2026-10-09T13:04:00+03:00,"Воронеж, улица Ильюшина, 3А",95,1,есть,signal,,18372,Роснефть
2026-10-09T13:04:00+03:00,"Воронеж, улица Космонавтов, 6А",92,1,есть,signal,,18372,Роснефть
2026-10-09T13:04:00+03:00,"Воронеж, улица Космонавтов, 6А",95,1,есть,signal,,18372,Роснефть
2026-10-09T13:04:00+03:00,"Воронеж, улица Остужева, 51",92,1,есть,signal,,18372,Газпромнефть
2026-10-09T13:04:00+03:00,"Воронеж, улица Остужева, 51",95,1,есть,signal,,18372,Газпромнефть
2026-10-09T13:04:00+03:00,"Воронеж, улица Урицкого, 58А",92,1,есть,signal,,18372,ВТК
2026-10-09T13:04:00+03:00,"Воронеж, улица Урицкого, 58А",95,1,есть,signal,,18372,ВТК
2026-10-09T13:04:00+03:00,"Воронежская область, Рамонский район, М-4 Дон, 485-й километр, 1",92,1,есть,signal,,18372,Teboil
2026-10-09T13:04:00+03:00,"Воронежская область, Рамонский район, М-4 Дон, 485-й километр, 1",95,1,есть,signal,,18372,Teboil
2026-10-09T13:04:00+03:00,"Воронежская область, село Новая Усмань, Дорожная улица, 31",92,1,есть,signal,,18372,Роснефть
2026-10-09T13:04:00+03:00,"Воронежская область, село Новая Усмань, Дорожная улица, 31",95,1,есть,signal,,18372,Роснефть
2026-10-09T13:05:00+03:00,"Воронеж, Волгоградская улица, 41",92,1,есть,signal,,18372,Татнефть
2026-10-09T13:05:00+03:00,"Воронеж, Волгоградская улица, 41",95,1,есть,signal,,18372,Татнефть
2026-10-09T13:05:00+03:00,"Воронеж, Московский проспект, 129/2",92,1,есть,signal,,18372,ВТК
2026-10-09T13:05:00+03:00,"Воронеж, Московский проспект, 129/2",95,1,есть,signal,,18372,ВТК
2026-10-09T13:05:00+03:00,"Воронеж, улица 9 Января, 223А",92,1,есть,signal,,18372,Татнефть
2026-10-09T13:05:00+03:00,"Воронеж, улица 9 Января, 223А",95,1,есть,signal,,18372,Татнефть
2026-10-09T13:05:00+03:00,"Воронеж, улица 9 Января, 258А",92,1,есть,signal,Большая,18372,Роснефть
2026-10-09T13:05:00+03:00,"Воронеж, улица 9 Января, 258А",95,1,есть,signal,Большая,18372,Роснефть
2026-10-09T13:05:00+03:00,"Воронеж, улица Ворошилова",92,1,есть,signal,,18372,Газпромнефть
2026-10-09T13:05:00+03:00,"Воронеж, улица Ворошилова",95,1,есть,signal,,18372,Газпромнефть
2026-10-09T13:05:00+03:00,"Воронежская область, Новоусманский район, М-4 Дон, 534-й километр, 2",92,1,есть,signal,,18372,Татнефть
2026-10-09T13:05:00+03:00,"Воронежская область, Новоусманский район, М-4 Дон, 534-й километр, 2",95,1,есть,signal,,18372,Татнефть
2026-10-09T13:05:00+03:00,"Воронежская область, Новоусманский район, Рогачёвское сельское поселение",92,1,есть,signal,,18372,Роснефть
2026-10-09T13:05:00+03:00,"Воронежская область, Новоусманский район, Рогачёвское сельское поселение",95,1,есть,signal,,18372,Роснефть
2026-10-09T13:05:00+03:00,"Воронежская область, Рамонский район, Яменское сельское поселение",92,1,есть,signal,Нет,18372,Teboil
2026-10-09T13:05:00+03:00,"Воронежская область, Рамонский район, Яменское сельское поселение, посёлок Солнечный, улица Московское шоссе, 2",92,1,есть,signal,,18372,Газпромнефть
2026-10-09T13:05:00+03:00,"Воронежская область, Рамонский район, Яменское сельское поселение, посёлок Солнечный, улица Московское шоссе, 2",95,1,есть,signal,,18372,Газпромнефть
2026-10-09T13:05:00+03:00,"Воронежская область, село Новая Усмань, Дорожная улица, 31",92,1,есть,signal,,18372,Роснефть
2026-10-09T13:05:00+03:00,"Воронежская область, село Новая Усмань, Дорожная улица, 31",95,1,есть,signal,,18372,Роснефть
2026-10-09T13:05:00+03:00,"Воронежская область, село Новая Усмань, улица Ленина, 313/2",92,1,есть,signal,Большая,18372,Роснефть
2026-10-09T13:05:00+03:00,"Воронежская область, село Новая Усмань, улица Ленина, 313/2",95,1,есть,signal,Большая,18372,Роснефть
2026-10-09T13:12:00+03:00,"Воронеж, Волгоградская улица, 41",92,1,есть,signal,,18372,Татнефть
2026-10-09T13:12:00+03:00,"Воронеж, Волгоградская улица, 41",95,1,есть,signal,,18372,Татнефть
2026-10-09T13:12:00+03:00,"Воронеж, Московский проспект, 129/2",92,1,есть,signal,,18372,ВТК
2026-10-09T13:12:00+03:00,"Воронеж, Московский проспект, 129/2",95,1,есть,signal,,18372,ВТК
2026-10-09T13:12:00+03:00,"Воронеж, улица 9 Января, 104",92,1,есть,signal,,18372,ВТК
2026-10-09T13:12:00+03:00,"Воронеж, улица 9 Января, 104",95,1,есть,signal,,18372,ВТК
2026-10-09T13:12:00+03:00,"Воронеж, улица 9 Января, 223А",92,1,есть,signal,,18372,Татнефть
2026-10-09T13:12:00+03:00,"Воронеж, улица 9 Января, 223А",95,1,есть,signal,,18372,Татнефть
2026-10-09T13:12:00+03:00,"Воронеж, улица Димитрова, 140Д",92,1,есть,signal,,18372,Teboil
2026-10-09T13:12:00+03:00,"Воронеж, улица Остужева, 37",92,1,есть,signal,,18372,Лукойл
2026-10-09T13:12:00+03:00,"Воронеж, улица Остужева, 37",95,1,есть,signal,,18372,Лукойл
2026-10-09T13:12:00+03:00,"Воронежская область, Новоусманский район, М-4 Дон, 518-й километр, 2",92,1,есть,signal,,18372,Лукойл
2026-10-09T13:12:00+03:00,"Воронежская область, Новоусманский район, М-4 Дон, 518-й километр, 2",95,1,есть,signal,,18372,Лукойл
2026-10-09T13:12:00+03:00,"Воронежская область, Рамонский район, М-4 Дон, 482-й километр",92,1,есть,signal,,18372,Роснефть
2026-10-09T13:12:00+03:00,"Воронежская область, Рамонский район, М-4 Дон, 482-й километр",95,1,есть,signal,,18372,Роснефть
2026-10-09T13:12:00+03:00,"Воронежская область, Рамонский район, М-4 Дон, 485-й километр, 1",92,1,есть,signal,,18372,Teboil
2026-10-09T13:12:00+03:00,"Воронежская область, Рамонский район, М-4 Дон, 485-й километр, 1",95,1,есть,signal,,18372,Teboil
2026-10-09T13:12:00+03:00,"Воронежская область, Рамонский район, Яменское сельское поселение",92,1,есть,signal,Нет,18372,Teboil
2026-10-09T13:12:00+03:00,"Воронежская область, Рамонский район, Яменское сельское поселение, посёлок Солнечный, улица Московское шоссе, 2",92,1,есть,signal,,18372,Газпромнефть
2026-10-09T13:12:00+03:00,"Воронежская область, Рамонский район, Яменское сельское поселение, посёлок Солнечный, улица Московское шоссе, 2",95,1,есть,signal,,18372,Газпромнефть
2026-10-09T13:13:00+03:00,"Воронеж, Ленинский проспект, 154А",92,1,есть,signal,,18372,Татнефть
2026-10-09T13:13:00+03:00,"Воронеж, Ленинский проспект, 154А",95,1,есть,signal,,18372,Татнефть
2026-10-09T13:13:00+03:00,"Воронеж, Московский проспект, 144",92,1,есть,signal,,18372,Роснефть
2026-10-09T13:13:00+03:00,"Воронеж, Московский проспект, 144",95,1,есть,signal,,18372,Роснефть
2026-10-09T13:13:00+03:00,"Воронеж, Спокойный переулок, 24А",92,1,есть,signal,,18372,Роснефть
2026-10-09T13:13:00+03:00,"Воронеж, Спокойный переулок, 24А",95,1,есть,signal,,18372,Роснефть
2026-10-09T13:13:00+03:00,"Воронеж, набережная Максима Горького, 33А",92,1,есть,signal,,18372,ВТК
2026-10-09T13:13:00+03:00,"Воронеж, набережная Максима Горького, 33А",95,1,есть,signal,,18372,ВТК
2026-10-09T13:13:00+03:00,"Воронеж, улица 9 Января, 245А",92,1,есть,signal,,18372,Роснефть
2026-10-09T13:13:00+03:00,"Воронеж, улица 9 Января, 245А",95,1,есть,signal,,18372,Роснефть
2026-10-09T13:13:00+03:00,"Воронеж, улица 9 Января, 258А",92,1,есть,signal,,18372,Роснефть
2026-10-09T13:13:00+03:00,"Воронеж, улица 9 Января, 258А",95,1,есть,signal,,18372,Роснефть
2026-10-09T13:13:00+03:00,"Воронеж, улица Антонова-Овсеенко, 7А",92,1,есть,signal,,18372,ВТК
2026-10-09T13:13:00+03:00,"Воронеж, улица Антонова-Овсеенко, 7А",95,1,есть,signal,,18372,ВТК
2026-10-09T13:13:00+03:00,"Воронеж, улица Героев Сибиряков, 1Л",92,1,есть,signal,,18372,Teboil
2026-10-09T13:13:00+03:00,"Воронеж, улица Космонавтов, 6А",92,1,есть,signal,,18372,Роснефть
2026-10-09T13:13:00+03:00,"Воронеж, улица Космонавтов, 6А",95,1,есть,signal,,18372,Роснефть
2026-10-09T13:13:00+03:00,"Воронеж, улица Остужева, 35",92,1,есть,signal,,18372,Teboil
2026-10-09T13:13:00+03:00,"Воронеж, улица Остужева, 35",95,1,есть,signal,,18372,Teboil
2026-10-09T13:13:00+03:00,"Воронеж, улица Остужева, 51",92,1,есть,signal,,18372,Газпромнефть
2026-10-09T13:13:00+03:00,"Воронеж, улица Остужева, 51",95,1,есть,signal,,18372,Газпромнефть
2026-10-09T13:13:00+03:00,"Воронежская область, Новоусманский район, М-4 Дон, 531-й километр, 1",92,1,есть,signal,,18372,Лукойл
2026-10-09T13:13:00+03:00,"Воронежская область, Новоусманский район, М-4 Дон, 531-й километр, 1",95,1,есть,signal,,18372,Лукойл
2026-10-09T13:13:00+03:00,"Воронежская область, Новоусманский район, Рогачёвское сельское поселение",92,1,есть,signal,,18372,Роснефть
2026-10-09T13:13:00+03:00,"Воронежская область, Новоусманский район, Рогачёвское сельское поселение",95,1,есть,signal,,18372,Роснефть
2026-10-09T13:13:00+03:00,"Воронежская область, село Новая Усмань, Дорожная улица, 31",92,1,есть,signal,,18372,Роснефть
2026-10-09T13:13:00+03:00,"Воронежская область, село Новая Усмань, Дорожная улица, 31",95,1,есть,signal,,18372,Роснефть
2026-10-09T13:13:00+03:00,"Воронежская область, село Новая Усмань, Ростовская улица, 133А",92,1,есть,signal,,18372,Газпромнефть
2026-10-09T13:13:00+03:00,"Воронежская область, село Новая Усмань, Ростовская улица, 133А",95,1,есть,signal,,18372,Газпромнефть
2026-10-09T13:14:00+03:00,"Воронеж, Новосибирская улица, 2А",92,1,есть,signal,,18372,Татнефть
2026-10-09T13:14:00+03:00,"Воронеж, Новосибирская улица, 2А",95,1,есть,signal,,18372,Татнефть
2026-10-09T13:14:00+03:00,"Воронеж, Острогожская улица, 144",92,1,есть,signal,,18372,Роснефть
2026-10-09T13:14:00+03:00,"Воронеж, Острогожская улица, 144",95,1,есть,signal,,18372,Роснефть
2026-10-09T13:14:00+03:00,"Воронеж, Холмистая улица, 66",92,1,есть,signal,,18372,Газпромнефть
2026-10-09T13:14:00+03:00,"Воронеж, Холмистая улица, 66",95,1,есть,signal,,18372,Газпромнефть
2026-10-09T13:14:00+03:00,"Воронеж, проспект Патриотов, 1А",92,1,есть,signal,,18372,Роснефть
2026-10-09T13:14:00+03:00,"Воронеж, проспект Патриотов, 1А",95,1,есть,signal,,18372,Роснефть
2026-10-09T13:14:00+03:00,"Воронеж, улица Димитрова, 163",92,1,есть,signal,,18372,Роснефть
2026-10-09T13:14:00+03:00,"Воронеж, улица Димитрова, 163",95,1,есть,signal,,18372,Роснефть
2026-10-09T13:14:00+03:00,"Воронеж, улица Ильюшина, 3А",92,1,есть,signal,,18372,Роснефть
2026-10-09T13:14:00+03:00,"Воронеж, улица Ильюшина, 3А",95,1,есть,signal,,18372,Роснефть
2026-10-09T13:14:00+03:00,"Воронеж, улица Урицкого, 58А",92,1,есть,signal,,18372,ВТК
2026-10-09T13:14:00+03:00,"Воронеж, улица Урицкого, 58А",95,1,есть,signal,,18372,ВТК
2026-10-09T13:14:00+03:00,"Воронежская область, Новоусманский район, М-4 Дон, 534-й километр, 2",92,1,есть,signal,,18372,Татнефть
2026-10-09T13:14:00+03:00,"Воронежская область, Новоусманский район, М-4 Дон, 534-й километр, 2",95,1,есть,signal,,18372,Татнефть
2026-10-09T13:14:00+03:00,"Воронежская область, Рамонский район, Горожанское сельское поселение",92,1,есть,signal,,18372,Роснефть
2026-10-09T13:14:00+03:00,"Воронежская область, Рамонский район, Горожанское сельское поселение",95,1,есть,signal,,18372,Роснефть
2026-10-09T13:14:00+03:00,"Воронежская область, Рамонский район, Яменское сельское поселение, хутор Ветряк, Транспортная улица, 6",92,1,есть,signal,,18372,Газпромнефть
2026-10-09T13:14:00+03:00,"Воронежская область, Рамонский район, Яменское сельское поселение, хутор Ветряк, Транспортная улица, 6",95,1,есть,signal,,18372,Газпромнефть
2026-10-09T13:14:00+03:00,"Воронежская область, рабочий посёлок Рамонь, Воронежская улица, 19А",92,1,есть,signal,,18372,Роснефть
2026-10-09T13:14:00+03:00,"Воронежская область, рабочий посёлок Рамонь, Воронежская улица, 19А",95,1,есть,signal,,18372,Роснефть
2026-10-09T13:14:00+03:00,"Воронежская область, село Новая Усмань, Дорожная улица, 31",92,1,есть,signal,,18372,Роснефть
2026-10-09T13:14:00+03:00,"Воронежская область, село Новая Усмань, Дорожная улица, 31",95,1,есть,signal,,18372,Роснефть
2026-10-09T13:14:00+03:00,"Воронежская область, село Новая Усмань, улица Ленина, 313/2",92,1,есть,signal,Большая,18372,Роснефть
2026-10-09T13:14:00+03:00,"Воронежская область, село Новая Усмань, улица Ленина, 313/2",95,1,есть,signal,Большая,18372,Роснефть
2026-10-09T13:15:00+03:00,"Воронежская область, Новоусманский район, М-4 Дон, 522-й километр",92,1,есть,signal,,18372,Лукойл
2026-10-09T13:15:00+03:00,"Воронежская область, Новоусманский район, М-4 Дон, 522-й километр",95,1,есть,signal,,18372,Лукойл
2026-10-09T13:17:00+03:00,"Воронеж, проспект Труда, 107А",92,1,есть,report,21–50 машин,18379,Татнефть
2026-10-09T13:17:00+03:00,"Воронеж, проспект Труда, 107А",92,1,есть,summary,21–50 машин,18359,Татнефть
2026-10-09T13:17:00+03:00,"Воронеж, проспект Труда, 107А",95,0,больше нет,report,21–50 машин,18379,Татнефть
2026-10-09T13:17:00+03:00,"Воронеж, проспект Труда, 107А",95,0,нет,summary,21–50 машин,18359,Татнефть
2026-10-09T13:18:00+03:00,"Воронеж, Московский проспект, 84",92,1,есть,report,~1 час,18380,Роснефть
2026-10-09T13:18:00+03:00,"Воронеж, Московский проспект, 84",92,1,есть,summary,~1 ч,18359,Роснефть
2026-10-09T13:18:00+03:00,"Воронеж, Московский проспект, 84",95,1,есть,report,~1 час,18380,Роснефть
2026-10-09T13:18:00+03:00,"Воронеж, Московский проспект, 84",95,1,есть,summary,~1 ч,18359,Роснефть
2026-10-09T13:18:00+03:00,"Воронеж, Московский проспект, 84",95+,1,есть,report,~1 час,18380,Роснефть
2026-10-09T13:18:00+03:00,"Воронеж, Московский проспект, 84",95+,1,есть,summary,~1 ч,18359,Роснефть
2026-10-09T13:18:00+03:00,"Воронеж, Московский проспект, 84",ДТ,1,есть,report,~1 час,18380,Роснефть
2026-10-09T13:18:00+03:00,"Воронеж, Московский проспект, 84",ДТ,1,есть,summary,~1 ч,18359,Роснефть
2026-10-09T13:20:00+03:00,"Воронеж, Кольцовская улица, 24Б",92,1,есть,signal,,18372,ВТК
2026-10-09T13:20:00+03:00,"Воронеж, Кольцовская улица, 24Б",95,1,есть,signal,,18372,ВТК
2026-10-09T13:20:00+03:00,"Воронеж, улица Героев Сибиряков, 2",92,1,есть,signal,,18372,Газпромнефть
2026-10-09T13:20:00+03:00,"Воронеж, улица Героев Сибиряков, 2",95,1,есть,signal,,18372,Газпромнефть
2026-10-09T13:20:00+03:00,"Воронеж, улица Остужева, 37",92,1,есть,signal,,18372,Лукойл
2026-10-09T13:20:00+03:00,"Воронеж, улица Остужева, 37",95,1,есть,signal,,18372,Лукойл
2026-10-09T13:21:00+03:00,"Воронеж, Волгоградская улица, 41",92,1,есть,signal,,18372,Татнефть
2026-10-09T13:21:00+03:00,"Воронеж, Волгоградская улица, 41",95,1,есть,signal,,18372,Татнефть
2026-10-09T13:21:00+03:00,"Воронеж, Холмистая улица, 66",92,1,есть,signal,,18372,Газпромнефть
2026-10-09T13:21:00+03:00,"Воронеж, Холмистая улица, 66",95,1,есть,signal,,18372,Газпромнефть
2026-10-09T13:21:00+03:00,"Воронеж, набережная Максима Горького, 33А",92,1,есть,signal,,18372,ВТК
2026-10-09T13:21:00+03:00,"Воронеж, набережная Максима Горького, 33А",95,1,есть,signal,,18372,ВТК
2026-10-09T13:21:00+03:00,"Воронеж, улица 9 Января, 245А",92,1,есть,signal,,18372,Роснефть
2026-10-09T13:21:00+03:00,"Воронеж, улица 9 Января, 245А",95,1,есть,signal,,18372,Роснефть
2026-10-09T13:21:00+03:00,"Воронеж, улица Димитрова, 140Д",92,1,есть,signal,,18372,Teboil
2026-10-09T13:21:00+03:00,"Воронеж, улица Хользунова, 120",92,1,есть,signal,,18372,Лукойл
2026-10-09T13:21:00+03:00,"Воронежская область, Новоусманский район, М-4 Дон, 518-й километр, 2",92,1,есть,signal,,18372,Лукойл
2026-10-09T13:21:00+03:00,"Воронежская область, Новоусманский район, М-4 Дон, 518-й километр, 2",95,1,есть,signal,,18372,Лукойл
2026-10-09T13:22:00+03:00,"Воронеж, Ленинский проспект, 176А",92,1,есть,signal,,18372,Газпромнефть
2026-10-09T13:22:00+03:00,"Воронеж, Ленинский проспект, 176А",95,1,есть,signal,,18372,Газпромнефть
2026-10-09T13:22:00+03:00,"Воронеж, Московский проспект, 129/2",92,1,есть,signal,,18372,ВТК
2026-10-09T13:22:00+03:00,"Воронеж, Московский проспект, 129/2",95,1,есть,signal,,18372,ВТК
2026-10-09T13:22:00+03:00,"Воронеж, Московский проспект, 144",92,1,есть,signal,,18372,Роснефть
2026-10-09T13:22:00+03:00,"Воронеж, Московский проспект, 144",95,1,есть,signal,,18372,Роснефть
2026-10-09T13:22:00+03:00,"Воронеж, Острогожская улица, 144",92,1,есть,signal,,18372,Роснефть
2026-10-09T13:22:00+03:00,"Воронеж, Острогожская улица, 144",95,1,есть,signal,,18372,Роснефть
2026-10-09T13:22:00+03:00,"Воронеж, Спокойный переулок, 24А",92,1,есть,signal,,18372,Роснефть
2026-10-09T13:22:00+03:00,"Воронеж, Спокойный переулок, 24А",95,1,есть,signal,,18372,Роснефть
2026-10-09T13:22:00+03:00,"Воронеж, улица 9 Января, 258А",92,1,есть,signal,,18372,Роснефть
2026-10-09T13:22:00+03:00,"Воронеж, улица 9 Января, 258А",95,1,есть,signal,,18372,Роснефть
2026-10-09T13:22:00+03:00,"Воронеж, улица Антонова-Овсеенко, 7А",92,1,есть,signal,,18372,ВТК
2026-10-09T13:22:00+03:00,"Воронеж, улица Антонова-Овсеенко, 7А",95,1,есть,signal,,18372,ВТК
2026-10-09T13:22:00+03:00,"Воронеж, улица Ворошилова",92,1,есть,signal,,18372,Газпромнефть
2026-10-09T13:22:00+03:00,"Воронеж, улица Ворошилова",95,1,есть,signal,,18372,Газпромнефть
2026-10-09T13:22:00+03:00,"Воронеж, улица Героев Сибиряков, 1Л",92,1,есть,signal,,18372,Teboil
2026-10-09T13:22:00+03:00,"Воронеж, улица Космонавтов, 6А",92,1,есть,signal,,18372,Роснефть
2026-10-09T13:22:00+03:00,"Воронеж, улица Космонавтов, 6А",95,1,есть,signal,,18372,Роснефть
2026-10-09T13:22:00+03:00,"Воронежская область, Новоусманский район, М-4 Дон, 531-й километр, 1",92,1,есть,signal,,18372,Лукойл
2026-10-09T13:22:00+03:00,"Воронежская область, Новоусманский район, М-4 Дон, 531-й километр, 1",95,1,есть,signal,,18372,Лукойл
2026-10-09T13:22:00+03:00,"Воронежская область, Новоусманский район, М-4 Дон, 534-й километр, 1",92,1,есть,signal,,18372,Татнефть
2026-10-09T13:22:00+03:00,"Воронежская область, Новоусманский район, М-4 Дон, 534-й километр, 1",95,1,есть,signal,,18372,Татнефть
2026-10-09T13:22:00+03:00,"Воронежская область, Новоусманский район, М-4 Дон, 534-й километр, 2",92,1,есть,signal,,18372,Татнефть
2026-10-09T13:22:00+03:00,"Воронежская область, Новоусманский район, М-4 Дон, 534-й километр, 2",95,1,есть,signal,,18372,Татнефть
2026-10-09T13:22:00+03:00,"Воронежская область, Рамонский район, М-4 Дон, 485-й километр, 1",92,1,есть,signal,,18372,Teboil
2026-10-09T13:22:00+03:00,"Воронежская область, Рамонский район, М-4 Дон, 485-й километр, 1",95,1,есть,signal,,18372,Teboil
2026-10-09T13:22:00+03:00,"Воронежская область, Рамонский район, Яменское сельское поселение, посёлок Солнечный, Парковая улица, 7",92,1,есть,signal,,18372,Лукойл
2026-10-09T13:22:00+03:00,"Воронежская область, Рамонский район, Яменское сельское поселение, посёлок Солнечный, Парковая улица, 7",95,1,есть,signal,,18372,Лукойл
2026-10-09T13:22:00+03:00,"Воронежская область, Рамонский район, Яменское сельское поселение, хутор Ветряк, Транспортная улица, 6",92,1,есть,signal,,18372,Газпромнефть
2026-10-09T13:22:00+03:00,"Воронежская область, Рамонский район, Яменское сельское поселение, хутор Ветряк, Транспортная улица, 6",95,1,есть,signal,,18372,Газпромнефть
2026-10-09T13:22:00+03:00,"Воронежская область, село Новая Усмань, Дорожная улица, 31",92,1,есть,signal,,18372,Роснефть
2026-10-09T13:22:00+03:00,"Воронежская область, село Новая Усмань, Дорожная улица, 31",95,1,есть,signal,,18372,Роснефть
2026-10-09T13:23:00+03:00,"Воронеж, переулок Отличников, 43А",92,1,есть,signal,,18372,Роснефть
2026-10-09T13:23:00+03:00,"Воронеж, переулок Отличников, 43А",95,1,есть,signal,,18372,Роснефть
2026-10-09T13:23:00+03:00,"Воронеж, улица Димитрова, 163",92,1,есть,signal,,18372,Роснефть
2026-10-09T13:23:00+03:00,"Воронеж, улица Димитрова, 163",95,1,есть,signal,,18372,Роснефть
2026-10-09T13:23:00+03:00,"Воронеж, улица Землячки, 7А",92,1,есть,signal,,18372,Роснефть
2026-10-09T13:23:00+03:00,"Воронеж, улица Землячки, 7А",95,1,есть,signal,,18372,Роснефть
2026-10-09T13:23:00+03:00,"Воронежская область, Новоусманский район, Никольское сельское поселение, посёлок совхоза ""Воронежский"", Советская улица, 41А",92,1,есть,signal,,18372,Лукойл
2026-10-09T13:23:00+03:00,"Воронежская область, Новоусманский район, Никольское сельское поселение, посёлок совхоза ""Воронежский"", Советская улица, 41А",95,1,есть,signal,,18372,Лукойл
2026-10-09T13:23:00+03:00,"Воронежская область, Новоусманский район, Рогачёвское сельское поселение",92,1,есть,signal,,18372,Роснефть
2026-10-09T13:23:00+03:00,"Воронежская область, Новоусманский район, Рогачёвское сельское поселение",95,1,есть,signal,,18372,Роснефть
2026-10-09T13:23:00+03:00,"Воронежская область, Рамонский район, Яменское сельское поселение",92,1,есть,signal,,18372,Teboil
2026-10-09T13:23:00+03:00,"Воронежская область, Рамонский район, Яменское сельское поселение, посёлок Солнечный, улица Московское шоссе, 2",92,1,есть,signal,,18372,Газпромнефть
2026-10-09T13:23:00+03:00,"Воронежская область, Рамонский район, Яменское сельское поселение, посёлок Солнечный, улица Московское шоссе, 2",95,1,есть,signal,,18372,Газпромнефть
2026-10-09T13:23:00+03:00,"Воронежская область, село Новая Усмань, Дорожная улица, 31",92,1,есть,signal,,18372,Роснефть
2026-10-09T13:23:00+03:00,"Воронежская область, село Новая Усмань, Дорожная улица, 31",95,1,есть,signal,,18372,Роснефть
2026-10-09T13:23:00+03:00,"Воронежская область, село Новая Усмань, улица Ленина, 313/2",92,1,есть,signal,,18372,Роснефть
2026-10-09T13:23:00+03:00,"Воронежская область, село Новая Усмань, улица Ленина, 313/2",95,1,есть,signal,,18372,Роснефть
2026-10-09T13:24:00+03:00,"Воронеж, Московский проспект, 4А",92,1,есть,signal,,18372,Роснефть
2026-10-09T13:24:00+03:00,"Воронеж, Московский проспект, 4А",95,1,есть,signal,,18372,Роснефть
2026-10-09T13:24:00+03:00,"Воронежская область, Новоусманский район, М-4 Дон, 522-й километр",92,1,есть,signal,,18372,Лукойл
2026-10-09T13:24:00+03:00,"Воронежская область, Новоусманский район, М-4 Дон, 522-й километр",95,1,есть,signal,,18372,Лукойл
2026-10-09T13:24:00+03:00,"Воронежская область, Семилуки, Транспортная улица, 18А",92,1,есть,signal,,18372,Роснефть
2026-10-09T13:24:00+03:00,"Воронежская область, Семилуки, Транспортная улица, 18А",95,1,есть,signal,,18372,Роснефть
2026-10-09T13:29:00+03:00,"Воронежская область, Семилуки, Воронежская улица, 1",92,1,есть,signal,,18383,Лукойл
2026-10-09T13:29:00+03:00,"Воронежская область, Семилуки, Воронежская улица, 1",95,1,есть,signal,,18383,Лукойл
2026-10-09T13:30:00+03:00,"Воронеж, Дорожная улица, 1Б",92,1,есть,signal,,18383,ВТК
2026-10-09T13:30:00+03:00,"Воронеж, Дорожная улица, 1Б",95,1,есть,signal,,18383,ВТК
2026-10-09T13:30:00+03:00,"Воронеж, Ленинградская улица, 29В",100,1,есть,report,более часа,18381,Лукойл
2026-10-09T13:30:00+03:00,"Воронеж, Ленинградская улица, 29В",100,1,есть,summary,~1 ч+,18359,Лукойл
2026-10-09T13:30:00+03:00,"Воронеж, Ленинградская улица, 29В",92,1,есть,report,более часа,18381,Лукойл
2026-10-09T13:30:00+03:00,"Воронеж, Ленинградская улица, 29В",92,1,есть,summary,~1 ч+,18359,Лукойл
2026-10-09T13:30:00+03:00,"Воронеж, Ленинградская улица, 29В",95,0,больше нет,report,более часа,18381,Лукойл
2026-10-09T13:30:00+03:00,"Воронеж, Ленинградская улица, 29В",95,0,нет,summary,~1 ч+,18359,Лукойл
2026-10-09T13:30:00+03:00,"Воронеж, улица Героев Сибиряков, 20А",92,1,есть,signal,,18383,Лукойл
2026-10-09T13:30:00+03:00,"Воронеж, улица Ильюшина, 3А",92,1,есть,signal,,18383,Роснефть
2026-10-09T13:30:00+03:00,"Воронеж, улица Ильюшина, 3А",95,1,есть,signal,,18383,Роснефть
2026-10-09T13:30:00+03:00,"Воронеж, улица Остужева, 37",92,1,есть,signal,,18383,Лукойл
2026-10-09T13:30:00+03:00,"Воронеж, улица Остужева, 37",95,1,есть,signal,,18383,Лукойл
2026-10-09T13:30:00+03:00,"Воронеж, улица Чебышева, 13/1",92,1,есть,signal,,18383,Роснефть
2026-10-09T13:30:00+03:00,"Воронеж, улица Чебышева, 13/1",95,1,есть,signal,,18383,Роснефть
2026-10-09T13:31:00+03:00,"Воронеж, Волгоградская улица, 41",92,1,есть,signal,,18383,Татнефть
2026-10-09T13:31:00+03:00,"Воронеж, Волгоградская улица, 41",95,1,есть,signal,,18383,Татнефть
2026-10-09T13:31:00+03:00,"Воронеж, Ленинский проспект, 176А",92,1,есть,signal,,18383,Газпромнефть
2026-10-09T13:31:00+03:00,"Воронеж, Ленинский проспект, 176А",95,1,есть,signal,,18383,Газпромнефть
2026-10-09T13:31:00+03:00,"Воронеж, Острогожская улица, 144",92,1,есть,signal,,18383,Роснефть
2026-10-09T13:31:00+03:00,"Воронеж, Острогожская улица, 144",95,1,есть,signal,,18383,Роснефть
2026-10-09T13:31:00+03:00,"Воронеж, переулок Отличников, 43А",92,1,есть,signal,,18383,Роснефть
2026-10-09T13:31:00+03:00,"Воронеж, переулок Отличников, 43А",95,1,есть,signal,,18383,Роснефть
2026-10-09T13:31:00+03:00,"Воронеж, улица Антонова-Овсеенко, 35А",92,1,есть,signal,,18383,Роснефть
2026-10-09T13:31:00+03:00,"Воронеж, улица Антонова-Овсеенко, 35А",95,1,есть,signal,,18383,Роснефть
2026-10-09T13:31:00+03:00,"Воронеж, улица Ворошилова",92,1,есть,signal,,18383,Газпромнефть
2026-10-09T13:31:00+03:00,"Воронеж, улица Ворошилова",95,1,есть,signal,,18383,Газпромнефть
2026-10-09T13:31:00+03:00,"Воронеж, улица Героев Сибиряков, 2",92,1,есть,signal,,18383,Газпромнефть
2026-10-09T13:31:00+03:00,"Воронеж, улица Героев Сибиряков, 2",95,1,есть,signal,,18383,Газпромнефть
2026-10-09T13:31:00+03:00,"Воронеж, улица Космонавтов, 6А",92,1,есть,signal,,18383,Роснефть
2026-10-09T13:31:00+03:00,"Воронеж, улица Космонавтов, 6А",95,1,есть,signal,,18383,Роснефть
2026-10-09T13:31:00+03:00,"Воронеж, улица Остужева, 35",92,1,есть,signal,,18383,Teboil
2026-10-09T13:31:00+03:00,"Воронеж, улица Остужева, 35",95,1,есть,signal,,18383,Teboil
2026-10-09T13:31:00+03:00,"Воронежская область, Новоусманский район, М-4 Дон, 531-й километр, 1",92,1,есть,signal,,18383,Лукойл
2026-10-09T13:31:00+03:00,"Воронежская область, Новоусманский район, М-4 Дон, 531-й километр, 1",95,1,есть,signal,,18383,Лукойл
2026-10-09T13:31:00+03:00,"Воронежская область, Рамонский район, М-4 Дон, 485-й километр, 1",92,1,есть,signal,,18383,Teboil
2026-10-09T13:31:00+03:00,"Воронежская область, Рамонский район, М-4 Дон, 485-й километр, 1",95,1,есть,signal,,18383,Teboil
2026-10-09T13:31:00+03:00,"Воронежская область, Семилуки, Транспортная улица, 18А",92,1,есть,signal,,18383,Роснефть
2026-10-09T13:31:00+03:00,"Воронежская область, Семилуки, Транспортная улица, 18А",95,1,есть,signal,,18383,Роснефть
2026-10-09T13:32:00+03:00,"Воронеж, Ленинский проспект, 154А",92,1,есть,signal,,18383,Татнефть
2026-10-09T13:32:00+03:00,"Воронеж, Ленинский проспект, 154А",95,1,есть,signal,,18383,Татнефть
2026-10-09T13:32:00+03:00,"Воронеж, Московский проспект, 4А",92,1,есть,signal,,18383,Роснефть
2026-10-09T13:32:00+03:00,"Воронеж, Московский проспект, 4А",95,1,есть,signal,,18383,Роснефть
2026-10-09T13:32:00+03:00,"Воронеж, Новосибирская улица, 2А",92,1,есть,signal,,18383,Татнефть
2026-10-09T13:32:00+03:00,"Воронеж, Новосибирская улица, 2А",95,1,есть,signal,,18383,Татнефть
2026-10-09T13:32:00+03:00,"Воронеж, Спокойный переулок, 24А",92,1,есть,signal,,18383,Роснефть
2026-10-09T13:32:00+03:00,"Воронеж, Спокойный переулок, 24А",95,1,есть,signal,,18383,Роснефть
2026-10-09T13:32:00+03:00,"Воронеж, набережная Максима Горького, 33А",92,1,есть,signal,,18383,ВТК
2026-10-09T13:32:00+03:00,"Воронеж, набережная Максима Горького, 33А",95,1,есть,signal,,18383,ВТК
2026-10-09T13:32:00+03:00,"Воронеж, улица Героев Сибиряков, 1Л",92,1,есть,signal,,18383,Teboil
2026-10-09T13:32:00+03:00,"Воронеж, улица Димитрова, 140Д",92,1,есть,signal,,18383,Teboil
2026-10-09T13:32:00+03:00,"Воронеж, улица Землячки, 7А",92,1,есть,signal,,18383,Роснефть
2026-10-09T13:32:00+03:00,"Воронеж, улица Землячки, 7А",95,1,есть,signal,,18383,Роснефть
2026-10-09T13:32:00+03:00,"Воронеж, улица Урицкого, 58А",92,1,есть,signal,,18383,ВТК
2026-10-09T13:32:00+03:00,"Воронеж, улица Урицкого, 58А",95,1,есть,signal,,18383,ВТК
2026-10-09T13:32:00+03:00,"Воронежская область, Новоусманский район, М-4 Дон, 534-й километр, 2",92,1,есть,signal,,18383,Татнефть
2026-10-09T13:32:00+03:00,"Воронежская область, Новоусманский район, М-4 Дон, 534-й километр, 2",95,1,есть,signal,,18383,Татнефть
2026-10-09T13:32:00+03:00,"Воронежская область, Рамонский район, Яменское сельское поселение",92,1,есть,signal,,18383,Teboil
2026-10-09T13:32:00+03:00,"Воронежская область, Рамонский район, Яменское сельское поселение, посёлок Солнечный, улица Московское шоссе, 2",92,1,есть,signal,,18383,Газпромнефть
2026-10-09T13:32:00+03:00,"Воронежская область, Рамонский район, Яменское сельское поселение, посёлок Солнечный, улица Московское шоссе, 2",95,1,есть,signal,,18383,Газпромнефть
2026-10-09T13:32:00+03:00,"Воронежская область, село Новая Усмань, Дорожная улица, 31",92,1,есть,signal,,18383,Роснефть
2026-10-09T13:32:00+03:00,"Воронежская область, село Новая Усмань, Дорожная улица, 31",95,1,есть,signal,,18383,Роснефть
2026-10-09T13:33:00+03:00,"Воронеж, Дорожная улица, 19А",92,1,есть,signal,,18383,Татнефть
2026-10-09T13:33:00+03:00,"Воронеж, Дорожная улица, 19А",95,1,есть,signal,,18383,Татнефть
2026-10-09T13:33:00+03:00,"Воронеж, Московский проспект, 129/2",92,1,есть,signal,,18383,ВТК
2026-10-09T13:33:00+03:00,"Воронеж, Московский проспект, 129/2",95,1,есть,signal,,18383,ВТК
2026-10-09T13:33:00+03:00,"Воронеж, Московский проспект, 144",92,1,есть,signal,,18383,Роснефть
2026-10-09T13:33:00+03:00,"Воронеж, Московский проспект, 144",95,1,есть,signal,,18383,Роснефть
2026-10-09T13:33:00+03:00,"Воронеж, улица Антонова-Овсеенко, 7А",92,1,есть,signal,,18383,ВТК
2026-10-09T13:33:00+03:00,"Воронеж, улица Антонова-Овсеенко, 7А",95,1,есть,signal,,18383,ВТК
2026-10-09T13:33:00+03:00,"Воронежская область, Новоусманский район, М-4 Дон, 518-й километр, 2",92,1,есть,signal,,18383,Лукойл
2026-10-09T13:33:00+03:00,"Воронежская область, Новоусманский район, М-4 Дон, 518-й километр, 2",95,1,есть,signal,,18383,Лукойл
2026-10-09T13:33:00+03:00,"Воронежская область, Новоусманский район, посёлок Отрадное, Цветочная улица, 26",92,1,есть,signal,,18383,Лукойл
2026-10-09T13:33:00+03:00,"Воронежская область, Новоусманский район, посёлок Отрадное, Цветочная улица, 26",95,1,есть,signal,,18383,Лукойл
2026-10-09T13:33:00+03:00,"Воронежская область, рабочий посёлок Рамонь, Воронежская улица, 19А",92,1,есть,signal,,18383,Роснефть
2026-10-09T13:33:00+03:00,"Воронежская область, рабочий посёлок Рамонь, Воронежская улица, 19А",95,1,есть,signal,,18383,Роснефть
2026-10-09T13:33:00+03:00,"Воронежская область, село Новая Усмань, Дорожная улица, 31",92,1,есть,signal,,18383,Роснефть
2026-10-09T13:33:00+03:00,"Воронежская область, село Новая Усмань, Дорожная улица, 31",95,1,есть,signal,,18383,Роснефть
2026-10-09T13:33:00+03:00,"Воронежская область, село Новая Усмань, улица Ленина, 313/2",92,1,есть,signal,,18383,Роснефть
2026-10-09T13:33:00+03:00,"Воронежская область, село Новая Усмань, улица Ленина, 313/2",95,1,есть,signal,,18383,Роснефть
2026-10-09T13:34:00+03:00,"Воронежская область, Новоусманский район, Никольское сельское поселение, посёлок совхоза ""Воронежский"", Советская улица, 41А",92,1,есть,signal,,18383,Лукойл
2026-10-09T13:34:00+03:00,"Воронежская область, Новоусманский район, Никольское сельское поселение, посёлок совхоза ""Воронежский"", Советская улица, 41А",95,1,есть,signal,,18383,Лукойл
2026-10-09T13:35:00+03:00,"Воронеж, проспект Патриотов, 60Б",92,1,есть,report,около часа,18373,АЗС Газпром
2026-10-09T13:35:00+03:00,"Воронеж, проспект Патриотов, 60Б",95,1,есть,report,около часа,18373,АЗС Газпром
2026-10-09T13:36:00+03:00,"Воронеж, проспект Патриотов, 1А",100,1,есть,report,21–50 машин,18382,Роснефть
2026-10-09T13:36:00+03:00,"Воронеж, проспект Патриотов, 1А",100,1,есть,summary,21–50 машин,18359,Роснефть
2026-10-09T13:36:00+03:00,"Воронеж, проспект Патриотов, 1А",92,1,есть,report,21–50 машин,18382,Роснефть
2026-10-09T13:36:00+03:00,"Воронеж, проспект Патриотов, 1А",92,1,есть,summary,21–50 машин,18359,Роснефть
2026-10-09T13:36:00+03:00,"Воронеж, проспект Патриотов, 1А",95,1,есть,report,21–50 машин,18382,Роснефть
2026-10-09T13:36:00+03:00,"Воронеж, проспект Патриотов, 1А",95,1,есть,summary,21–50 машин,18359,Роснефть
2026-10-09T13:39:00+03:00,"Воронеж, Дорожная улица, 19А",92,1,есть,signal,,18383,Татнефть
2026-10-09T13:39:00+03:00,"Воронеж, Дорожная улица, 19А",95,1,есть,signal,,18383,Татнефть
2026-10-09T13:39:00+03:00,"Воронеж, Солнечная улица, 31Л",92,1,есть,signal,,18383,Teboil
2026-10-09T13:39:00+03:00,"Воронеж, Солнечная улица, 31Л",95,1,есть,signal,,18383,Teboil
2026-10-09T13:39:00+03:00,"Воронеж, Спокойный переулок, 24А",92,1,есть,signal,,18383,Роснефть
2026-10-09T13:39:00+03:00,"Воронеж, Спокойный переулок, 24А",95,1,есть,signal,,18383,Роснефть
2026-10-09T13:39:00+03:00,"Воронежская область, село Новая Усмань, Дорожная улица, 31",92,1,есть,signal,,18383,Роснефть
2026-10-09T13:39:00+03:00,"Воронежская область, село Новая Усмань, Дорожная улица, 31",95,1,есть,signal,,18383,Роснефть
2026-10-09T13:40:00+03:00,"Воронеж, Московский проспект, 144",92,1,есть,signal,Большая,18383,Роснефть
2026-10-09T13:40:00+03:00,"Воронеж, Московский проспект, 144",95,1,есть,signal,Большая,18383,Роснефть
2026-10-09T13:40:00+03:00,"Воронеж, Острогожская улица, 144",92,1,есть,signal,,18383,Роснефть
2026-10-09T13:40:00+03:00,"Воронеж, Острогожская улица, 144",95,1,есть,signal,,18383,Роснефть
2026-10-09T13:40:00+03:00,"Воронеж, улица 9 Января, 104",92,1,есть,signal,,18383,ВТК
2026-10-09T13:40:00+03:00,"Воронеж, улица 9 Января, 104",95,1,есть,signal,,18383,ВТК
2026-10-09T13:40:00+03:00,"Воронеж, улица 9 Января, 245А",92,1,есть,signal,,18383,Роснефть
2026-10-09T13:40:00+03:00,"Воронеж, улица 9 Января, 245А",95,1,есть,signal,,18383,Роснефть
2026-10-09T13:40:00+03:00,"Воронеж, улица Антонова-Овсеенко, 35А",92,1,есть,signal,Большая,18383,Роснефть
2026-10-09T13:40:00+03:00,"Воронеж, улица Антонова-Овсеенко, 35А",95,1,есть,signal,Большая,18383,Роснефть
2026-10-09T13:40:00+03:00,"Воронеж, улица Героев Сибиряков, 1Л",92,1,есть,signal,,18383,Teboil
2026-10-09T13:40:00+03:00,"Воронеж, улица Героев Сибиряков, 20А",92,1,есть,signal,,18383,Лукойл
2026-10-09T13:40:00+03:00,"Воронеж, улица Димитрова, 140Д",92,1,есть,signal,,18383,Teboil
2026-10-09T13:40:00+03:00,"Воронеж, улица Ильюшина, 3А",92,1,есть,signal,,18383,Роснефть
2026-10-09T13:40:00+03:00,"Воронеж, улица Ильюшина, 3А",95,1,есть,signal,,18383,Роснефть
2026-10-09T13:40:00+03:00,"Воронеж, улица Чебышева, 13/1",92,1,есть,signal,,18383,Роснефть
2026-10-09T13:40:00+03:00,"Воронеж, улица Чебышева, 13/1",95,1,есть,signal,,18383,Роснефть
2026-10-09T13:40:00+03:00,"Воронежская область, Новоусманский район, М-4 Дон, 534-й километр, 1",92,1,есть,signal,,18383,Татнефть
2026-10-09T13:40:00+03:00,"Воронежская область, Новоусманский район, М-4 Дон, 534-й километр, 1",95,1,есть,signal,,18383,Татнефть
2026-10-09T13:40:00+03:00,"Воронежская область, Новоусманский район, М-4 Дон, 534-й километр, 2",92,1,есть,signal,,18383,Татнефть
2026-10-09T13:40:00+03:00,"Воронежская область, Новоусманский район, М-4 Дон, 534-й километр, 2",95,1,есть,signal,,18383,Татнефть
2026-10-09T13:40:00+03:00,"Воронежская область, Рамонский район, Горожанское сельское поселение",92,1,есть,signal,,18383,Роснефть
2026-10-09T13:40:00+03:00,"Воронежская область, Рамонский район, Горожанское сельское поселение",95,1,есть,signal,,18383,Роснефть
2026-10-09T13:40:00+03:00,"Воронежская область, Рамонский район, Яменское сельское поселение, посёлок Солнечный, улица Московское шоссе, 2",92,1,есть,signal,,18383,Газпромнефть
2026-10-09T13:40:00+03:00,"Воронежская область, Рамонский район, Яменское сельское поселение, посёлок Солнечный, улица Московское шоссе, 2",95,1,есть,signal,,18383,Газпромнефть
2026-10-09T13:40:00+03:00,"Воронежская область, село Новая Усмань, Дорожная улица, 31",92,1,есть,signal,,18383,Роснефть
2026-10-09T13:40:00+03:00,"Воронежская область, село Новая Усмань, Дорожная улица, 31",95,1,есть,signal,,18383,Роснефть
2026-10-09T13:40:00+03:00,"городской округ Воронеж, Железнодорожный район",95,1,есть,signal,,18383,ВТК
2026-10-09T13:41:00+03:00,"Воронеж, Волгоградская улица, 41",92,1,есть,signal,,18383,Татнефть
2026-10-09T13:41:00+03:00,"Воронеж, Волгоградская улица, 41",95,1,есть,signal,,18383,Татнефть
2026-10-09T13:41:00+03:00,"Воронеж, Ленинский проспект, 154А",92,1,есть,signal,,18383,Татнефть
2026-10-09T13:41:00+03:00,"Воронеж, Ленинский проспект, 154А",95,1,есть,signal,,18383,Татнефть
2026-10-09T13:41:00+03:00,"Воронеж, Московский проспект, 4А",92,1,есть,signal,,18383,Роснефть
2026-10-09T13:41:00+03:00,"Воронеж, Московский проспект, 4А",95,1,есть,signal,,18383,Роснефть
2026-10-09T13:41:00+03:00,"Воронеж, набережная Максима Горького, 33А",92,1,есть,signal,,18383,ВТК
2026-10-09T13:41:00+03:00,"Воронеж, набережная Максима Горького, 33А",95,1,есть,signal,,18383,ВТК
2026-10-09T13:41:00+03:00,"Воронеж, проспект Патриотов, 42А",92,1,есть,signal,,18383,Татнефть
2026-10-09T13:41:00+03:00,"Воронеж, проспект Патриотов, 42А",95,1,есть,signal,,18383,Татнефть
2026-10-09T13:41:00+03:00,"Воронеж, улица 9 Января, 223А",92,1,есть,signal,Большая,18383,Татнефть
2026-10-09T13:41:00+03:00,"Воронеж, улица 9 Января, 223А",95,1,есть,signal,Большая,18383,Татнефть
2026-10-09T13:41:00+03:00,"Воронеж, улица Антонова-Овсеенко, 7А",92,1,есть,signal,,18383,ВТК
2026-10-09T13:41:00+03:00,"Воронеж, улица Антонова-Овсеенко, 7А",95,1,есть,signal,,18383,ВТК
2026-10-09T13:41:00+03:00,"Воронеж, улица Ворошилова",92,1,есть,signal,,18383,Газпромнефть
2026-10-09T13:41:00+03:00,"Воронеж, улица Ворошилова",95,1,есть,signal,,18383,Газпромнефть
2026-10-09T13:41:00+03:00,"Воронежская область, Новоусманский район, Никольское сельское поселение, посёлок совхоза ""Воронежский"", Советская улица, 41А",92,1,есть,signal,,18383,Лукойл
2026-10-09T13:41:00+03:00,"Воронежская область, Новоусманский район, Никольское сельское поселение, посёлок совхоза ""Воронежский"", Советская улица, 41А",95,1,есть,signal,,18383,Лукойл
2026-10-09T13:41:00+03:00,"Воронежская область, Рамонский район, Айдаровское сельское поселение, село Чертовицы, улица Мира, 1",92,1,есть,signal,,18383,Лукойл
2026-10-09T13:41:00+03:00,"Воронежская область, Рамонский район, Айдаровское сельское поселение, село Чертовицы, улица Мира, 1",95,1,есть,signal,,18383,Лукойл
2026-10-09T13:41:00+03:00,"Воронежская область, Рамонский район, Яменское сельское поселение",92,1,есть,signal,Нет,18383,Teboil
2026-10-09T13:41:00+03:00,"Воронежская область, Рамонский район, Яменское сельское поселение",95,1,есть,signal,Нет,18383,Teboil
2026-10-09T13:41:00+03:00,"Воронежская область, Рамонский район, Яменское сельское поселение, хутор Ветряк, Транспортная улица, 6",92,1,есть,signal,,18383,Газпромнефть
2026-10-09T13:41:00+03:00,"Воронежская область, Рамонский район, Яменское сельское поселение, хутор Ветряк, Транспортная улица, 6",95,1,есть,signal,,18383,Газпромнефть
2026-10-09T13:41:00+03:00,"Воронежская область, рабочий посёлок Рамонь, Воронежская улица, 19А",92,1,есть,signal,,18383,Роснефть
2026-10-09T13:41:00+03:00,"Воронежская область, рабочий посёлок Рамонь, Воронежская улица, 19А",95,1,есть,signal,,18383,Роснефть
2026-10-09T13:41:00+03:00,"Воронежская область, село Новая Усмань, Ростовская улица, 133А",92,1,есть,signal,,18383,Газпромнефть
2026-10-09T13:41:00+03:00,"Воронежская область, село Новая Усмань, Ростовская улица, 133А",95,1,есть,signal,,18383,Газпромнефть
2026-10-09T13:41:00+03:00,"Воронежская область, село Новая Усмань, улица Ленина, 313/2",92,1,есть,signal,Большая,18383,Роснефть
2026-10-09T13:41:00+03:00,"Воронежская область, село Новая Усмань, улица Ленина, 313/2",95,1,есть,signal,Большая,18383,Роснефть
2026-10-09T13:42:00+03:00,"Воронежская область, Новоусманский район, М-4 Дон, 518-й километр, 2",92,1,есть,signal,,18383,Лукойл
2026-10-09T13:42:00+03:00,"Воронежская область, Новоусманский район, М-4 Дон, 518-й километр, 2",95,1,есть,signal,,18383,Лукойл
2026-10-09T13:43:00+03:00,"Воронеж, улица 9 Января, 258А",92,1,есть,signal,Большая,18383,Роснефть
2026-10-09T13:43:00+03:00,"Воронеж, улица 9 Января, 258А",95,1,есть,signal,Большая,18383,Роснефть
2026-10-09T13:43:00+03:00,"Воронеж, улица Шишкова, 58А",95,1,есть,report,21–50 машин,18384,Лукойл
2026-10-09T13:43:00+03:00,"Воронеж, улица Шишкова, 58А",95,1,есть,summary,21–50 машин,18359,Лукойл
2026-10-09T13:47:00+03:00,"Воронеж, Ленинградская улица, 29В",100,1,есть,report,,18385,Лукойл
2026-10-09T13:47:00+03:00,"Воронеж, Ленинградская улица, 29В",92,1,есть,report,,18385,Лукойл
2026-10-09T13:47:00+03:00,"Воронеж, Ленинградская улица, 29В",95,0,больше нет,report,,18385,Лукойл
2026-10-09T13:47:00+03:00,"Воронеж, Ленинградская улица, 29В",ДТ,1,есть,report,,18385,Лукойл
2026-10-09T13:49:00+03:00,"Воронеж, Ленинградская улица, 29В",100,1,есть,report,51–100 машин,18386,Лукойл
2026-10-09T13:49:00+03:00,"Воронеж, Ленинградская улица, 29В",100,1,есть,summary,51–100 машин,18359,Лукойл
2026-10-09T13:49:00+03:00,"Воронеж, Ленинградская улица, 29В",92,1,есть,report,51–100 машин,18386,Лукойл
2026-10-09T13:49:00+03:00,"Воронеж, Ленинградская улица, 29В",92,1,есть,summary,51–100 машин,18359,Лукойл
2026-10-09T13:49:00+03:00,"Воронеж, Ленинградская улица, 29В",95,0,больше нет,report,51–100 машин,18386,Лукойл
2026-10-09T13:49:00+03:00,"Воронеж, Ленинградская улица, 29В",95,0,нет,summary,51–100 машин,18359,Лукойл
2026-10-09T13:49:00+03:00,"Воронеж, Ленинградская улица, 29В",95+,0,больше нет,report,51–100 машин,18386,Лукойл
2026-10-09T13:49:00+03:00,"Воронеж, Ленинградская улица, 29В",95+,0,нет,summary,51–100 машин,18359,Лукойл
2026-10-09T13:49:00+03:00,"Воронеж, Ленинградская улица, 29В",ДТ,1,есть,report,51–100 машин,18386,Лукойл
2026-10-09T13:49:00+03:00,"Воронеж, Ленинградская улица, 29В",ДТ,1,есть,summary,51–100 машин,18359,Лукойл
2026-10-09T13:49:00+03:00,"Воронеж, проспект Патриотов, 69",92,1,есть,report,51–100 машин,18375,Роснефть
2026-10-09T13:49:00+03:00,"Воронеж, проспект Патриотов, 69",92,1,есть,summary,51–100 машин,18359,Роснефть
2026-10-09T13:49:00+03:00,"Воронеж, проспект Патриотов, 69",95,1,есть,report,51–100 машин,18375,Роснефть
2026-10-09T13:49:00+03:00,"Воронеж, проспект Патриотов, 69",95,1,есть,summary,51–100 машин,18359,Роснефть
2026-10-09T13:49:00+03:00,"Воронеж, проспект Патриотов, 69",95+,1,есть,report,51–100 машин,18375,Роснефть
2026-10-09T13:49:00+03:00,"Воронеж, проспект Патриотов, 69",95+,1,есть,summary,51–100 машин,18359,Роснефть
2026-10-09T13:55:00+03:00,"Воронеж, улица Землячки, 7А",92,1,есть,report,примерно час,18387,Роснефть
2026-10-09T13:55:00+03:00,"Воронеж, улица Землячки, 7А",92,1,есть,summary,~1 ч,18359,Роснефть
2026-10-09T13:55:00+03:00,"Воронеж, улица Землячки, 7А",95,1,есть,report,примерно час,18387,Роснефть
2026-10-09T13:55:00+03:00,"Воронеж, улица Землячки, 7А",95,1,есть,summary,~1 ч,18359,Роснефть
2026-10-09T13:55:00+03:00,"Воронеж, улица Землячки, 7А",95+,1,есть,report,примерно час,18387,Роснефть
2026-10-09T13:55:00+03:00,"Воронеж, улица Землячки, 7А",95+,1,есть,summary,~1 ч,18359,Роснефть
2026-10-09T13:55:00+03:00,"Воронеж, улица Землячки, 7А",ДТ,0,больше нет,report,примерно час,18387,Роснефть
2026-10-09T13:55:00+03:00,"Воронеж, улица Землячки, 7А",ДТ,0,нет,summary,~1 ч,18359,Роснефть
2026-10-09T13:56:00+03:00,"Воронеж, Новосибирская улица, 84Б",92,1,есть,signal,,18383,Газпромнефть
2026-10-09T13:56:00+03:00,"Воронеж, Новосибирская улица, 84Б",95,1,есть,signal,,18383,Газпромнефть
2026-10-09T13:56:00+03:00,"Воронеж, Солнечная улица, 31Л",92,1,есть,signal,,18383,Teboil
2026-10-09T13:56:00+03:00,"Воронеж, Солнечная улица, 31Л",95,1,есть,signal,,18383,Teboil
2026-10-09T13:56:00+03:00,"Воронеж, набережная Максима Горького, 33А",92,1,есть,signal,,18383,ВТК
2026-10-09T13:56:00+03:00,"Воронеж, набережная Максима Горького, 33А",95,1,есть,signal,,18383,ВТК
2026-10-09T13:56:00+03:00,"Воронеж, улица 9 Января, 223А",92,1,есть,signal,,18383,Татнефть
2026-10-09T13:56:00+03:00,"Воронеж, улица 9 Января, 223А",95,1,есть,signal,,18383,Татнефть
2026-10-09T13:56:00+03:00,"Воронеж, улица Антонова-Овсеенко, 35А",92,1,есть,signal,,18383,Роснефть
2026-10-09T13:56:00+03:00,"Воронеж, улица Антонова-Овсеенко, 35А",95,1,есть,signal,,18383,Роснефть
2026-10-09T13:56:00+03:00,"Воронеж, улица Героев Сибиряков, 1Л",92,1,есть,signal,,18383,Teboil
2026-10-09T13:56:00+03:00,"Воронеж, улица Героев Сибиряков, 2",92,1,есть,signal,,18383,Газпромнефть
2026-10-09T13:56:00+03:00,"Воронеж, улица Героев Сибиряков, 2",95,1,есть,signal,,18383,Газпромнефть
2026-10-09T13:56:00+03:00,"Воронеж, улица Димитрова, 140Д",92,1,есть,signal,,18383,Teboil
2026-10-09T13:56:00+03:00,"Воронеж, улица Димитрова, 140Д",95,1,есть,signal,,18383,Teboil
2026-10-09T13:56:00+03:00,"Воронеж, улица Рылеева, 22Н",92,1,есть,signal,,18383,Teboil
2026-10-09T13:56:00+03:00,"Воронеж, улица Рылеева, 22Н",95,1,есть,signal,,18383,Teboil
2026-10-09T13:56:00+03:00,"Воронежская область, Рамонский район, Горожанское сельское поселение",95,1,есть,signal,,18383,Лукойл
2026-10-09T13:56:00+03:00,"Воронежская область, село Новая Усмань, Дорожная улица, 31",92,1,есть,signal,,18383,Роснефть
2026-10-09T13:56:00+03:00,"Воронежская область, село Новая Усмань, Дорожная улица, 31",95,1,есть,signal,,18383,Роснефть
2026-10-09T13:57:00+03:00,"Воронеж, Ленинский проспект, 176А",92,1,есть,signal,,18383,Газпромнефть
2026-10-09T13:57:00+03:00,"Воронеж, Ленинский проспект, 176А",95,1,есть,signal,,18383,Газпромнефть
2026-10-09T13:57:00+03:00,"Воронеж, Московский проспект, 144",92,1,есть,signal,,18383,Роснефть
2026-10-09T13:57:00+03:00,"Воронеж, Московский проспект, 144",95,1,есть,signal,,18383,Роснефть
2026-10-09T13:57:00+03:00,"Воронеж, улица Ворошилова",92,1,есть,signal,,18383,Газпромнефть
2026-10-09T13:57:00+03:00,"Воронеж, улица Ворошилова",95,1,есть,signal,,18383,Газпромнефть
2026-10-09T13:57:00+03:00,"Воронеж, улица Ильюшина, 3А",92,1,есть,signal,,18383,Роснефть
2026-10-09T13:57:00+03:00,"Воронеж, улица Ильюшина, 3А",95,1,есть,signal,,18383,Роснефть
2026-10-09T13:57:00+03:00,"Воронеж, улица Космонавтов, 6А",92,1,есть,signal,,18383,Роснефть
2026-10-09T13:57:00+03:00,"Воронеж, улица Космонавтов, 6А",95,1,есть,signal,,18383,Роснефть
2026-10-09T13:57:00+03:00,"Воронеж, улица Урицкого, 58А",92,1,есть,signal,,18383,ВТК
2026-10-09T13:57:00+03:00,"Воронеж, улица Урицкого, 58А",95,1,есть,signal,,18383,ВТК
2026-10-09T13:57:00+03:00,"Воронеж, улица Хользунова, 99А",92,1,есть,signal,,18383,Татнефть
2026-10-09T13:57:00+03:00,"Воронеж, улица Хользунова, 99А",95,1,есть,signal,,18383,Татнефть
2026-10-09T13:57:00+03:00,"Воронеж, улица Чебышева, 13/1",92,1,есть,signal,,18383,Роснефть
2026-10-09T13:57:00+03:00,"Воронеж, улица Чебышева, 13/1",95,1,есть,signal,,18383,Роснефть
2026-10-09T13:57:00+03:00,"Воронежская область, Новоусманский район, М-4 Дон, 534-й километр, 1",92,1,есть,signal,,18383,Татнефть
2026-10-09T13:57:00+03:00,"Воронежская область, Новоусманский район, М-4 Дон, 534-й километр, 1",95,1,есть,signal,,18383,Татнефть
2026-10-09T13:57:00+03:00,"Воронежская область, Новоусманский район, М-4 Дон, 534-й километр, 2",92,1,есть,signal,,18383,Татнефть
2026-10-09T13:57:00+03:00,"Воронежская область, Новоусманский район, М-4 Дон, 534-й километр, 2",95,1,есть,signal,,18383,Татнефть
2026-10-09T13:57:00+03:00,"Воронежская область, Рамонский район, Яменское сельское поселение",92,1,есть,signal,,18383,Teboil
2026-10-09T13:57:00+03:00,"Воронежская область, Рамонский район, Яменское сельское поселение",95,1,есть,signal,,18383,Teboil
2026-10-09T13:57:00+03:00,"Воронежская область, Рамонский район, Яменское сельское поселение, хутор Ветряк, Транспортная улица, 6",92,1,есть,signal,,18383,Газпромнефть
2026-10-09T13:57:00+03:00,"Воронежская область, Рамонский район, Яменское сельское поселение, хутор Ветряк, Транспортная улица, 6",95,1,есть,signal,,18383,Газпромнефть
2026-10-09T13:57:00+03:00,"Воронежская область, Семилуки, Транспортная улица, 18А",92,1,есть,signal,,18383,Роснефть
2026-10-09T13:57:00+03:00,"Воронежская область, Семилуки, Транспортная улица, 18А",95,1,есть,signal,,18383,Роснефть
2026-10-09T13:57:00+03:00,"Воронежская область, Семилукский район, Девицкое сельское поселение",92,1,есть,signal,,18383,Роснефть
2026-10-09T13:57:00+03:00,"Воронежская область, Семилукский район, Девицкое сельское поселение",95,1,есть,signal,,18383,Роснефть
2026-10-09T13:58:00+03:00,"Воронеж, Волгоградская улица, 41",92,1,есть,signal,,18383,Татнефть
2026-10-09T13:58:00+03:00,"Воронеж, Волгоградская улица, 41",95,1,есть,signal,,18383,Татнефть
2026-10-09T13:58:00+03:00,"Воронеж, Московский проспект, 129/2",92,1,есть,signal,,18383,ВТК
2026-10-09T13:58:00+03:00,"Воронеж, Московский проспект, 129/2",95,1,есть,signal,,18383,ВТК
2026-10-09T13:58:00+03:00,"Воронеж, Московский проспект, 4А",92,1,есть,signal,,18383,Роснефть
2026-10-09T13:58:00+03:00,"Воронеж, Московский проспект, 4А",95,1,есть,signal,,18383,Роснефть
2026-10-09T13:58:00+03:00,"Воронеж, Новосибирская улица, 2А",92,1,есть,signal,,18383,Татнефть
2026-10-09T13:58:00+03:00,"Воронеж, Новосибирская улица, 2А",95,1,есть,signal,,18383,Татнефть
2026-10-09T13:58:00+03:00,"Воронеж, Острогожская улица, 144",92,1,есть,signal,,18383,Роснефть
2026-10-09T13:58:00+03:00,"Воронеж, Острогожская улица, 144",95,1,есть,signal,,18383,Роснефть
2026-10-09T13:58:00+03:00,"Воронеж, переулок Отличников, 43А",92,1,есть,signal,,18383,Роснефть
2026-10-09T13:58:00+03:00,"Воронеж, переулок Отличников, 43А",95,1,есть,signal,,18383,Роснефть
2026-10-09T13:58:00+03:00,"Воронеж, проспект Патриотов, 42А",92,1,есть,signal,,18383,Татнефть
2026-10-09T13:58:00+03:00,"Воронеж, проспект Патриотов, 42А",95,1,есть,signal,,18383,Татнефть
2026-10-09T13:58:00+03:00,"Воронеж, улица Любы Шевцовой, 36А",92,1,есть,signal,,18383,Татнефть
2026-10-09T13:58:00+03:00,"Воронеж, улица Любы Шевцовой, 36А",95,1,есть,signal,,18383,Татнефть
2026-10-09T13:58:00+03:00,"Воронеж, улица Остужева, 37",92,1,есть,signal,,18383,Лукойл
2026-10-09T13:58:00+03:00,"Воронеж, улица Остужева, 37",95,1,есть,signal,,18383,Лукойл
2026-10-09T13:58:00+03:00,"Воронежская область, Рамонский район, Горожанское сельское поселение",92,1,есть,signal,,18383,Роснефть
2026-10-09T13:58:00+03:00,"Воронежская область, Рамонский район, Горожанское сельское поселение",95,1,есть,signal,,18383,Роснефть
2026-10-09T13:58:00+03:00,"Воронежская область, Рамонский район, Яменское сельское поселение, посёлок Солнечный, улица Московское шоссе, 2",92,1,есть,signal,,18383,Газпромнефть
2026-10-09T13:58:00+03:00,"Воронежская область, Рамонский район, Яменское сельское поселение, посёлок Солнечный, улица Московское шоссе, 2",95,1,есть,signal,,18383,Газпромнефть
2026-10-09T13:58:00+03:00,"Воронежская область, рабочий посёлок Рамонь, Воронежская улица, 19А",92,1,есть,signal,,18383,Роснефть
2026-10-09T13:58:00+03:00,"Воронежская область, рабочий посёлок Рамонь, Воронежская улица, 19А",95,1,есть,signal,,18383,Роснефть
2026-10-09T13:58:00+03:00,"Воронежская область, село Новая Усмань, Дорожная улица, 31",92,1,есть,signal,,18383,Роснефть
2026-10-09T13:58:00+03:00,"Воронежская область, село Новая Усмань, Дорожная улица, 31",95,1,есть,signal,,18383,Роснефть
2026-10-09T13:59:00+03:00,"Воронеж, Ленинградская улица, 29В",100,0,больше нет,report,51–100 машин,18389,Лукойл
2026-10-09T13:59:00+03:00,"Воронеж, Ленинградская улица, 29В",100,0,нет,summary,51–100 машин,18359,Лукойл
2026-10-09T13:59:00+03:00,"Воронеж, Ленинградская улица, 29В",92,1,есть,report,51–100 машин,18389,Лукойл
2026-10-09T13:59:00+03:00,"Воронеж, Ленинградская улица, 29В",92,1,есть,summary,51–100 машин,18359,Лукойл
2026-10-09T13:59:00+03:00,"Воронеж, Ленинградская улица, 29В",95,0,больше нет,report,51–100 машин,18389,Лукойл
2026-10-09T13:59:00+03:00,"Воронеж, Ленинградская улица, 29В",95,0,нет,summary,51–100 машин,18359,Лукойл
2026-10-09T13:59:00+03:00,"Воронеж, Ленинградская улица, 29В",95+,0,больше нет,report,51–100 машин,18389,Лукойл
2026-10-09T13:59:00+03:00,"Воронеж, Ленинградская улица, 29В",95+,0,нет,summary,51–100 машин,18359,Лукойл
2026-10-09T13:59:00+03:00,"Воронеж, Ленинградская улица, 29В",ДТ,1,есть,report,51–100 машин,18389,Лукойл
2026-10-09T13:59:00+03:00,"Воронеж, Ленинградская улица, 29В",ДТ,1,есть,summary,51–100 машин,18359,Лукойл
2026-10-09T13:59:00+03:00,"Воронеж, Ленинский проспект, 154А",92,1,есть,signal,,18383,Татнефть
2026-10-09T13:59:00+03:00,"Воронеж, Ленинский проспект, 154А",95,1,есть,signal,,18383,Татнефть
2026-10-09T13:59:00+03:00,"Воронеж, Ленинский проспект, 182",100,1,есть,report,,18388,Роснефть
2026-10-09T13:59:00+03:00,"Воронеж, Ленинский проспект, 182",100,1,есть,summary,,18359,Роснефть
2026-10-09T13:59:00+03:00,"Воронеж, Ленинский проспект, 182",92,1,есть,report,,18388,Роснефть
2026-10-09T13:59:00+03:00,"Воронеж, Ленинский проспект, 182",92,1,есть,summary,,18359,Роснефть
2026-10-09T13:59:00+03:00,"Воронеж, Ленинский проспект, 182",95,1,есть,report,,18388,Роснефть
2026-10-09T13:59:00+03:00,"Воронеж, Ленинский проспект, 182",95,1,есть,summary,,18359,Роснефть
2026-10-09T13:59:00+03:00,"Воронеж, Ленинский проспект, 182",95+,1,есть,report,,18388,Роснефть
2026-10-09T13:59:00+03:00,"Воронеж, Ленинский проспект, 182",95+,1,есть,summary,,18359,Роснефть
2026-10-09T13:59:00+03:00,"Воронеж, улица 9 Января, 245А",92,1,есть,signal,,18383,Роснефть
2026-10-09T13:59:00+03:00,"Воронеж, улица 9 Января, 245А",95,1,есть,signal,,18383,Роснефть
2026-10-09T13:59:00+03:00,"Воронеж, улица 9 Января, 258А",92,1,есть,signal,,18383,Роснефть
2026-10-09T13:59:00+03:00,"Воронеж, улица 9 Января, 258А",95,1,есть,signal,,18383,Роснефть
2026-10-09T13:59:00+03:00,"Воронежская область, село Новая Усмань, улица Ленина, 313/2",92,1,есть,signal,Большая,18383,Роснефть
2026-10-09T13:59:00+03:00,"Воронежская область, село Новая Усмань, улица Ленина, 313/2",95,1,есть,signal,Большая,18383,Роснефть
2026-10-09T14:05:00+03:00,"Воронеж, Ленинский проспект, 182",100,1,есть,report,21–50 машин,18390,Роснефть
2026-10-09T14:05:00+03:00,"Воронеж, Ленинский проспект, 182",100,1,есть,summary,21–50 машин,18359,Роснефть
2026-10-09T14:05:00+03:00,"Воронеж, Ленинский проспект, 182",92,1,есть,report,21–50 машин,18390,Роснефть
2026-10-09T14:05:00+03:00,"Воронеж, Ленинский проспект, 182",92,1,есть,summary,21–50 машин,18359,Роснефть
2026-10-09T14:05:00+03:00,"Воронеж, Ленинский проспект, 182",95,0,больше нет,report,21–50 машин,18390,Роснефть
2026-10-09T14:05:00+03:00,"Воронеж, Ленинский проспект, 182",95,0,нет,summary,21–50 машин,18359,Роснефть
2026-10-09T14:05:00+03:00,"Воронеж, Ленинский проспект, 182",95+,1,есть,report,21–50 машин,18390,Роснефть
2026-10-09T14:05:00+03:00,"Воронеж, Ленинский проспект, 182",95+,1,есть,summary,21–50 машин,18359,Роснефть
2026-10-09T14:13:00+03:00,"Воронеж, Острогожская улица, 144",92,1,есть,signal,,18383,Роснефть
2026-10-09T14:13:00+03:00,"Воронеж, Острогожская улица, 144",95,1,есть,signal,,18383,Роснефть
2026-10-09T14:13:00+03:00,"Воронеж, Солнечная улица, 31Л",95,1,есть,signal,,18383,Teboil
2026-10-09T14:13:00+03:00,"Воронеж, набережная Максима Горького, 33А",92,1,есть,signal,,18383,ВТК
2026-10-09T14:13:00+03:00,"Воронеж, набережная Максима Горького, 33А",95,1,есть,signal,,18383,ВТК
2026-10-09T14:13:00+03:00,"Воронеж, проспект Патриотов, 42А",92,1,есть,report,от танка,18391,Татнефть
2026-10-09T14:13:00+03:00,"Воронеж, проспект Патриотов, 42А",92,1,есть,summary,от танка,18359,Татнефть
2026-10-09T14:13:00+03:00,"Воронеж, проспект Патриотов, 42А",95,1,есть,report,от танка,18391,Татнефть
2026-10-09T14:13:00+03:00,"Воронеж, проспект Патриотов, 42А",95,1,есть,summary,от танка,18359,Татнефть
2026-10-09T14:13:00+03:00,"Воронеж, проспект Патриотов, 42А",ДТ,1,есть,report,от танка,18391,Татнефть
2026-10-09T14:13:00+03:00,"Воронеж, проспект Патриотов, 42А",ДТ,1,есть,summary,от танка,18359,Татнефть
2026-10-09T14:13:00+03:00,"Воронеж, улица 9 Января, 223А",92,1,есть,signal,,18383,Татнефть
2026-10-09T14:13:00+03:00,"Воронеж, улица 9 Января, 223А",95,1,есть,signal,,18383,Татнефть
2026-10-09T14:13:00+03:00,"Воронеж, улица Любы Шевцовой, 36А",92,1,есть,signal,,18383,Татнефть
2026-10-09T14:13:00+03:00,"Воронеж, улица Любы Шевцовой, 36А",95,1,есть,signal,,18383,Татнефть
2026-10-09T14:13:00+03:00,"Воронежская область, Новоусманский район, М-4 Дон, 534-й километр, 2",92,1,есть,signal,,18383,Татнефть
2026-10-09T14:13:00+03:00,"Воронежская область, Новоусманский район, М-4 Дон, 534-й километр, 2",95,1,есть,signal,,18383,Татнефть
2026-10-09T14:13:00+03:00,"Воронежская область, Рамонский район, М-4 Дон, 485-й километр, 1",92,1,есть,signal,,18383,Teboil
2026-10-09T14:13:00+03:00,"Воронежская область, Рамонский район, М-4 Дон, 485-й километр, 1",95,1,есть,signal,,18383,Teboil
2026-10-09T14:14:00+03:00,"Воронеж, Дорожная улица, 19А",92,1,есть,signal,,18383,Татнефть
2026-10-09T14:14:00+03:00,"Воронеж, Дорожная улица, 19А",95,1,есть,signal,,18383,Татнефть
2026-10-09T14:14:00+03:00,"Воронеж, Ленинский проспект, 154А",92,1,есть,signal,,18383,Татнефть
2026-10-09T14:14:00+03:00,"Воронеж, Ленинский проспект, 154А",95,1,есть,signal,,18383,Татнефть
2026-10-09T14:14:00+03:00,"Воронеж, Ленинский проспект, 182",100,1,есть,report,21–50 машин,18392,Роснефть
2026-10-09T14:14:00+03:00,"Воронеж, Ленинский проспект, 182",100,1,есть,summary,21–50 машин,18359,Роснефть
2026-10-09T14:14:00+03:00,"Воронеж, Ленинский проспект, 182",92,1,есть,report,21–50 машин,18392,Роснефть
2026-10-09T14:14:00+03:00,"Воронеж, Ленинский проспект, 182",92,1,есть,summary,21–50 машин,18359,Роснефть
2026-10-09T14:14:00+03:00,"Воронеж, Ленинский проспект, 182",95,1,есть,report,21–50 машин,18392,Роснефть
2026-10-09T14:14:00+03:00,"Воронеж, Ленинский проспект, 182",95,1,есть,summary,21–50 машин,18359,Роснефть
2026-10-09T14:14:00+03:00,"Воронеж, Ленинский проспект, 182",95+,0,больше нет,report,21–50 машин,18392,Роснефть
2026-10-09T14:14:00+03:00,"Воронеж, Ленинский проспект, 182",95+,0,нет,summary,21–50 машин,18359,Роснефть
2026-10-09T14:14:00+03:00,"Воронеж, Московский проспект, 4А",92,1,есть,signal,,18383,Роснефть
2026-10-09T14:14:00+03:00,"Воронеж, Московский проспект, 4А",95,1,есть,signal,,18383,Роснефть
2026-10-09T14:14:00+03:00,"Воронеж, Новосибирская улица, 13Д",92,1,есть,signal,,18383,Татнефть
2026-10-09T14:14:00+03:00,"Воронеж, Новосибирская улица, 13Д",95,1,есть,signal,,18383,Татнефть
2026-10-09T14:14:00+03:00,"Воронеж, Холмистая улица, 66",92,1,есть,signal,,18383,Газпромнефть
2026-10-09T14:14:00+03:00,"Воронеж, Холмистая улица, 66",95,1,есть,signal,,18383,Газпромнефть
2026-10-09T14:14:00+03:00,"Воронеж, улица 9 Января, 245А",92,1,есть,signal,,18383,Роснефть
2026-10-09T14:14:00+03:00,"Воронеж, улица 9 Января, 245А",95,1,есть,signal,,18383,Роснефть
2026-10-09T14:14:00+03:00,"Воронеж, улица Ворошилова",92,1,есть,signal,,18383,Газпромнефть
2026-10-09T14:14:00+03:00,"Воронеж, улица Ворошилова",95,1,есть,signal,,18383,Газпромнефть
2026-10-09T14:14:00+03:00,"Воронеж, улица Героев Сибиряков, 1Л",92,1,есть,signal,,18383,Teboil
2026-10-09T14:14:00+03:00,"Воронеж, улица Героев Сибиряков, 2",92,1,есть,signal,,18383,Газпромнефть
2026-10-09T14:14:00+03:00,"Воронеж, улица Героев Сибиряков, 2",95,1,есть,signal,,18383,Газпромнефть
2026-10-09T14:14:00+03:00,"Воронеж, улица Димитрова, 140Д",92,1,есть,signal,,18383,Teboil
2026-10-09T14:14:00+03:00,"Воронеж, улица Димитрова, 140Д",95,1,есть,signal,,18383,Teboil
2026-10-09T14:14:00+03:00,"Воронеж, улица Космонавтов, 6А",92,1,есть,signal,,18383,Роснефть
2026-10-09T14:14:00+03:00,"Воронеж, улица Космонавтов, 6А",95,1,есть,signal,,18383,Роснефть
2026-10-09T14:14:00+03:00,"Воронеж, улица Остужева, 37",92,1,есть,signal,,18383,Лукойл
2026-10-09T14:14:00+03:00,"Воронеж, улица Остужева, 37",95,1,есть,signal,,18383,Лукойл
2026-10-09T14:14:00+03:00,"Воронежская область, Новоусманский район, М-4 Дон, 531-й километр, 1",92,1,есть,signal,,18383,Лукойл
2026-10-09T14:14:00+03:00,"Воронежская область, Новоусманский район, М-4 Дон, 531-й километр, 1",95,1,есть,signal,,18383,Лукойл
2026-10-09T14:14:00+03:00,"Воронежская область, Рамонский район, Горожанское сельское поселение",92,1,есть,signal,,18383,Лукойл
2026-10-09T14:14:00+03:00,"Воронежская область, Рамонский район, Горожанское сельское поселение",95,1,есть,signal,,18383,Лукойл
2026-10-09T14:14:00+03:00,"Воронежская область, Рамонский район, Яменское сельское поселение, посёлок Солнечный, улица Московское шоссе, 2",92,1,есть,signal,,18383,Газпромнефть
2026-10-09T14:14:00+03:00,"Воронежская область, Рамонский район, Яменское сельское поселение, посёлок Солнечный, улица Московское шоссе, 2",95,1,есть,signal,,18383,Газпромнефть
2026-10-09T14:14:00+03:00,"Воронежская область, Семилуки, Транспортная улица, 18А",92,1,есть,signal,,18383,Роснефть
2026-10-09T14:14:00+03:00,"Воронежская область, Семилуки, Транспортная улица, 18А",95,1,есть,signal,,18383,Роснефть
2026-10-09T14:14:00+03:00,"Воронежская область, село Новая Усмань, улица Ленина, 313/2",92,1,есть,signal,,18383,Роснефть
2026-10-09T14:14:00+03:00,"Воронежская область, село Новая Усмань, улица Ленина, 313/2",95,1,есть,signal,,18383,Роснефть
2026-10-09T14:15:00+03:00,"Воронеж, Ленинский проспект, 176А",92,1,есть,signal,,18383,Газпромнефть
2026-10-09T14:15:00+03:00,"Воронеж, Ленинский проспект, 176А",95,1,есть,signal,,18383,Газпромнефть
2026-10-09T14:15:00+03:00,"Воронеж, Московский проспект, 129/2",92,1,есть,signal,,18383,ВТК
2026-10-09T14:15:00+03:00,"Воронеж, Московский проспект, 129/2",95,1,есть,signal,,18383,ВТК
2026-10-09T14:15:00+03:00,"Воронеж, Московский проспект, 144",92,1,есть,signal,Большая,18383,Роснефть
2026-10-09T14:15:00+03:00,"Воронеж, Московский проспект, 144",95,1,есть,signal,Большая,18383,Роснефть
2026-10-09T14:15:00+03:00,"Воронеж, Новосибирская улица, 2А",92,1,есть,signal,,18383,Татнефть
2026-10-09T14:15:00+03:00,"Воронеж, Новосибирская улица, 2А",95,1,есть,signal,,18383,Татнефть
2026-10-09T14:15:00+03:00,"Воронеж, Новосибирская улица, 84Б",92,1,есть,signal,,18383,Газпромнефть
2026-10-09T14:15:00+03:00,"Воронеж, Новосибирская улица, 84Б",95,1,есть,signal,,18383,Газпромнефть
2026-10-09T14:15:00+03:00,"Воронеж, проспект Труда, 107А",92,1,есть,signal,,18383,Татнефть
2026-10-09T14:15:00+03:00,"Воронеж, проспект Труда, 107А",95,1,есть,signal,,18383,Татнефть
2026-10-09T14:15:00+03:00,"Воронеж, улица 9 Января, 258А",92,1,есть,signal,,18383,Роснефть
2026-10-09T14:15:00+03:00,"Воронеж, улица 9 Января, 258А",95,1,есть,signal,,18383,Роснефть
2026-10-09T14:15:00+03:00,"Воронеж, улица Антонова-Овсеенко, 35А",92,1,есть,signal,,18383,Роснефть
2026-10-09T14:15:00+03:00,"Воронеж, улица Антонова-Овсеенко, 35А",95,1,есть,signal,,18383,Роснефть
2026-10-09T14:15:00+03:00,"Воронежская область, Новоусманский район, М-4 Дон, 534-й километр, 1",92,1,есть,signal,,18383,Татнефть
2026-10-09T14:15:00+03:00,"Воронежская область, Новоусманский район, М-4 Дон, 534-й километр, 1",95,1,есть,signal,,18383,Татнефть
2026-10-09T14:15:00+03:00,"Воронежская область, Рамонский район, Яменское сельское поселение, хутор Ветряк, Транспортная улица, 6",92,1,есть,signal,,18383,Газпромнефть
2026-10-09T14:15:00+03:00,"Воронежская область, рабочий посёлок Рамонь, Воронежская улица, 19А",92,1,есть,signal,,18383,Роснефть
2026-10-09T14:15:00+03:00,"Воронежская область, рабочий посёлок Рамонь, Воронежская улица, 19А",95,1,есть,signal,,18383,Роснефть
2026-10-09T14:15:00+03:00,"Воронежская область, село Новая Усмань, Дорожная улица, 31",92,1,есть,signal,,18383,Роснефть
2026-10-09T14:15:00+03:00,"Воронежская область, село Новая Усмань, Дорожная улица, 31",95,1,есть,signal,,18383,Роснефть
2026-10-09T14:16:00+03:00,"Воронеж, Московский проспект, 84",92,1,есть,signal,,18383,Роснефть
2026-10-09T14:16:00+03:00,"Воронеж, Московский проспект, 84",95,1,есть,signal,,18383,Роснефть
2026-10-09T14:16:00+03:00,"Воронеж, Спокойный переулок, 24А",92,1,есть,signal,,18383,Роснефть
2026-10-09T14:16:00+03:00,"Воронеж, Спокойный переулок, 24А",95,1,есть,signal,,18383,Роснефть
2026-10-09T14:16:00+03:00,"Воронеж, переулок Отличников, 43А",92,1,есть,signal,,18383,Роснефть
2026-10-09T14:16:00+03:00,"Воронеж, переулок Отличников, 43А",95,1,есть,signal,,18383,Роснефть
2026-10-09T14:16:00+03:00,"Воронеж, улица Урицкого, 58А",92,1,есть,signal,,18383,ВТК
2026-10-09T14:16:00+03:00,"Воронеж, улица Урицкого, 58А",95,1,есть,signal,,18383,ВТК
2026-10-09T14:16:00+03:00,"Воронеж, улица Чебышева, 13/1",92,1,есть,signal,,18383,Роснефть
2026-10-09T14:16:00+03:00,"Воронеж, улица Чебышева, 13/1",95,1,есть,signal,,18383,Роснефть
2026-10-09T14:16:00+03:00,"Воронежская область, село Новая Усмань, Дорожная улица, 31",92,1,есть,signal,,18383,Роснефть
2026-10-09T14:16:00+03:00,"Воронежская область, село Новая Усмань, Дорожная улица, 31",95,1,есть,signal,,18383,Роснефть
2026-10-09T14:21:00+03:00,"Воронеж, Дорожная улица, 19А",92,1,есть,signal,,18383,Татнефть
2026-10-09T14:21:00+03:00,"Воронеж, Дорожная улица, 19А",95,1,есть,signal,,18383,Татнефть
2026-10-09T14:21:00+03:00,"Воронеж, Острогожская улица, 144",92,1,есть,signal,,18383,Роснефть
2026-10-09T14:21:00+03:00,"Воронеж, Острогожская улица, 144",95,1,есть,signal,,18383,Роснефть
2026-10-09T14:21:00+03:00,"Воронеж, Солнечная улица, 31Л",95,1,есть,signal,,18383,Teboil
2026-10-09T14:21:00+03:00,"Воронеж, проспект Патриотов, 42А",92,1,есть,report,21–50 машин,18393,Татнефть
2026-10-09T14:21:00+03:00,"Воронеж, проспект Патриотов, 42А",92,1,есть,summary,21–50 машин,18359,Татнефть
2026-10-09T14:21:00+03:00,"Воронеж, проспект Патриотов, 42А",95,0,больше нет,report,21–50 машин,18393,Татнефть
2026-10-09T14:21:00+03:00,"Воронеж, проспект Патриотов, 42А",95,0,нет,summary,21–50 машин,18359,Татнефть
2026-10-09T14:21:00+03:00,"Воронеж, проспект Патриотов, 42А",ДТ,1,есть,report,21–50 машин,18393,Татнефть
2026-10-09T14:21:00+03:00,"Воронеж, проспект Патриотов, 42А",ДТ,1,есть,summary,21–50 машин,18359,Татнефть
2026-10-09T14:21:00+03:00,"Воронеж, улица Антонова-Овсеенко, 35А",92,1,есть,signal,,18383,Роснефть
2026-10-09T14:21:00+03:00,"Воронеж, улица Антонова-Овсеенко, 35А",95,1,есть,signal,,18383,Роснефть
2026-10-09T14:21:00+03:00,"Воронеж, улица Ильюшина, 3А",92,1,есть,signal,,18383,Роснефть
2026-10-09T14:21:00+03:00,"Воронеж, улица Ильюшина, 3А",95,1,есть,signal,,18383,Роснефть
2026-10-09T14:21:00+03:00,"Воронеж, улица Свободы, 79Б",92,1,есть,signal,,18383,ВТК
2026-10-09T14:21:00+03:00,"Воронеж, улица Свободы, 79Б",95,1,есть,signal,,18383,ВТК
2026-10-09T14:21:00+03:00,"Воронежская область, село Новая Усмань, улица Ленина, 313/2",92,1,есть,signal,,18383,Роснефть
2026-10-09T14:21:00+03:00,"Воронежская область, село Новая Усмань, улица Ленина, 313/2",95,1,есть,signal,,18383,Роснефть
2026-10-09T14:22:00+03:00,"Воронеж, Московский проспект, 129/2",92,1,есть,signal,,18383,ВТК
2026-10-09T14:22:00+03:00,"Воронеж, Московский проспект, 129/2",95,1,есть,signal,,18383,ВТК
2026-10-09T14:22:00+03:00,"Воронеж, Московский проспект, 7А",92,1,есть,signal,,18383,Teboil
2026-10-09T14:22:00+03:00,"Воронеж, Московский проспект, 7А",95,1,есть,signal,,18383,Teboil
2026-10-09T14:22:00+03:00,"Воронеж, Спокойный переулок, 24А",92,1,есть,signal,,18383,Роснефть
2026-10-09T14:22:00+03:00,"Воронеж, Спокойный переулок, 24А",95,1,есть,signal,,18383,Роснефть
2026-10-09T14:22:00+03:00,"Воронеж, проспект Патриотов, 1А",92,1,есть,signal,,18383,Роснефть
2026-10-09T14:22:00+03:00,"Воронеж, проспект Патриотов, 1А",95,1,есть,signal,,18383,Роснефть
2026-10-09T14:22:00+03:00,"Воронеж, проспект Труда, 107А",92,1,есть,signal,,18383,Татнефть
2026-10-09T14:22:00+03:00,"Воронеж, проспект Труда, 107А",95,1,есть,signal,,18383,Татнефть
2026-10-09T14:22:00+03:00,"Воронеж, улица 9 Января, 223А",92,1,есть,signal,,18383,Татнефть
2026-10-09T14:22:00+03:00,"Воронеж, улица 9 Января, 223А",95,1,есть,signal,,18383,Татнефть
2026-10-09T14:22:00+03:00,"Воронеж, улица Героев Сибиряков, 2",92,1,есть,signal,,18383,Газпромнефть
2026-10-09T14:22:00+03:00,"Воронеж, улица Героев Сибиряков, 2",95,1,есть,signal,,18383,Газпромнефть
2026-10-09T14:22:00+03:00,"Воронеж, улица Космонавтов, 6А",92,1,есть,signal,,18383,Роснефть
2026-10-09T14:22:00+03:00,"Воронеж, улица Космонавтов, 6А",95,1,есть,signal,,18383,Роснефть
2026-10-09T14:22:00+03:00,"Воронеж, улица Хользунова, 99А",92,1,есть,signal,,18383,Татнефть
2026-10-09T14:22:00+03:00,"Воронеж, улица Хользунова, 99А",95,1,есть,signal,,18383,Татнефть
2026-10-09T14:22:00+03:00,"Воронежская область, Новоусманский район, М-4 Дон, 531-й километр, 1",92,1,есть,signal,,18383,Лукойл
2026-10-09T14:22:00+03:00,"Воронежская область, Новоусманский район, М-4 Дон, 531-й километр, 1",95,1,есть,signal,,18383,Лукойл
2026-10-09T14:22:00+03:00,"Воронежская область, Новоусманский район, М-4 Дон, 534-й километр, 1",92,1,есть,signal,,18383,Татнефть
2026-10-09T14:22:00+03:00,"Воронежская область, Новоусманский район, М-4 Дон, 534-й километр, 1",95,1,есть,signal,,18383,Татнефть
2026-10-09T14:22:00+03:00,"Воронежская область, Новоусманский район, Рогачёвское сельское поселение",92,1,есть,signal,,18383,Роснефть
2026-10-09T14:22:00+03:00,"Воронежская область, Новоусманский район, Рогачёвское сельское поселение",95,1,есть,signal,,18383,Роснефть
2026-10-09T14:22:00+03:00,"Воронежская область, Рамонский район, Горожанское сельское поселение",92,1,есть,signal,,18383,Лукойл
2026-10-09T14:22:00+03:00,"Воронежская область, Рамонский район, Горожанское сельское поселение",95,1,есть,signal,,18383,Лукойл
2026-10-09T14:22:00+03:00,"Воронежская область, Рамонский район, Яменское сельское поселение, посёлок Солнечный, улица Московское шоссе, 2",92,1,есть,signal,,18383,Газпромнефть
2026-10-09T14:22:00+03:00,"Воронежская область, Рамонский район, Яменское сельское поселение, посёлок Солнечный, улица Московское шоссе, 2",95,1,есть,signal,,18383,Газпромнефть
2026-10-09T14:22:00+03:00,"Воронежская область, село Новая Усмань, Дорожная улица, 31",92,1,есть,signal,,18383,Роснефть
2026-10-09T14:22:00+03:00,"Воронежская область, село Новая Усмань, Дорожная улица, 31",95,1,есть,signal,,18383,Роснефть
2026-10-09T14:23:00+03:00,"Воронеж, Кольцовская улица, 24Б",92,1,есть,signal,,18383,ВТК
2026-10-09T14:23:00+03:00,"Воронеж, Кольцовская улица, 24Б",95,1,есть,signal,,18383,ВТК
2026-10-09T14:23:00+03:00,"Воронеж, Ленинский проспект, 176А",95,1,есть,signal,,18383,Газпромнефть
2026-10-09T14:23:00+03:00,"Воронеж, улица Антонова-Овсеенко, 7А",92,1,есть,signal,,18383,ВТК
2026-10-09T14:23:00+03:00,"Воронеж, улица Антонова-Овсеенко, 7А",95,1,есть,signal,,18383,ВТК
2026-10-09T14:23:00+03:00,"Воронеж, улица Димитрова, 140Д",92,1,есть,signal,,18383,Teboil
2026-10-09T14:23:00+03:00,"Воронеж, улица Димитрова, 140Д",95,1,есть,signal,,18383,Teboil
2026-10-09T14:23:00+03:00,"Воронеж, улица Остужева, 51",92,1,есть,signal,,18383,Газпромнефть
2026-10-09T14:23:00+03:00,"Воронеж, улица Остужева, 51",95,1,есть,signal,,18383,Газпромнефть
2026-10-09T14:23:00+03:00,"Воронеж, улица Урицкого, 58А",92,1,есть,signal,,18383,ВТК
2026-10-09T14:23:00+03:00,"Воронеж, улица Урицкого, 58А",95,1,есть,signal,,18383,ВТК
2026-10-09T14:23:00+03:00,"Воронежская область, Новоусманский район, М-4 Дон, 534-й километр, 2",92,1,есть,signal,,18383,Татнефть
2026-10-09T14:23:00+03:00,"Воронежская область, Новоусманский район, М-4 Дон, 534-й километр, 2",95,1,есть,signal,,18383,Татнефть
2026-10-09T14:23:00+03:00,"Воронежская область, Рамонский район, Айдаровское сельское поселение, село Чертовицы, улица Мира, 1",92,1,есть,signal,,18383,Лукойл
2026-10-09T14:23:00+03:00,"Воронежская область, Рамонский район, Айдаровское сельское поселение, село Чертовицы, улица Мира, 1",95,1,есть,signal,,18383,Лукойл
2026-10-09T14:23:00+03:00,"Воронежская область, Рамонский район, М-4 Дон, 485-й километр, 1",92,1,есть,signal,,18383,Teboil
2026-10-09T14:23:00+03:00,"Воронежская область, Рамонский район, М-4 Дон, 485-й километр, 1",95,1,есть,signal,,18383,Teboil
2026-10-09T14:23:00+03:00,"Воронежская область, Рамонский район, Яменское сельское поселение",92,1,есть,signal,,18383,Teboil
2026-10-09T14:23:00+03:00,"Воронежская область, Рамонский район, Яменское сельское поселение",95,1,есть,signal,,18383,Teboil
2026-10-09T14:23:00+03:00,"Воронежская область, Рамонский район, Яменское сельское поселение, хутор Ветряк, Транспортная улица, 6",92,1,есть,signal,,18383,Газпромнефть
2026-10-09T14:23:00+03:00,"Воронежская область, Семилуки, Транспортная улица, 18А",92,1,есть,signal,,18383,Роснефть
2026-10-09T14:23:00+03:00,"Воронежская область, Семилуки, Транспортная улица, 18А",95,1,есть,signal,,18383,Роснефть
2026-10-09T14:23:00+03:00,"Воронежская область, село Новая Усмань, Дорожная улица, 31",92,1,есть,signal,,18383,Роснефть
2026-10-09T14:23:00+03:00,"Воронежская область, село Новая Усмань, Дорожная улица, 31",95,1,есть,signal,,18383,Роснефть
2026-10-09T14:24:00+03:00,"Воронеж, Волгоградская улица, 41",92,1,есть,signal,,18383,Татнефть
2026-10-09T14:24:00+03:00,"Воронеж, Волгоградская улица, 41",95,1,есть,signal,,18383,Татнефть
2026-10-09T14:24:00+03:00,"Воронеж, Московский проспект, 84",92,1,есть,signal,,18383,Роснефть
2026-10-09T14:24:00+03:00,"Воронеж, Московский проспект, 84",95,1,есть,signal,,18383,Роснефть
2026-10-09T14:24:00+03:00,"Воронеж, переулок Отличников, 43А",92,1,есть,signal,,18383,Роснефть
2026-10-09T14:24:00+03:00,"Воронеж, переулок Отличников, 43А",95,1,есть,signal,,18383,Роснефть
2026-10-09T14:24:00+03:00,"Воронеж, улица 9 Января, 104",92,1,есть,signal,,18383,ВТК
2026-10-09T14:24:00+03:00,"Воронеж, улица 9 Января, 104",95,1,есть,signal,,18383,ВТК
2026-10-09T14:24:00+03:00,"Воронеж, улица 9 Января, 258А",92,1,есть,signal,,18383,Роснефть
2026-10-09T14:24:00+03:00,"Воронеж, улица 9 Января, 258А",95,1,есть,signal,,18383,Роснефть
2026-10-09T14:24:00+03:00,"Воронежская область, Рамонский район, Яменское сельское поселение, посёлок Солнечный, Парковая улица, 7",92,1,есть,signal,,18383,Лукойл
2026-10-09T14:39:00+03:00,"Воронеж, Дорожная улица, 1Б",95,1,есть,signal,,18394,ВТК
2026-10-09T14:39:00+03:00,"Воронеж, Ленинский проспект, 176А",95,1,есть,signal,,18394,Газпромнефть
2026-10-09T14:39:00+03:00,"Воронеж, Новосибирская улица, 2А",92,1,есть,signal,,18394,Татнефть
2026-10-09T14:39:00+03:00,"Воронеж, Новосибирская улица, 2А",95,1,есть,signal,,18394,Татнефть
2026-10-09T14:39:00+03:00,"Воронеж, Холмистая улица, 62",92,1,есть,signal,,18394,Лукойл
2026-10-09T14:39:00+03:00,"Воронеж, Холмистая улица, 62",95,1,есть,signal,,18394,Лукойл
2026-10-09T14:39:00+03:00,"Воронеж, Холмистая улица, 66",92,1,есть,signal,,18394,Газпромнефть
2026-10-09T14:39:00+03:00,"Воронеж, Холмистая улица, 66",95,1,есть,signal,,18394,Газпромнефть
2026-10-09T14:39:00+03:00,"Воронеж, набережная Максима Горького, 33А",92,1,есть,signal,,18394,ВТК
2026-10-09T14:39:00+03:00,"Воронеж, набережная Максима Горького, 33А",95,1,есть,signal,,18394,ВТК
2026-10-09T14:39:00+03:00,"Воронеж, проспект Патриотов, 1А",92,1,есть,signal,,18394,Роснефть
2026-10-09T14:39:00+03:00,"Воронеж, проспект Патриотов, 1А",95,1,есть,signal,,18394,Роснефть
2026-10-09T14:39:00+03:00,"Воронеж, проспект Патриотов, 69",92,1,есть,signal,Большая,18394,Роснефть
2026-10-09T14:39:00+03:00,"Воронеж, проспект Патриотов, 69",95,1,есть,signal,Большая,18394,Роснефть
2026-10-09T14:39:00+03:00,"Воронеж, улица Димитрова, 163",92,1,есть,signal,,18394,Роснефть
2026-10-09T14:39:00+03:00,"Воронеж, улица Димитрова, 163",95,1,есть,signal,,18394,Роснефть
2026-10-09T14:39:00+03:00,"Воронежская область, Новоусманский район, М-4 Дон, 518-й километр, 2",92,1,есть,signal,,18394,Лукойл
2026-10-09T14:39:00+03:00,"Воронежская область, Рамонский район, Яменское сельское поселение, хутор Ветряк, Транспортная улица, 6",92,1,есть,signal,,18394,Газпромнефть
2026-10-09T14:40:00+03:00,"Воронеж, Волгоградская улица, 41",92,1,есть,signal,,18394,Татнефть
2026-10-09T14:40:00+03:00,"Воронеж, Волгоградская улица, 41",95,1,есть,signal,,18394,Татнефть
2026-10-09T14:40:00+03:00,"Воронеж, Кольцовская улица, 24Б",92,1,есть,signal,,18394,ВТК
2026-10-09T14:40:00+03:00,"Воронеж, Кольцовская улица, 24Б",95,1,есть,signal,,18394,ВТК
2026-10-09T14:40:00+03:00,"Воронеж, Новосибирская улица, 84Б",92,1,есть,signal,,18394,Газпромнефть
2026-10-09T14:40:00+03:00,"Воронеж, Новосибирская улица, 84Б",95,1,есть,signal,,18394,Газпромнефть
2026-10-09T14:40:00+03:00,"Воронеж, переулок Отличников, 43А",92,1,есть,signal,,18394,Роснефть
2026-10-09T14:40:00+03:00,"Воронеж, переулок Отличников, 43А",95,1,есть,signal,,18394,Роснефть
2026-10-09T14:40:00+03:00,"Воронеж, улица 9 Января, 104",92,1,есть,signal,,18394,ВТК
2026-10-09T14:40:00+03:00,"Воронеж, улица 9 Января, 104",95,1,есть,signal,,18394,ВТК
2026-10-09T14:40:00+03:00,"Воронеж, улица 9 Января, 258А",92,1,есть,signal,,18394,Роснефть
2026-10-09T14:40:00+03:00,"Воронеж, улица 9 Января, 258А",95,1,есть,signal,,18394,Роснефть
2026-10-09T14:40:00+03:00,"Воронеж, улица Антонова-Овсеенко, 7А",92,1,есть,signal,,18394,ВТК
2026-10-09T14:40:00+03:00,"Воронеж, улица Антонова-Овсеенко, 7А",95,1,есть,signal,,18394,ВТК
2026-10-09T14:40:00+03:00,"Воронеж, улица Героев Сибиряков, 1Л",92,1,есть,signal,,18394,Teboil
2026-10-09T14:40:00+03:00,"Воронеж, улица Героев Сибиряков, 1Л",95,1,есть,signal,,18394,Teboil
2026-10-09T14:40:00+03:00,"Воронеж, улица Урицкого, 58А",92,1,есть,signal,,18394,ВТК
2026-10-09T14:40:00+03:00,"Воронеж, улица Урицкого, 58А",95,1,есть,signal,,18394,ВТК
2026-10-09T14:40:00+03:00,"Воронежская область, Новоусманский район, М-4 Дон, 534-й километр, 2",92,1,есть,signal,,18394,Татнефть
2026-10-09T14:40:00+03:00,"Воронежская область, Новоусманский район, М-4 Дон, 534-й километр, 2",95,1,есть,signal,,18394,Татнефть
2026-10-09T14:40:00+03:00,"Воронежская область, Рамонский район, М-4 Дон, 485-й километр, 1",92,1,есть,signal,,18394,Teboil
2026-10-09T14:40:00+03:00,"Воронежская область, Рамонский район, М-4 Дон, 485-й километр, 1",95,1,есть,signal,,18394,Teboil
2026-10-09T14:40:00+03:00,"Воронежская область, Семилуки, Транспортная улица, 18А",92,1,есть,signal,,18394,Роснефть
2026-10-09T14:40:00+03:00,"Воронежская область, Семилуки, Транспортная улица, 18А",95,1,есть,signal,,18394,Роснефть
2026-10-09T14:40:00+03:00,"Воронежская область, рабочий посёлок Рамонь, Воронежская улица, 19А",92,1,есть,signal,,18394,Роснефть
2026-10-09T14:40:00+03:00,"Воронежская область, рабочий посёлок Рамонь, Воронежская улица, 19А",95,1,есть,signal,,18394,Роснефть
2026-10-09T14:40:00+03:00,"Воронежская область, село Новая Усмань, Дорожная улица, 31",92,1,есть,signal,,18394,Роснефть
2026-10-09T14:40:00+03:00,"Воронежская область, село Новая Усмань, Дорожная улица, 31",95,1,есть,signal,,18394,Роснефть
2026-10-09T14:41:00+03:00,"Воронеж, Московский проспект, 4А",92,1,есть,signal,,18394,Роснефть
2026-10-09T14:41:00+03:00,"Воронеж, Московский проспект, 4А",95,1,есть,signal,,18394,Роснефть
2026-10-09T14:41:00+03:00,"Воронеж, Острогожская улица, 144",92,1,есть,signal,,18394,Роснефть
2026-10-09T14:41:00+03:00,"Воронеж, Острогожская улица, 144",95,1,есть,signal,,18394,Роснефть
2026-10-09T14:41:00+03:00,"Воронеж, улица 9 Января, 223А",92,1,есть,signal,,18394,Татнефть
2026-10-09T14:41:00+03:00,"Воронеж, улица 9 Января, 223А",95,1,есть,signal,,18394,Татнефть
2026-10-09T14:41:00+03:00,"Воронеж, улица Антонова-Овсеенко, 35А",92,1,есть,signal,,18394,Роснефть
2026-10-09T14:41:00+03:00,"Воронеж, улица Антонова-Овсеенко, 35А",95,1,есть,signal,,18394,Роснефть
2026-10-09T14:41:00+03:00,"Воронеж, улица Рылеева, 22Н",92,1,есть,signal,,18394,Teboil
2026-10-09T14:41:00+03:00,"Воронеж, улица Рылеева, 22Н",95,1,есть,signal,,18394,Teboil
2026-10-09T14:41:00+03:00,"Воронеж, улица Хользунова, 99А",92,1,есть,signal,,18394,Татнефть
2026-10-09T14:41:00+03:00,"Воронеж, улица Хользунова, 99А",95,1,есть,signal,,18394,Татнефть
2026-10-09T14:41:00+03:00,"Воронежская область, Новоусманский район, М-4 Дон, 531-й километр, 1",92,1,есть,signal,,18394,Лукойл
2026-10-09T14:41:00+03:00,"Воронежская область, Новоусманский район, М-4 Дон, 531-й километр, 1",95,1,есть,signal,,18394,Лукойл
2026-10-09T14:41:00+03:00,"Воронежская область, Рамонский район, Айдаровское сельское поселение, село Чертовицы, улица Мира, 1",92,1,есть,signal,,18394,Лукойл
2026-10-09T14:41:00+03:00,"Воронежская область, Рамонский район, Айдаровское сельское поселение, село Чертовицы, улица Мира, 1",95,1,есть,signal,,18394,Лукойл
2026-10-09T14:41:00+03:00,"Воронежская область, Рамонский район, Горожанское сельское поселение",92,1,есть,signal,,18394,Роснефть
2026-10-09T14:41:00+03:00,"Воронежская область, Рамонский район, Горожанское сельское поселение",95,1,есть,signal,,18394,Роснефть
2026-10-09T14:41:00+03:00,"Воронежская область, Рамонский район, Яменское сельское поселение",92,1,есть,signal,Нет,18394,Teboil
2026-10-09T14:41:00+03:00,"Воронежская область, Рамонский район, Яменское сельское поселение",95,1,есть,signal,Нет,18394,Teboil
2026-10-09T14:42:00+03:00,"Воронеж, Ленинский проспект, 154А",92,1,есть,signal,,18394,Татнефть
2026-10-09T14:42:00+03:00,"Воронеж, Ленинский проспект, 154А",95,1,есть,signal,,18394,Татнефть
2026-10-09T14:42:00+03:00,"Воронеж, Московский проспект, 144",92,1,есть,signal,,18394,Роснефть
2026-10-09T14:42:00+03:00,"Воронеж, Московский проспект, 144",95,1,есть,signal,,18394,Роснефть
2026-10-09T14:42:00+03:00,"Воронеж, Московский проспект, 84",92,1,есть,signal,Большая,18394,Роснефть
2026-10-09T14:42:00+03:00,"Воронеж, Московский проспект, 84",95,1,есть,signal,Большая,18394,Роснефть
2026-10-09T14:42:00+03:00,"Воронеж, Спокойный переулок, 24А",92,1,есть,signal,,18394,Роснефть
2026-10-09T14:42:00+03:00,"Воронеж, Спокойный переулок, 24А",95,1,есть,signal,,18394,Роснефть
2026-10-09T14:42:00+03:00,"Воронеж, улица Ильюшина, 3А",92,1,есть,signal,,18394,Роснефть
2026-10-09T14:42:00+03:00,"Воронеж, улица Ильюшина, 3А",95,1,есть,signal,,18394,Роснефть
2026-10-09T14:42:00+03:00,"Воронежская область, село Новая Усмань, улица Ленина, 313/2",92,1,есть,signal,,18394,Роснефть
2026-10-09T14:42:00+03:00,"Воронежская область, село Новая Усмань, улица Ленина, 313/2",95,1,есть,signal,,18394,Роснефть
2026-10-09T14:47:00+03:00,"Воронеж, Ленинский проспект, 182",100,1,есть,report,11–20 машин,18395,Роснефть
2026-10-09T14:47:00+03:00,"Воронеж, Ленинский проспект, 182",100,1,есть,summary,11–20 машин,18359,Роснефть
2026-10-09T14:47:00+03:00,"Воронеж, Ленинский проспект, 182",92,1,есть,report,11–20 машин,18395,Роснефть
2026-10-09T14:47:00+03:00,"Воронеж, Ленинский проспект, 182",92,1,есть,summary,11–20 машин,18359,Роснефть
2026-10-09T14:47:00+03:00,"Воронеж, Ленинский проспект, 182",95,0,больше нет,report,11–20 машин,18395,Роснефть
2026-10-09T14:47:00+03:00,"Воронеж, Ленинский проспект, 182",95,0,нет,summary,11–20 машин,18359,Роснефть
2026-10-09T14:47:00+03:00,"Воронеж, Ленинский проспект, 182",95+,0,больше нет,report,11–20 машин,18395,Роснефть
2026-10-09T14:47:00+03:00,"Воронеж, Ленинский проспект, 182",95+,0,нет,summary,11–20 машин,18359,Роснефть
2026-10-09T14:47:00+03:00,"Воронеж, улица Любы Шевцовой, 36А",92,0,больше нет,report,,18396,Татнефть
2026-10-09T14:47:00+03:00,"Воронеж, улица Любы Шевцовой, 36А",92,0,нет,summary,,18359,Татнефть
2026-10-09T14:47:00+03:00,"Воронеж, улица Любы Шевцовой, 36А",95,0,больше нет,report,,18396,Татнефть
2026-10-09T14:47:00+03:00,"Воронеж, улица Любы Шевцовой, 36А",95,0,нет,summary,,18359,Татнефть
2026-10-09T14:47:00+03:00,"Воронеж, улица Любы Шевцовой, 36А",98,1,есть,report,,18396,Татнефть
2026-10-09T14:47:00+03:00,"Воронеж, улица Любы Шевцовой, 36А",98,1,есть,summary,,18359,Татнефть
2026-10-09T14:47:00+03:00,"Воронеж, улица Любы Шевцовой, 36А",ДТ,1,есть,report,,18396,Татнефть
2026-10-09T14:47:00+03:00,"Воронеж, улица Любы Шевцовой, 36А",ДТ,1,есть,summary,,18359,Татнефть
2026-10-09T14:47:00+03:00,"Воронежская область, Рамонский район, Яменское сельское поселение, посёлок Солнечный, улица Московское шоссе, 2",92,1,есть,signal,,18394,Газпромнефть
2026-10-09T14:47:00+03:00,"Воронежская область, село Новая Усмань, Дорожная улица, 31",92,1,есть,signal,,18394,Роснефть
2026-10-09T14:47:00+03:00,"Воронежская область, село Новая Усмань, Дорожная улица, 31",95,1,есть,signal,,18394,Роснефть
2026-10-09T14:48:00+03:00,"Воронеж, Ленинградская улица, 29В",92,1,есть,signal,,18394,Лукойл
2026-10-09T14:48:00+03:00,"Воронеж, Ленинградская улица, 29В",95,1,есть,signal,,18394,Лукойл
2026-10-09T14:48:00+03:00,"Воронеж, Ленинский проспект, 176А",95,1,есть,signal,,18394,Газпромнефть
2026-10-09T14:48:00+03:00,"Воронеж, Новосибирская улица, 13Д",92,1,есть,signal,,18394,Татнефть
2026-10-09T14:48:00+03:00,"Воронеж, Новосибирская улица, 13Д",95,1,есть,signal,,18394,Татнефть
2026-10-09T14:48:00+03:00,"Воронеж, проспект Патриотов, 69",92,1,есть,signal,Большая,18394,Роснефть
2026-10-09T14:48:00+03:00,"Воронеж, проспект Патриотов, 69",95,1,есть,signal,Большая,18394,Роснефть
2026-10-09T14:48:00+03:00,"Воронеж, проспект Труда, 107А",92,1,есть,signal,,18394,Татнефть
2026-10-09T14:48:00+03:00,"Воронеж, проспект Труда, 107А",95,1,есть,signal,,18394,Татнефть
2026-10-09T14:48:00+03:00,"Воронеж, улица 9 Января, 104",92,1,есть,signal,,18394,ВТК
2026-10-09T14:48:00+03:00,"Воронеж, улица 9 Января, 104",95,1,есть,signal,,18394,ВТК
2026-10-09T14:48:00+03:00,"Воронеж, улица Антонова-Овсеенко, 35А",92,1,есть,signal,Большая,18394,Роснефть
2026-10-09T14:48:00+03:00,"Воронеж, улица Антонова-Овсеенко, 35А",95,1,есть,signal,Большая,18394,Роснефть
2026-10-09T14:48:00+03:00,"Воронеж, улица Антонова-Овсеенко, 7А",92,1,есть,signal,,18394,ВТК
2026-10-09T14:48:00+03:00,"Воронеж, улица Антонова-Овсеенко, 7А",95,1,есть,signal,,18394,ВТК
2026-10-09T14:48:00+03:00,"Воронеж, улица Свободы, 79Б",92,1,есть,signal,,18394,ВТК
2026-10-09T14:48:00+03:00,"Воронеж, улица Свободы, 79Б",95,1,есть,signal,,18394,ВТК
2026-10-09T14:48:00+03:00,"Воронежская область, Новоусманский район, М-4 Дон, 531-й километр, 1",92,1,есть,signal,,18394,Лукойл
2026-10-09T14:48:00+03:00,"Воронежская область, Новоусманский район, М-4 Дон, 531-й километр, 1",95,1,есть,signal,,18394,Лукойл
2026-10-09T14:48:00+03:00,"Воронежская область, Новоусманский район, М-4 Дон, 534-й километр, 2",92,1,есть,signal,,18394,Татнефть
2026-10-09T14:48:00+03:00,"Воронежская область, Новоусманский район, М-4 Дон, 534-й километр, 2",95,1,есть,signal,,18394,Татнефть
2026-10-09T14:48:00+03:00,"Воронежская область, Семилуки, Транспортная улица, 18А",92,1,есть,signal,,18394,Роснефть
2026-10-09T14:48:00+03:00,"Воронежская область, Семилуки, Транспортная улица, 18А",95,1,есть,signal,,18394,Роснефть
2026-10-09T14:48:00+03:00,"Воронежская область, Семилукский район, Девицкое сельское поселение",92,1,есть,signal,,18394,Роснефть
2026-10-09T14:48:00+03:00,"Воронежская область, Семилукский район, Девицкое сельское поселение",95,1,есть,signal,,18394,Роснефть
2026-10-09T14:48:00+03:00,"Воронежская область, рабочий посёлок Рамонь, Воронежская улица, 19А",92,1,есть,signal,,18394,Роснефть
2026-10-09T14:48:00+03:00,"Воронежская область, рабочий посёлок Рамонь, Воронежская улица, 19А",95,1,есть,signal,,18394,Роснефть
2026-10-09T14:49:00+03:00,"Воронеж, Волгоградская улица, 41",92,1,есть,signal,,18394,Татнефть
2026-10-09T14:49:00+03:00,"Воронеж, Волгоградская улица, 41",95,1,есть,signal,,18394,Татнефть
2026-10-09T14:49:00+03:00,"Воронеж, Московский проспект, 144",92,1,есть,signal,,18394,Роснефть
2026-10-09T14:49:00+03:00,"Воронеж, Московский проспект, 144",95,1,есть,signal,,18394,Роснефть
2026-10-09T14:49:00+03:00,"Воронеж, Московский проспект, 84",92,1,есть,signal,Большая,18394,Роснефть
2026-10-09T14:49:00+03:00,"Воронеж, Московский проспект, 84",95,1,есть,signal,Большая,18394,Роснефть
2026-10-09T14:49:00+03:00,"Воронеж, Острогожская улица, 144",92,1,есть,signal,,18394,Роснефть
2026-10-09T14:49:00+03:00,"Воронеж, Острогожская улица, 144",95,1,есть,signal,,18394,Роснефть
2026-10-09T14:49:00+03:00,"Воронеж, Солнечная улица, 31Л",95,1,есть,signal,,18394,Teboil
2026-10-09T14:49:00+03:00,"Воронеж, переулок Отличников, 43А",92,1,есть,signal,,18394,Роснефть
2026-10-09T14:49:00+03:00,"Воронеж, переулок Отличников, 43А",95,1,есть,signal,,18394,Роснефть
2026-10-09T14:49:00+03:00,"Воронеж, улица 9 Января, 223А",92,1,есть,signal,,18394,Татнефть
2026-10-09T14:49:00+03:00,"Воронеж, улица 9 Января, 223А",95,1,есть,signal,,18394,Татнефть
2026-10-09T14:49:00+03:00,"Воронеж, улица Героев Сибиряков, 1Л",92,1,есть,signal,,18394,Teboil
2026-10-09T14:49:00+03:00,"Воронеж, улица Героев Сибиряков, 1Л",95,1,есть,signal,,18394,Teboil
2026-10-09T14:49:00+03:00,"Воронеж, улица Димитрова, 163",92,1,есть,signal,,18394,Роснефть
2026-10-09T14:49:00+03:00,"Воронеж, улица Димитрова, 163",95,1,есть,signal,,18394,Роснефть
2026-10-09T14:49:00+03:00,"Воронеж, улица Ильюшина, 3А",92,1,есть,signal,,18394,Роснефть
2026-10-09T14:49:00+03:00,"Воронеж, улица Ильюшина, 3А",95,1,есть,signal,,18394,Роснефть
2026-10-09T14:49:00+03:00,"Воронеж, улица Хользунова, 99А",92,1,есть,signal,,18394,Татнефть
2026-10-09T14:49:00+03:00,"Воронеж, улица Хользунова, 99А",95,1,есть,signal,,18394,Татнефть
2026-10-09T14:49:00+03:00,"Воронеж, улица Чебышева, 13/1",92,1,есть,signal,,18394,Роснефть
2026-10-09T14:49:00+03:00,"Воронеж, улица Чебышева, 13/1",95,1,есть,signal,,18394,Роснефть
2026-10-09T14:49:00+03:00,"Воронежская область, село Новая Усмань, Дорожная улица, 31",92,1,есть,signal,Большая,18394,Роснефть
2026-10-09T14:49:00+03:00,"Воронежская область, село Новая Усмань, Дорожная улица, 31",95,1,есть,signal,Большая,18394,Роснефть
2026-10-09T14:49:00+03:00,"Воронежская область, село Новая Усмань, улица Ленина, 313/2",92,1,есть,signal,,18394,Роснефть
2026-10-09T14:49:00+03:00,"Воронежская область, село Новая Усмань, улица Ленина, 313/2",95,1,есть,signal,,18394,Роснефть
2026-10-09T14:50:00+03:00,"Воронеж, проспект Патриотов, 1А",92,1,есть,signal,,18394,Роснефть
2026-10-09T14:50:00+03:00,"Воронеж, проспект Патриотов, 1А",95,1,есть,signal,,18394,Роснефть
2026-10-09T14:50:00+03:00,"Воронеж, улица 9 Января, 245А",92,1,есть,signal,,18394,Роснефть
2026-10-09T14:50:00+03:00,"Воронеж, улица 9 Января, 245А",95,1,есть,signal,,18394,Роснефть
2026-10-09T14:50:00+03:00,"Воронеж, улица 9 Января, 258А",92,1,есть,signal,,18394,Роснефть
2026-10-09T14:50:00+03:00,"Воронеж, улица 9 Января, 258А",95,1,есть,signal,,18394,Роснефть
2026-10-09T14:50:00+03:00,"Воронеж, улица Землячки, 7А",92,1,есть,signal,,18394,Роснефть
2026-10-09T14:50:00+03:00,"Воронеж, улица Землячки, 7А",95,1,есть,signal,,18394,Роснефть
2026-10-09T14:50:00+03:00,"Воронеж, улица Космонавтов, 6А",92,1,есть,signal,,18394,Роснефть
2026-10-09T14:50:00+03:00,"Воронеж, улица Космонавтов, 6А",95,1,есть,signal,,18394,Роснефть
2026-10-09T14:50:00+03:00,"Воронеж, улица Остужева, 37",92,1,есть,signal,,18394,Лукойл
2026-10-09T14:50:00+03:00,"Воронеж, улица Остужева, 37",95,1,есть,signal,,18394,Лукойл
2026-10-09T14:50:00+03:00,"Воронеж, улица Остужева, 51",92,1,есть,signal,,18394,Газпромнефть
2026-10-09T14:50:00+03:00,"Воронеж, улица Остужева, 51",95,1,есть,signal,,18394,Газпромнефть
2026-10-09T14:50:00+03:00,"Воронеж, улица Урицкого, 58А",92,1,есть,signal,,18394,ВТК
2026-10-09T14:50:00+03:00,"Воронеж, улица Урицкого, 58А",95,1,есть,signal,,18394,ВТК
2026-10-09T14:50:00+03:00,"Воронежская область, Новоусманский район, М-4 Дон, 534-й километр, 1",92,1,есть,signal,,18394,Татнефть
2026-10-09T14:50:00+03:00,"Воронежская область, Новоусманский район, М-4 Дон, 534-й километр, 1",95,1,есть,signal,,18394,Татнефть
2026-10-09T14:50:00+03:00,"Воронежская область, Рамонский район, Яменское сельское поселение",92,1,есть,signal,Нет,18394,Teboil
2026-10-09T14:50:00+03:00,"Воронежская область, Рамонский район, Яменское сельское поселение",95,1,есть,signal,Нет,18394,Teboil
2026-10-09T14:50:00+03:00,"Воронежская область, Рамонский район, Яменское сельское поселение, хутор Ветряк, Транспортная улица, 6",92,1,есть,signal,,18394,Газпромнефть
2026-10-09T14:50:00+03:00,"Воронежская область, село Новая Усмань, Ростовская улица, 133А",92,1,есть,signal,,18394,Газпромнефть
2026-10-09T14:50:00+03:00,"Воронежская область, село Новая Усмань, Ростовская улица, 133А",95,1,есть,signal,,18394,Газпромнефть
2026-10-09T14:55:00+03:00,"Воронеж, Спокойный переулок, 24А",92,1,есть,signal,,18394,Роснефть
2026-10-09T14:55:00+03:00,"Воронеж, Спокойный переулок, 24А",95,1,есть,signal,,18394,Роснефть
2026-10-09T14:55:00+03:00,"Воронеж, улица 9 Января, 223А",92,1,есть,signal,,18394,Татнефть
2026-10-09T14:55:00+03:00,"Воронеж, улица 9 Января, 223А",95,1,есть,signal,,18394,Татнефть
2026-10-09T14:56:00+03:00,"Воронеж, Волгоградская улица, 41",92,1,есть,signal,,18394,Татнефть
2026-10-09T14:56:00+03:00,"Воронеж, Волгоградская улица, 41",95,1,есть,signal,,18394,Татнефть
2026-10-09T14:56:00+03:00,"Воронеж, Ленинградская улица, 29В",92,1,есть,signal,,18394,Лукойл
2026-10-09T14:56:00+03:00,"Воронеж, Ленинградская улица, 29В",95,1,есть,signal,,18394,Лукойл
2026-10-09T14:56:00+03:00,"Воронеж, Новосибирская улица, 2А",92,1,есть,signal,,18394,Татнефть
2026-10-09T14:56:00+03:00,"Воронеж, Новосибирская улица, 2А",95,1,есть,signal,,18394,Татнефть
2026-10-09T14:56:00+03:00,"Воронеж, Солнечная улица, 31Л",95,1,есть,signal,,18394,Teboil
2026-10-09T14:56:00+03:00,"Воронеж, Холмистая улица, 62",92,1,есть,signal,,18394,Лукойл
2026-10-09T14:56:00+03:00,"Воронеж, Холмистая улица, 62",95,1,есть,signal,,18394,Лукойл
2026-10-09T14:56:00+03:00,"Воронеж, проспект Труда, 107А",92,1,есть,signal,,18394,Татнефть
2026-10-09T14:56:00+03:00,"Воронеж, проспект Труда, 107А",95,1,есть,signal,,18394,Татнефть
2026-10-09T14:56:00+03:00,"Воронеж, улица Антонова-Овсеенко, 7А",92,1,есть,signal,,18394,ВТК
2026-10-09T14:56:00+03:00,"Воронеж, улица Антонова-Овсеенко, 7А",95,1,есть,signal,,18394,ВТК
2026-10-09T14:56:00+03:00,"Воронеж, улица Димитрова, 163",92,1,есть,signal,,18394,Роснефть
2026-10-09T14:56:00+03:00,"Воронеж, улица Димитрова, 163",95,1,есть,signal,,18394,Роснефть
2026-10-09T14:56:00+03:00,"Воронеж, улица Степана Солодовникова, 6",95,1,есть,signal,,18394,Лукойл
2026-10-09T14:56:00+03:00,"Воронежская область, Новоусманский район, М-4 Дон, 531-й километр, 1",92,1,есть,signal,,18394,Лукойл
2026-10-09T14:56:00+03:00,"Воронежская область, Новоусманский район, М-4 Дон, 531-й километр, 1",95,1,есть,signal,,18394,Лукойл
2026-10-09T14:56:00+03:00,"Воронежская область, Рамонский район, Айдаровское сельское поселение, село Чертовицы, улица Мира, 1",92,1,есть,signal,,18394,Лукойл
2026-10-09T14:56:00+03:00,"Воронежская область, Рамонский район, Айдаровское сельское поселение, село Чертовицы, улица Мира, 1",95,1,есть,signal,,18394,Лукойл
2026-10-09T14:56:00+03:00,"Воронежская область, Рамонский район, Горожанское сельское поселение",92,1,есть,signal,,18394,Роснефть
2026-10-09T14:56:00+03:00,"Воронежская область, Рамонский район, Горожанское сельское поселение",95,1,есть,signal,,18394,Роснефть
2026-10-09T14:56:00+03:00,"Воронежская область, Рамонский район, М-4 Дон, 485-й километр, 1",92,1,есть,signal,,18394,Teboil
2026-10-09T14:56:00+03:00,"Воронежская область, Рамонский район, М-4 Дон, 485-й километр, 1",95,1,есть,signal,,18394,Teboil
2026-10-09T14:56:00+03:00,"Воронежская область, рабочий посёлок Рамонь, Воронежская улица, 19А",92,1,есть,signal,,18394,Роснефть
2026-10-09T14:56:00+03:00,"Воронежская область, рабочий посёлок Рамонь, Воронежская улица, 19А",95,1,есть,signal,,18394,Роснефть
2026-10-09T14:57:00+03:00,"Воронеж, Ленинский проспект, 176А",95,1,есть,signal,,18394,Газпромнефть
2026-10-09T14:57:00+03:00,"Воронеж, Московский проспект, 129/2",92,1,есть,signal,,18394,ВТК
2026-10-09T14:57:00+03:00,"Воронеж, Московский проспект, 129/2",95,1,есть,signal,,18394,ВТК
2026-10-09T14:57:00+03:00,"Воронеж, проспект Патриотов, 69",92,1,есть,signal,,18394,Роснефть
2026-10-09T14:57:00+03:00,"Воронеж, проспект Патриотов, 69",95,1,есть,signal,,18394,Роснефть
2026-10-09T14:57:00+03:00,"Воронеж, улица 9 Января, 258А",92,1,есть,signal,,18394,Роснефть
2026-10-09T14:57:00+03:00,"Воронеж, улица 9 Января, 258А",95,1,есть,signal,,18394,Роснефть
2026-10-09T14:57:00+03:00,"Воронеж, улица Героев Сибиряков, 1Л",92,1,есть,signal,,18394,Teboil
2026-10-09T14:57:00+03:00,"Воронеж, улица Героев Сибиряков, 1Л",95,1,есть,signal,,18394,Teboil
2026-10-09T14:57:00+03:00,"Воронеж, улица Димитрова, 140Д",92,1,есть,signal,,18394,Teboil
2026-10-09T14:57:00+03:00,"Воронеж, улица Димитрова, 140Д",95,1,есть,signal,,18394,Teboil
2026-10-09T14:57:00+03:00,"Воронежская область, Новоусманский район, Никольское сельское поселение, посёлок совхоза ""Воронежский"", Советская улица, 41А",92,1,есть,signal,,18394,Лукойл
2026-10-09T14:57:00+03:00,"Воронежская область, Новоусманский район, Никольское сельское поселение, посёлок совхоза ""Воронежский"", Советская улица, 41А",95,1,есть,signal,,18394,Лукойл
2026-10-09T14:57:00+03:00,"Воронежская область, Новоусманский район, Рогачёвское сельское поселение",92,1,есть,signal,,18394,Роснефть
2026-10-09T14:57:00+03:00,"Воронежская область, Новоусманский район, Рогачёвское сельское поселение",95,1,есть,signal,,18394,Роснефть
2026-10-09T14:57:00+03:00,"Воронежская область, Рамонский район, Яменское сельское поселение",92,1,есть,signal,Нет,18394,Teboil
2026-10-09T14:57:00+03:00,"Воронежская область, Рамонский район, Яменское сельское поселение",95,1,есть,signal,Нет,18394,Teboil
2026-10-09T14:57:00+03:00,"Воронежская область, Рамонский район, Яменское сельское поселение, хутор Ветряк, Транспортная улица, 6",92,1,есть,signal,,18394,Газпромнефть
2026-10-09T14:57:00+03:00,"Воронежская область, Семилуки, Транспортная улица, 18А",92,1,есть,signal,,18394,Роснефть
2026-10-09T14:57:00+03:00,"Воронежская область, Семилуки, Транспортная улица, 18А",95,1,есть,signal,,18394,Роснефть
2026-10-09T14:58:00+03:00,"Воронеж, Московский проспект, 144",92,1,есть,signal,Большая,18394,Роснефть
2026-10-09T14:58:00+03:00,"Воронеж, Московский проспект, 144",95,1,есть,signal,Большая,18394,Роснефть
2026-10-09T14:58:00+03:00,"Воронеж, Московский проспект, 7А",92,1,есть,signal,,18394,Teboil
2026-10-09T14:58:00+03:00,"Воронеж, Московский проспект, 7А",95,1,есть,signal,,18394,Teboil
2026-10-09T14:58:00+03:00,"Воронеж, переулок Отличников, 43А",92,1,есть,signal,,18394,Роснефть
2026-10-09T14:58:00+03:00,"Воронеж, переулок Отличников, 43А",95,1,есть,signal,,18394,Роснефть
2026-10-09T14:58:00+03:00,"Воронеж, улица Землячки, 7А",92,1,есть,signal,,18394,Роснефть
2026-10-09T14:58:00+03:00,"Воронеж, улица Землячки, 7А",95,1,есть,signal,,18394,Роснефть
2026-10-09T14:58:00+03:00,"Воронеж, улица Хользунова, 99А",92,1,есть,signal,,18394,Татнефть
2026-10-09T14:58:00+03:00,"Воронеж, улица Хользунова, 99А",95,1,есть,signal,,18394,Татнефть
2026-10-09T14:58:00+03:00,"Воронежская область, Новоусманский район, М-4 Дон, 534-й километр, 2",92,1,есть,signal,,18394,Татнефть
2026-10-09T14:58:00+03:00,"Воронежская область, Новоусманский район, М-4 Дон, 534-й километр, 2",95,1,есть,signal,,18394,Татнефть
2026-10-09T14:58:00+03:00,"Воронежская область, Рамонский район, Яменское сельское поселение, посёлок Солнечный, Парковая улица, 7",92,1,есть,signal,,18394,Лукойл
2026-10-09T14:58:00+03:00,"Воронежская область, село Новая Усмань, улица Ленина, 313/2",92,1,есть,signal,,18394,Роснефть
2026-10-09T14:58:00+03:00,"Воронежская область, село Новая Усмань, улица Ленина, 313/2",95,1,есть,signal,,18394,Роснефть
2026-10-09T14:58:00+03:00,"городской округ Воронеж, Железнодорожный район",92,1,есть,signal,,18394,ВТК
2026-10-09T14:58:00+03:00,"городской округ Воронеж, Железнодорожный район",95,1,есть,signal,,18394,ВТК
2026-10-09T14:59:00+03:00,"Воронеж, Московский проспект, 84",92,1,есть,signal,Большая,18394,Роснефть
2026-10-09T14:59:00+03:00,"Воронеж, Московский проспект, 84",95,1,есть,signal,Большая,18394,Роснефть
2026-10-09T14:59:00+03:00,"Воронеж, улица Космонавтов, 6А",92,1,есть,signal,,18394,Роснефть
2026-10-09T14:59:00+03:00,"Воронеж, улица Космонавтов, 6А",95,1,есть,signal,,18394,Роснефть
2026-10-09T14:59:00+03:00,"Воронеж, улица Чебышева, 13/1",92,1,есть,signal,,18394,Роснефть
2026-10-09T14:59:00+03:00,"Воронеж, улица Чебышева, 13/1",95,1,есть,signal,,18394,Роснефть
2026-10-09T15:02:00+03:00,"Воронеж, Ленинский проспект, 176А",95,1,есть,signal,,18394,Газпромнефть
2026-10-09T15:02:00+03:00,"Воронеж, переулок Отличников, 43А",92,1,есть,signal,,18394,Роснефть
2026-10-09T15:02:00+03:00,"Воронеж, переулок Отличников, 43А",95,1,есть,signal,,18394,Роснефть
2026-10-09T15:02:00+03:00,"Воронеж, проспект Патриотов, 69",92,1,есть,signal,,18394,Роснефть
2026-10-09T15:02:00+03:00,"Воронеж, проспект Патриотов, 69",95,1,есть,signal,,18394,Роснефть
2026-10-09T15:02:00+03:00,"Воронеж, улица 9 Января, 245А",92,1,есть,signal,,18394,Роснефть
2026-10-09T15:02:00+03:00,"Воронеж, улица 9 Января, 245А",95,1,есть,signal,,18394,Роснефть
2026-10-09T15:02:00+03:00,"Воронеж, улица Димитрова, 140Д",92,1,есть,signal,,18394,Teboil
2026-10-09T15:02:00+03:00,"Воронеж, улица Димитрова, 140Д",95,1,есть,signal,,18394,Teboil
2026-10-09T15:02:00+03:00,"Воронеж, улица Ильюшина, 3А",92,1,есть,signal,,18394,Роснефть
2026-10-09T15:02:00+03:00,"Воронеж, улица Ильюшина, 3А",95,1,есть,signal,,18394,Роснефть
2026-10-09T15:02:00+03:00,"Воронежская область, Рамонский район, Яменское сельское поселение, посёлок Солнечный, Парковая улица, 7",92,1,есть,signal,,18394,Лукойл
2026-10-09T15:03:00+03:00,"Воронеж, Новосибирская улица, 2А",92,1,есть,signal,,18394,Татнефть
2026-10-09T15:03:00+03:00,"Воронеж, Новосибирская улица, 2А",95,1,есть,signal,,18394,Татнефть
2026-10-09T15:03:00+03:00,"Воронеж, Острогожская улица, 144",92,1,есть,report,21–50 машин,18399,Роснефть
2026-10-09T15:03:00+03:00,"Воронеж, Острогожская улица, 144",92,1,есть,summary,21–50 машин,18397,Роснефть
2026-10-09T15:03:00+03:00,"Воронеж, Острогожская улица, 144",95,1,есть,report,21–50 машин,18399,Роснефть
2026-10-09T15:03:00+03:00,"Воронеж, Острогожская улица, 144",95,1,есть,summary,21–50 машин,18397,Роснефть
2026-10-09T15:03:00+03:00,"Воронеж, проспект Патриотов, 1А",92,1,есть,signal,,18394,Роснефть
2026-10-09T15:03:00+03:00,"Воронеж, проспект Патриотов, 1А",95,1,есть,signal,,18394,Роснефть
2026-10-09T15:03:00+03:00,"Воронеж, проспект Труда, 107А",92,1,есть,signal,,18394,Татнефть
2026-10-09T15:03:00+03:00,"Воронеж, проспект Труда, 107А",95,1,есть,signal,,18394,Татнефть
2026-10-09T15:03:00+03:00,"Воронежская область, Рамонский район, Горожанское сельское поселение",92,1,есть,signal,,18394,Лукойл
2026-10-09T15:03:00+03:00,"Воронежская область, Рамонский район, Горожанское сельское поселение",95,1,есть,signal,,18394,Лукойл
2026-10-09T15:03:00+03:00,"Воронежская область, рабочий посёлок Рамонь, Воронежская улица, 19А",92,1,есть,signal,,18394,Роснефть
2026-10-09T15:03:00+03:00,"Воронежская область, рабочий посёлок Рамонь, Воронежская улица, 19А",95,1,есть,signal,,18394,Роснефть
2026-10-09T15:03:00+03:00,"Воронежская область, село Новая Усмань, Ростовская улица, 133А",92,1,есть,signal,,18394,Газпромнефть
2026-10-09T15:03:00+03:00,"Воронежская область, село Новая Усмань, Ростовская улица, 133А",95,1,есть,signal,,18394,Газпромнефть
2026-10-09T15:04:00+03:00,"Воронеж, Волгоградская улица, 41",92,1,есть,signal,,18394,Татнефть
2026-10-09T15:04:00+03:00,"Воронеж, Волгоградская улица, 41",95,1,есть,signal,,18394,Татнефть
2026-10-09T15:04:00+03:00,"Воронеж, Московский проспект, 7А",92,1,есть,signal,,18394,Teboil
2026-10-09T15:04:00+03:00,"Воронеж, Московский проспект, 7А",95,1,есть,signal,,18394,Teboil
2026-10-09T15:04:00+03:00,"Воронеж, улица 9 Января, 223А",92,1,есть,signal,,18394,Татнефть
2026-10-09T15:04:00+03:00,"Воронеж, улица 9 Января, 223А",95,1,есть,signal,,18394,Татнефть
2026-10-09T15:04:00+03:00,"Воронеж, улица Героев Сибиряков, 2",92,1,есть,signal,,18394,Газпромнефть
2026-10-09T15:04:00+03:00,"Воронеж, улица Героев Сибиряков, 2",95,1,есть,signal,,18394,Газпромнефть
2026-10-09T15:04:00+03:00,"Воронеж, улица Димитрова, 163",92,1,есть,signal,,18394,Роснефть
2026-10-09T15:04:00+03:00,"Воронеж, улица Димитрова, 163",95,1,есть,signal,,18394,Роснефть
2026-10-09T15:04:00+03:00,"Воронеж, улица Землячки, 7А",92,1,есть,signal,,18394,Роснефть
2026-10-09T15:04:00+03:00,"Воронеж, улица Землячки, 7А",95,1,есть,signal,,18394,Роснефть
2026-10-09T15:04:00+03:00,"Воронеж, улица Остужева, 51",92,1,есть,signal,,18394,Газпромнефть
2026-10-09T15:04:00+03:00,"Воронеж, улица Остужева, 51",95,1,есть,signal,,18394,Газпромнефть
2026-10-09T15:04:00+03:00,"Воронежская область, Новоусманский район, М-4 Дон, 534-й километр, 2",92,1,есть,signal,,18394,Татнефть
2026-10-09T15:04:00+03:00,"Воронежская область, Новоусманский район, М-4 Дон, 534-й километр, 2",95,1,есть,signal,,18394,Татнефть
2026-10-09T15:05:00+03:00,"Воронеж, Московский проспект, 144",92,1,есть,signal,Большая,18394,Роснефть
2026-10-09T15:05:00+03:00,"Воронеж, Московский проспект, 144",95,1,есть,signal,Большая,18394,Роснефть
2026-10-09T15:05:00+03:00,"Воронеж, Московский проспект, 84",92,1,есть,signal,Большая,18394,Роснефть
2026-10-09T15:05:00+03:00,"Воронеж, Московский проспект, 84",95,1,есть,signal,Большая,18394,Роснефть
2026-10-09T15:05:00+03:00,"Воронеж, Новосибирская улица, 84Б",92,1,есть,signal,,18394,Газпромнефть
2026-10-09T15:05:00+03:00,"Воронеж, Новосибирская улица, 84Б",95,1,есть,signal,,18394,Газпромнефть
2026-10-09T15:05:00+03:00,"Воронеж, улица Антонова-Овсеенко, 7А",92,1,есть,signal,,18394,ВТК
2026-10-09T15:05:00+03:00,"Воронеж, улица Антонова-Овсеенко, 7А",95,1,есть,signal,,18394,ВТК
2026-10-09T15:05:00+03:00,"Воронеж, улица Хользунова, 99А",92,1,есть,signal,,18394,Татнефть
2026-10-09T15:05:00+03:00,"Воронеж, улица Хользунова, 99А",95,1,есть,signal,,18394,Татнефть
2026-10-09T15:05:00+03:00,"Воронеж, улица Чебышева, 13/1",92,1,есть,signal,,18394,Роснефть
2026-10-09T15:05:00+03:00,"Воронеж, улица Чебышева, 13/1",95,1,есть,signal,,18394,Роснефть
2026-10-09T15:05:00+03:00,"Воронежская область, Новоусманский район, М-4 Дон, 534-й километр, 1",92,1,есть,signal,,18394,Татнефть
2026-10-09T15:05:00+03:00,"Воронежская область, Новоусманский район, М-4 Дон, 534-й километр, 1",95,1,есть,signal,,18394,Татнефть
2026-10-09T15:05:00+03:00,"Воронежская область, Рамонский район, М-4 Дон, 485-й километр, 1",92,1,есть,signal,,18394,Teboil
2026-10-09T15:05:00+03:00,"Воронежская область, Рамонский район, М-4 Дон, 485-й километр, 1",95,1,есть,signal,,18394,Teboil
2026-10-09T15:05:00+03:00,"Воронежская область, Рамонский район, Яменское сельское поселение, посёлок Солнечный, улица Московское шоссе, 2",92,1,есть,signal,,18394,Газпромнефть
2026-10-09T15:05:00+03:00,"Воронежская область, село Новая Усмань, Дорожная улица, 31",92,1,есть,signal,,18394,Роснефть
2026-10-09T15:05:00+03:00,"Воронежская область, село Новая Усмань, Дорожная улица, 31",95,1,есть,signal,,18394,Роснефть
2026-10-09T15:05:00+03:00,"Воронежская область, село Новая Усмань, улица Ленина, 313/2",92,1,есть,signal,,18394,Роснефть
2026-10-09T15:05:00+03:00,"Воронежская область, село Новая Усмань, улица Ленина, 313/2",95,1,есть,signal,,18394,Роснефть
2026-10-09T15:06:00+03:00,"Воронеж, Ленинский проспект, 154А",92,1,есть,signal,,18394,Татнефть
2026-10-09T15:06:00+03:00,"Воронеж, Ленинский проспект, 154А",95,1,есть,signal,,18394,Татнефть
2026-10-09T15:06:00+03:00,"Воронеж, Новосибирская улица, 13Д",92,1,есть,report,20-50 машин,18400,Татнефть
2026-10-09T15:06:00+03:00,"Воронеж, Новосибирская улица, 13Д",92,1,есть,summary,~20–50 машин,18397,Татнефть
2026-10-09T15:06:00+03:00,"Воронеж, Новосибирская улица, 13Д",95,1,есть,report,20-50 машин,18400,Татнефть
2026-10-09T15:06:00+03:00,"Воронеж, Новосибирская улица, 13Д",95,1,есть,summary,~20–50 машин,18397,Татнефть
2026-10-09T15:06:00+03:00,"Воронеж, Спокойный переулок, 24А",92,1,есть,signal,Большая,18394,Роснефть
2026-10-09T15:06:00+03:00,"Воронеж, Спокойный переулок, 24А",95,1,есть,signal,Большая,18394,Роснефть
2026-10-09T15:06:00+03:00,"Воронеж, улица 9 Января, 258А",92,1,есть,signal,,18394,Роснефть
2026-10-09T15:06:00+03:00,"Воронеж, улица 9 Января, 258А",95,1,есть,signal,,18394,Роснефть
2026-10-09T15:06:00+03:00,"Воронежская область, Новоусманский район, М-4 Дон, 531-й километр, 1",92,1,есть,signal,,18394,Лукойл
2026-10-09T15:06:00+03:00,"Воронежская область, Новоусманский район, М-4 Дон, 531-й километр, 1",95,1,есть,signal,,18394,Лукойл
2026-10-09T15:06:00+03:00,"Воронежская область, Рамонский район, Яменское сельское поселение",92,1,есть,signal,,18394,Teboil
2026-10-09T15:06:00+03:00,"Воронежская область, Рамонский район, Яменское сельское поселение",95,1,есть,signal,,18394,Teboil
2026-10-09T15:07:00+03:00,"Воронеж, Ленинградская улица, 29В",92,1,есть,signal,,18394,Лукойл
2026-10-09T15:07:00+03:00,"Воронеж, Ленинградская улица, 29В",95,1,есть,signal,,18394,Лукойл
2026-10-09T15:07:00+03:00,"Воронеж, проспект Патриотов, 42А",92,1,есть,report,Очередь на час,18393,Татнефть
2026-10-09T15:07:00+03:00,"Воронеж, проспект Патриотов, 42А",92,1,есть,summary,~1 ч,18397,Татнефть
2026-10-09T15:07:00+03:00,"Воронеж, проспект Патриотов, 42А",95,0,больше нет,report,Очередь на час,18393,Татнефть
2026-10-09T15:07:00+03:00,"Воронеж, проспект Патриотов, 42А",95,0,нет,summary,~1 ч,18397,Татнефть
2026-10-09T15:07:00+03:00,"Воронеж, проспект Патриотов, 42А",ДТ,1,есть,report,Очередь на час,18393,Татнефть
2026-10-09T15:07:00+03:00,"Воронеж, проспект Патриотов, 42А",ДТ,1,есть,summary,~1 ч,18397,Татнефть
2026-10-09T15:07:00+03:00,"Воронеж, улица Героев Сибиряков, 1Л",92,1,есть,signal,Нет,18394,Teboil
2026-10-09T15:07:00+03:00,"Воронеж, улица Героев Сибиряков, 1Л",95,1,есть,signal,Нет,18394,Teboil
2026-10-09T15:07:00+03:00,"Воронеж, улица Космонавтов, 6А",92,1,есть,signal,,18394,Роснефть
2026-10-09T15:07:00+03:00,"Воронеж, улица Космонавтов, 6А",95,1,есть,signal,,18394,Роснефть
2026-10-09T15:12:00+03:00,"Воронеж, Волгоградская улица, 41",92,1,есть,signal,,18394,Татнефть
2026-10-09T15:12:00+03:00,"Воронеж, Волгоградская улица, 41",95,1,есть,signal,,18394,Татнефть
2026-10-09T15:12:00+03:00,"Воронеж, улица Антонова-Овсеенко, 35А",92,1,есть,report,очередь от остановки,18401,Роснефть
2026-10-09T15:12:00+03:00,"Воронеж, улица Антонова-Овсеенко, 35А",92,1,есть,summary,от остановки,18397,Роснефть
2026-10-09T15:12:00+03:00,"Воронеж, улица Антонова-Овсеенко, 35А",95,1,есть,report,очередь от остановки,18401,Роснефть
2026-10-09T15:12:00+03:00,"Воронеж, улица Антонова-Овсеенко, 35А",95,1,есть,summary,от остановки,18397,Роснефть
2026-10-09T15:13:00+03:00,"Воронеж, Дорожная улица, 1Б",95,1,есть,signal,,18394,ВТК
2026-10-09T15:13:00+03:00,"Воронеж, Ленинский проспект, 176А",95,1,есть,signal,,18394,Газпромнефть
2026-10-09T15:13:00+03:00,"Воронеж, Московский проспект, 129/2",92,1,есть,signal,,18394,ВТК
2026-10-09T15:13:00+03:00,"Воронеж, Московский проспект, 129/2",95,1,есть,signal,,18394,ВТК
2026-10-09T15:13:00+03:00,"Воронеж, проспект Патриотов, 69",92,1,есть,signal,Большая,18394,Роснефть
2026-10-09T15:13:00+03:00,"Воронеж, проспект Патриотов, 69",95,1,есть,signal,Большая,18394,Роснефть
2026-10-09T15:13:00+03:00,"Воронеж, улица 9 Января, 223А",92,1,есть,signal,,18394,Татнефть
2026-10-09T15:13:00+03:00,"Воронеж, улица 9 Января, 223А",95,1,есть,signal,,18394,Татнефть
2026-10-09T15:13:00+03:00,"Воронеж, улица Землячки, 7А",92,1,есть,signal,,18394,Роснефть
2026-10-09T15:13:00+03:00,"Воронеж, улица Землячки, 7А",95,1,есть,signal,,18394,Роснефть
2026-10-09T15:13:00+03:00,"Воронеж, улица Остужева, 51",92,1,есть,signal,,18394,Газпромнефть
2026-10-09T15:13:00+03:00,"Воронеж, улица Остужева, 51",95,1,есть,signal,,18394,Газпромнефть
2026-10-09T15:13:00+03:00,"Воронежская область, рабочий посёлок Рамонь, Воронежская улица, 19А",92,1,есть,signal,,18394,Роснефть
2026-10-09T15:13:00+03:00,"Воронежская область, рабочий посёлок Рамонь, Воронежская улица, 19А",95,1,есть,signal,,18394,Роснефть
2026-10-09T15:13:00+03:00,"Воронежская область, село Новая Усмань, улица Ленина, 313/2",92,1,есть,signal,Большая,18394,Роснефть
2026-10-09T15:13:00+03:00,"Воронежская область, село Новая Усмань, улица Ленина, 313/2",95,1,есть,signal,Большая,18394,Роснефть
2026-10-09T15:14:00+03:00,"Воронеж, Ленинский проспект, 154А",92,1,есть,signal,,18394,Татнефть
2026-10-09T15:14:00+03:00,"Воронеж, Ленинский проспект, 154А",95,1,есть,signal,,18394,Татнефть
2026-10-09T15:14:00+03:00,"Воронеж, Московский проспект, 7А",92,1,есть,signal,,18394,Teboil
2026-10-09T15:14:00+03:00,"Воронеж, Московский проспект, 7А",95,1,есть,signal,,18394,Teboil
2026-10-09T15:14:00+03:00,"Воронеж, Московский проспект, 84",92,1,есть,signal,Большая,18394,Роснефть
2026-10-09T15:14:00+03:00,"Воронеж, Московский проспект, 84",95,1,есть,signal,Большая,18394,Роснефть
2026-10-09T15:14:00+03:00,"Воронеж, Новосибирская улица, 84Б",92,1,есть,signal,,18394,Газпромнефть
2026-10-09T15:14:00+03:00,"Воронеж, Новосибирская улица, 84Б",95,1,есть,signal,,18394,Газпромнефть
2026-10-09T15:14:00+03:00,"Воронеж, Острогожская улица, 144",92,1,есть,report,менее 100 машин,18399,Роснефть
2026-10-09T15:14:00+03:00,"Воронеж, Острогожская улица, 144",92,1,есть,summary,менее 100 машин,18397,Роснефть
2026-10-09T15:14:00+03:00,"Воронеж, Острогожская улица, 144",95,1,есть,report,менее 100 машин,18399,Роснефть
2026-10-09T15:14:00+03:00,"Воронеж, Острогожская улица, 144",95,1,есть,summary,менее 100 машин,18397,Роснефть
2026-10-09T15:14:00+03:00,"Воронеж, Солнечная улица, 31Л",95,1,есть,signal,,18394,Teboil
2026-10-09T15:14:00+03:00,"Воронеж, Спокойный переулок, 24А",92,1,есть,signal,Большая,18394,Роснефть
2026-10-09T15:14:00+03:00,"Воронеж, Спокойный переулок, 24А",95,1,есть,signal,Большая,18394,Роснефть
2026-10-09T15:14:00+03:00,"Воронеж, улица Героев Сибиряков, 2",92,1,есть,signal,,18394,Газпромнефть
2026-10-09T15:14:00+03:00,"Воронеж, улица Героев Сибиряков, 2",95,1,есть,signal,,18394,Газпромнефть
2026-10-09T15:14:00+03:00,"Воронеж, улица Остужева, 37",92,1,есть,signal,,18394,Лукойл
2026-10-09T15:14:00+03:00,"Воронеж, улица Рылеева, 22Н",95,1,есть,signal,,18394,Teboil
2026-10-09T15:14:00+03:00,"Воронеж, улица Свободы, 79Б",92,1,есть,signal,,18394,ВТК
2026-10-09T15:14:00+03:00,"Воронеж, улица Свободы, 79Б",95,1,есть,signal,,18394,ВТК
2026-10-09T15:14:00+03:00,"Воронежская область, Новоусманский район, М-4 Дон, 531-й километр, 1",92,1,есть,signal,,18394,Лукойл
2026-10-09T15:14:00+03:00,"Воронежская область, Новоусманский район, М-4 Дон, 531-й километр, 1",95,1,есть,signal,,18394,Лукойл
2026-10-09T15:14:00+03:00,"Воронежская область, Семилуки, Транспортная улица, 18А",92,1,есть,signal,,18394,Роснефть
2026-10-09T15:14:00+03:00,"Воронежская область, Семилуки, Транспортная улица, 18А",95,1,есть,signal,,18394,Роснефть
2026-10-09T15:15:00+03:00,"Воронеж, Новосибирская улица, 2А",92,1,есть,signal,,18394,Татнефть
2026-10-09T15:15:00+03:00,"Воронеж, Новосибирская улица, 2А",95,1,есть,signal,,18394,Татнефть
2026-10-09T15:15:00+03:00,"Воронеж, набережная Максима Горького, 33А",92,1,есть,signal,,18394,ВТК
2026-10-09T15:15:00+03:00,"Воронеж, набережная Максима Горького, 33А",95,1,есть,signal,,18394,ВТК
2026-10-09T15:15:00+03:00,"Воронеж, улица 9 Января, 258А",92,1,есть,signal,,18394,Роснефть
2026-10-09T15:15:00+03:00,"Воронеж, улица 9 Января, 258А",95,1,есть,signal,,18394,Роснефть
2026-10-09T15:15:00+03:00,"Воронеж, улица Антонова-Овсеенко, 7А",92,1,есть,signal,,18394,ВТК
2026-10-09T15:15:00+03:00,"Воронеж, улица Антонова-Овсеенко, 7А",95,1,есть,signal,,18394,ВТК
2026-10-09T15:15:00+03:00,"Воронеж, улица Героев Сибиряков, 1Л",92,1,есть,signal,Нет,18394,Teboil
2026-10-09T15:15:00+03:00,"Воронеж, улица Героев Сибиряков, 1Л",95,1,есть,signal,Нет,18394,Teboil
2026-10-09T15:15:00+03:00,"Воронеж, улица Ильюшина, 3А",92,1,есть,signal,,18394,Роснефть
2026-10-09T15:15:00+03:00,"Воронеж, улица Ильюшина, 3А",95,1,есть,signal,,18394,Роснефть
2026-10-09T15:15:00+03:00,"Воронеж, улица Космонавтов, 6А",92,1,есть,signal,,18394,Роснефть
2026-10-09T15:15:00+03:00,"Воронеж, улица Космонавтов, 6А",95,1,есть,signal,,18394,Роснефть
2026-10-09T15:15:00+03:00,"Воронеж, улица Чебышева, 13/1",92,1,есть,signal,,18394,Роснефть
2026-10-09T15:15:00+03:00,"Воронеж, улица Чебышева, 13/1",95,1,есть,signal,,18394,Роснефть
2026-10-09T15:15:00+03:00,"Воронежская область, Новоусманский район, М-4 Дон, 534-й километр, 2",92,1,есть,signal,,18394,Татнефть
2026-10-09T15:15:00+03:00,"Воронежская область, Новоусманский район, М-4 Дон, 534-й километр, 2",95,1,есть,signal,,18394,Татнефть
2026-10-09T15:15:00+03:00,"Воронежская область, Новоусманский район, Рогачёвское сельское поселение",92,1,есть,signal,,18394,Роснефть
2026-10-09T15:15:00+03:00,"Воронежская область, Новоусманский район, Рогачёвское сельское поселение",95,1,есть,signal,,18394,Роснефть
2026-10-09T15:15:00+03:00,"Воронежская область, Рамонский район, Яменское сельское поселение",92,1,есть,signal,Нет,18394,Teboil
2026-10-09T15:15:00+03:00,"Воронежская область, Рамонский район, Яменское сельское поселение",95,1,есть,signal,Нет,18394,Teboil
2026-10-09T15:15:00+03:00,"Воронежская область, село Новая Усмань, Дорожная улица, 31",92,1,есть,signal,,18394,Роснефть
2026-10-09T15:15:00+03:00,"Воронежская область, село Новая Усмань, Дорожная улица, 31",95,1,есть,signal,,18394,Роснефть
2026-10-09T15:16:00+03:00,"Воронеж, Московский проспект, 144",92,1,есть,signal,Большая,18394,Роснефть
2026-10-09T15:16:00+03:00,"Воронеж, Московский проспект, 144",95,1,есть,signal,Большая,18394,Роснефть
2026-10-09T15:16:00+03:00,"Воронеж, улица 9 Января, 104",92,1,есть,signal,,18394,ВТК
2026-10-09T15:16:00+03:00,"Воронеж, улица 9 Января, 104",95,1,есть,signal,,18394,ВТК
2026-10-09T15:16:00+03:00,"Воронеж, улица Димитрова, 140Д",92,1,есть,signal,,18394,Teboil
2026-10-09T15:16:00+03:00,"Воронеж, улица Димитрова, 140Д",95,1,есть,signal,,18394,Teboil
2026-10-09T15:16:00+03:00,"Воронеж, улица Урицкого, 58А",92,1,есть,signal,,18394,ВТК
2026-10-09T15:16:00+03:00,"Воронеж, улица Урицкого, 58А",95,1,есть,signal,,18394,ВТК
2026-10-09T15:16:00+03:00,"Воронеж, улица Хользунова, 99А",92,1,есть,signal,,18394,Татнефть
2026-10-09T15:16:00+03:00,"Воронеж, улица Хользунова, 99А",95,1,есть,signal,,18394,Татнефть
2026-10-09T15:16:00+03:00,"Воронежская область, Рамонский район, Яменское сельское поселение, посёлок Солнечный, улица Московское шоссе, 2",92,1,есть,signal,,18394,Газпромнефть
2026-10-09T15:16:00+03:00,"Воронежская область, Рамонский район, Яменское сельское поселение, хутор Ветряк, Транспортная улица, 6",92,1,есть,signal,,18394,Газпромнефть
2026-10-09T15:17:00+03:00,"Воронеж, Холмистая улица, 66",92,1,есть,signal,,18394,Газпромнефть
2026-10-09T15:17:00+03:00,"Воронеж, Холмистая улица, 66",95,1,есть,signal,,18394,Газпромнефть
2026-10-09T15:17:00+03:00,"Воронеж, переулок Отличников, 43А",92,1,есть,signal,,18394,Роснефть
2026-10-09T15:17:00+03:00,"Воронеж, переулок Отличников, 43А",95,1,есть,signal,,18394,Роснефть
2026-10-09T15:21:00+03:00,"Воронеж, улица 9 Января, 104",92,1,есть,signal,,18394,ВТК
2026-10-09T15:21:00+03:00,"Воронеж, улица 9 Января, 104",95,1,есть,signal,,18394,ВТК
2026-10-09T15:21:00+03:00,"Воронеж, улица 9 Января, 223А",92,1,есть,signal,,18394,Татнефть
2026-10-09T15:21:00+03:00,"Воронеж, улица 9 Января, 223А",95,1,есть,signal,,18394,Татнефть
2026-10-09T15:22:00+03:00,"Воронеж, Московский проспект, 4А",92,1,есть,signal,,18394,Роснефть
2026-10-09T15:22:00+03:00,"Воронеж, Московский проспект, 4А",95,1,есть,signal,,18394,Роснефть
2026-10-09T15:22:00+03:00,"Воронеж, Московский проспект, 7А",92,1,есть,signal,,18394,Teboil
2026-10-09T15:22:00+03:00,"Воронеж, Московский проспект, 7А",95,1,есть,signal,,18394,Teboil
2026-10-09T15:22:00+03:00,"Воронеж, проспект Патриотов, 1А",92,1,есть,signal,,18394,Роснефть
2026-10-09T15:22:00+03:00,"Воронеж, проспект Патриотов, 1А",95,1,есть,signal,,18394,Роснефть
2026-10-09T15:22:00+03:00,"Воронеж, проспект Труда, 107А",92,1,есть,signal,,18394,Татнефть
2026-10-09T15:22:00+03:00,"Воронеж, проспект Труда, 107А",95,1,есть,signal,,18394,Татнефть
2026-10-09T15:22:00+03:00,"Воронеж, улица Антонова-Овсеенко, 7А",92,1,есть,signal,,18394,ВТК
2026-10-09T15:22:00+03:00,"Воронеж, улица Антонова-Овсеенко, 7А",95,1,есть,signal,,18394,ВТК
2026-10-09T15:22:00+03:00,"Воронежская область, Рамонский район, Яменское сельское поселение, посёлок Солнечный, улица Московское шоссе, 2",92,1,есть,signal,,18394,Газпромнефть
2026-10-09T15:22:00+03:00,"Воронежская область, Семилуки, Транспортная улица, 18А",92,1,есть,signal,,18394,Роснефть
2026-10-09T15:22:00+03:00,"Воронежская область, Семилуки, Транспортная улица, 18А",95,1,есть,signal,,18394,Роснефть
2026-10-09T15:22:00+03:00,"Воронежская область, село Новая Усмань, Дорожная улица, 31",92,1,есть,signal,,18394,Роснефть
2026-10-09T15:22:00+03:00,"Воронежская область, село Новая Усмань, Дорожная улица, 31",95,1,есть,signal,,18394,Роснефть
2026-10-09T15:23:00+03:00,"Воронеж, Дорожная улица, 1Б",95,1,есть,signal,,18394,ВТК
2026-10-09T15:23:00+03:00,"Воронеж, Ленинский проспект, 154А",92,1,есть,signal,,18394,Татнефть
2026-10-09T15:23:00+03:00,"Воронеж, Ленинский проспект, 154А",95,1,есть,signal,,18394,Татнефть
2026-10-09T15:23:00+03:00,"Воронеж, Московский проспект, 144",92,1,есть,signal,Большая,18394,Роснефть
2026-10-09T15:23:00+03:00,"Воронеж, Московский проспект, 144",95,1,есть,signal,Большая,18394,Роснефть
2026-10-09T15:23:00+03:00,"Воронеж, Московский проспект, 84",92,1,есть,signal,,18394,Роснефть
2026-10-09T15:23:00+03:00,"Воронеж, Московский проспект, 84",95,1,есть,signal,,18394,Роснефть
2026-10-09T15:23:00+03:00,"Воронеж, Новосибирская улица, 84Б",92,1,есть,signal,,18394,Газпромнефть
2026-10-09T15:23:00+03:00,"Воронеж, Новосибирская улица, 84Б",95,1,есть,signal,,18394,Газпромнефть
2026-10-09T15:23:00+03:00,"Воронеж, переулок Отличников, 43А",92,1,есть,signal,,18394,Роснефть
2026-10-09T15:23:00+03:00,"Воронеж, переулок Отличников, 43А",95,1,есть,signal,,18394,Роснефть
2026-10-09T15:23:00+03:00,"Воронеж, улица 45-й Стрелковой Дивизии, 238",92,1,есть,signal,,18394,Роснефть
2026-10-09T15:23:00+03:00,"Воронеж, улица 45-й Стрелковой Дивизии, 238",95,1,есть,signal,,18394,Роснефть
2026-10-09T15:23:00+03:00,"Воронеж, улица 9 Января, 245А",92,1,есть,signal,,18394,Роснефть
2026-10-09T15:23:00+03:00,"Воронеж, улица 9 Января, 245А",95,1,есть,signal,,18394,Роснефть
2026-10-09T15:23:00+03:00,"Воронеж, улица Героев Сибиряков, 2",92,1,есть,signal,,18394,Газпромнефть
2026-10-09T15:23:00+03:00,"Воронеж, улица Героев Сибиряков, 2",95,1,есть,signal,,18394,Газпромнефть
2026-10-09T15:23:00+03:00,"Воронеж, улица Димитрова, 163",92,1,есть,signal,,18394,Роснефть
2026-10-09T15:23:00+03:00,"Воронеж, улица Димитрова, 163",95,1,есть,signal,,18394,Роснефть
2026-10-09T15:23:00+03:00,"Воронеж, улица Остужева, 37",92,1,есть,signal,,18394,Лукойл
2026-10-09T15:23:00+03:00,"Воронеж, улица Хользунова, 99А",92,1,есть,signal,,18394,Татнефть
2026-10-09T15:23:00+03:00,"Воронеж, улица Хользунова, 99А",95,1,есть,signal,,18394,Татнефть
2026-10-09T15:23:00+03:00,"Воронеж, улица Чебышева, 13/1",92,1,есть,signal,,18394,Роснефть
2026-10-09T15:23:00+03:00,"Воронеж, улица Чебышева, 13/1",95,1,есть,signal,,18394,Роснефть
2026-10-09T15:23:00+03:00,"Воронежская область, Новоусманский район, М-4 Дон, 534-й километр, 1",92,1,есть,signal,,18394,Татнефть
2026-10-09T15:23:00+03:00,"Воронежская область, Новоусманский район, М-4 Дон, 534-й километр, 1",95,1,есть,signal,,18394,Татнефть
2026-10-09T15:23:00+03:00,"Воронежская область, Рамонский район, Яменское сельское поселение, хутор Ветряк, Транспортная улица, 6",92,1,есть,signal,,18394,Газпромнефть
2026-10-09T15:23:00+03:00,"Воронежская область, село Новая Усмань, Ростовская улица, 133А",92,1,есть,signal,,18394,Газпромнефть
2026-10-09T15:23:00+03:00,"Воронежская область, село Новая Усмань, Ростовская улица, 133А",95,1,есть,signal,,18394,Газпромнефть
2026-10-09T15:24:00+03:00,"Воронеж, Ленинский проспект, 176А",95,1,есть,signal,,18394,Газпромнефть
2026-10-09T15:24:00+03:00,"Воронеж, улица 9 Января, 258А",92,1,есть,signal,,18394,Роснефть
2026-10-09T15:24:00+03:00,"Воронеж, улица 9 Января, 258А",95,1,есть,signal,,18394,Роснефть
2026-10-09T15:24:00+03:00,"Воронеж, улица Космонавтов, 6А",92,1,есть,signal,,18394,Роснефть
2026-10-09T15:24:00+03:00,"Воронеж, улица Космонавтов, 6А",95,1,есть,signal,,18394,Роснефть
2026-10-09T15:24:00+03:00,"Воронеж, улица Остужева, 35",95,1,есть,signal,,18394,Teboil
2026-10-09T15:24:00+03:00,"Воронеж, улица Рылеева, 22Н",95,1,есть,signal,,18394,Teboil
2026-10-09T15:24:00+03:00,"Воронежская область, Новоусманский район, М-4 Дон, 531-й километр, 1",92,1,есть,signal,,18394,Лукойл
2026-10-09T15:24:00+03:00,"Воронежская область, Новоусманский район, М-4 Дон, 531-й километр, 1",95,1,есть,signal,,18394,Лукойл
2026-10-09T15:24:00+03:00,"Воронежская область, Новоусманский район, М-4 Дон, 534-й километр, 2",92,1,есть,signal,,18394,Татнефть
2026-10-09T15:24:00+03:00,"Воронежская область, Новоусманский район, М-4 Дон, 534-й километр, 2",95,1,есть,signal,,18394,Татнефть
2026-10-09T15:24:00+03:00,"Воронежская область, Рамонский район, Айдаровское сельское поселение, село Чертовицы, улица Мира, 1",92,1,есть,signal,,18394,Лукойл
2026-10-09T15:24:00+03:00,"Воронежская область, Рамонский район, Айдаровское сельское поселение, село Чертовицы, улица Мира, 1",95,1,есть,signal,,18394,Лукойл
2026-10-09T15:24:00+03:00,"Воронежская область, рабочий посёлок Рамонь, Воронежская улица, 19А",92,1,есть,signal,,18394,Роснефть
2026-10-09T15:24:00+03:00,"Воронежская область, рабочий посёлок Рамонь, Воронежская улица, 19А",95,1,есть,signal,,18394,Роснефть
2026-10-09T15:24:00+03:00,"Воронежская область, село Новая Усмань, Дорожная улица, 31",92,1,есть,signal,,18394,Роснефть
2026-10-09T15:24:00+03:00,"Воронежская область, село Новая Усмань, Дорожная улица, 31",95,1,есть,signal,,18394,Роснефть
2026-10-09T15:24:00+03:00,"Воронежская область, село Новая Усмань, улица Ленина, 313/2",92,1,есть,signal,,18394,Роснефть
2026-10-09T15:24:00+03:00,"Воронежская область, село Новая Усмань, улица Ленина, 313/2",95,1,есть,signal,,18394,Роснефть
2026-10-09T15:25:00+03:00,"Воронеж, Кольцовская улица, 24Б",92,1,есть,signal,,18394,ВТК
2026-10-09T15:25:00+03:00,"Воронеж, Кольцовская улица, 24Б",95,1,есть,signal,,18394,ВТК
2026-10-09T15:25:00+03:00,"Воронеж, Спокойный переулок, 24А",92,1,есть,signal,,18394,Роснефть
2026-10-09T15:25:00+03:00,"Воронеж, Спокойный переулок, 24А",95,1,есть,signal,,18394,Роснефть
2026-10-09T15:25:00+03:00,"Воронеж, Холмистая улица, 66",92,1,есть,signal,,18394,Газпромнефть
2026-10-09T15:25:00+03:00,"Воронеж, Холмистая улица, 66",95,1,есть,signal,,18394,Газпромнефть
2026-10-09T15:25:00+03:00,"Воронеж, улица Землячки, 7А",92,1,есть,signal,,18394,Роснефть
2026-10-09T15:25:00+03:00,"Воронеж, улица Землячки, 7А",95,1,есть,signal,,18394,Роснефть
2026-10-09T15:25:00+03:00,"Воронежская область, Рамонский район, Горожанское сельское поселение",92,1,есть,signal,,18394,Роснефть
2026-10-09T15:25:00+03:00,"Воронежская область, Рамонский район, Горожанское сельское поселение",95,1,есть,signal,,18394,Роснефть
2026-10-09T15:29:00+03:00,"Воронеж, Московский проспект, 7А",92,1,есть,signal,,18394,Teboil
2026-10-09T15:29:00+03:00,"Воронеж, Московский проспект, 7А",95,1,есть,signal,,18394,Teboil
2026-10-09T15:29:00+03:00,"Воронеж, улица 9 Января, 245А",92,1,есть,signal,,18394,Роснефть
2026-10-09T15:29:00+03:00,"Воронеж, улица 9 Января, 245А",95,1,есть,signal,,18394,Роснефть
2026-10-09T15:29:00+03:00,"Воронеж, улица Димитрова, 163",92,1,есть,signal,,18394,Роснефть
2026-10-09T15:29:00+03:00,"Воронеж, улица Димитрова, 163",95,1,есть,signal,,18394,Роснефть
2026-10-09T15:29:00+03:00,"Воронеж, улица Рылеева, 22Н",95,1,есть,signal,,18394,Teboil
2026-10-09T15:30:00+03:00,"Воронеж, Спокойный переулок, 24А",92,1,есть,signal,,18394,Роснефть
2026-10-09T15:30:00+03:00,"Воронеж, Спокойный переулок, 24А",95,1,есть,signal,,18394,Роснефть
2026-10-09T15:30:00+03:00,"Воронеж, улица Димитрова, 140Д",92,1,есть,signal,,18394,Teboil
2026-10-09T15:30:00+03:00,"Воронеж, улица Димитрова, 140Д",95,1,есть,signal,,18394,Teboil
2026-10-09T15:31:00+03:00,"Воронеж, Ленинский проспект, 154А",92,1,есть,signal,,18394,Татнефть
2026-10-09T15:31:00+03:00,"Воронеж, Ленинский проспект, 154А",95,1,есть,signal,,18394,Татнефть
2026-10-09T15:31:00+03:00,"Воронеж, Московский проспект, 144",92,1,есть,signal,,18394,Роснефть
2026-10-09T15:31:00+03:00,"Воронеж, Московский проспект, 144",95,1,есть,signal,,18394,Роснефть
2026-10-09T15:31:00+03:00,"Воронеж, Новосибирская улица, 2А",92,1,есть,signal,,18394,Татнефть
2026-10-09T15:31:00+03:00,"Воронеж, Новосибирская улица, 2А",95,1,есть,signal,,18394,Татнефть
2026-10-09T15:31:00+03:00,"Воронеж, Холмистая улица, 66",92,1,есть,signal,,18394,Газпромнефть
2026-10-09T15:31:00+03:00,"Воронеж, Холмистая улица, 66",95,1,есть,signal,,18394,Газпромнефть
2026-10-09T15:31:00+03:00,"Воронеж, набережная Максима Горького, 33А",92,1,есть,signal,,18394,ВТК
2026-10-09T15:31:00+03:00,"Воронеж, набережная Максима Горького, 33А",95,1,есть,signal,,18394,ВТК
2026-10-09T15:31:00+03:00,"Воронеж, переулок Отличников, 43А",92,1,есть,signal,,18394,Роснефть
2026-10-09T15:31:00+03:00,"Воронеж, переулок Отличников, 43А",95,1,есть,signal,,18394,Роснефть
2026-10-09T15:31:00+03:00,"Воронеж, улица 45-й Стрелковой Дивизии, 238",92,1,есть,signal,,18394,Роснефть
2026-10-09T15:31:00+03:00,"Воронеж, улица 45-й Стрелковой Дивизии, 238",95,1,есть,signal,,18394,Роснефть
2026-10-09T15:31:00+03:00,"Воронеж, улица 9 Января, 258А",92,1,есть,signal,,18394,Роснефть
2026-10-09T15:31:00+03:00,"Воронеж, улица 9 Января, 258А",95,1,есть,signal,,18394,Роснефть
2026-10-09T15:31:00+03:00,"Воронеж, улица Ильюшина, 3А",92,1,есть,signal,,18394,Роснефть
2026-10-09T15:31:00+03:00,"Воронеж, улица Ильюшина, 3А",95,1,есть,signal,,18394,Роснефть
2026-10-09T15:31:00+03:00,"Воронеж, улица Остужева, 51",92,1,есть,signal,,18394,Газпромнефть
2026-10-09T15:31:00+03:00,"Воронеж, улица Остужева, 51",95,1,есть,signal,,18394,Газпромнефть
2026-10-09T15:31:00+03:00,"Воронеж, улица Урицкого, 58А",92,1,есть,signal,,18394,ВТК
2026-10-09T15:31:00+03:00,"Воронеж, улица Урицкого, 58А",95,1,есть,signal,,18394,ВТК
2026-10-09T15:31:00+03:00,"Воронеж, улица Хользунова, 99А",92,1,есть,signal,,18394,Татнефть
2026-10-09T15:31:00+03:00,"Воронеж, улица Хользунова, 99А",95,1,есть,signal,,18394,Татнефть
2026-10-09T15:31:00+03:00,"Воронежская область, Новоусманский район, М-4 Дон, 531-й километр, 1",92,1,есть,signal,,18394,Лукойл
2026-10-09T15:31:00+03:00,"Воронежская область, Новоусманский район, М-4 Дон, 531-й километр, 1",95,1,есть,signal,,18394,Лукойл
2026-10-09T15:31:00+03:00,"Воронежская область, село Семилуки, улица Щеголевых, 59",92,1,есть,signal,,18394,Лукойл
2026-10-09T15:32:00+03:00,"Воронеж, Московский проспект, 129/2",92,1,есть,signal,,18394,ВТК
2026-10-09T15:32:00+03:00,"Воронеж, Московский проспект, 129/2",95,1,есть,signal,,18394,ВТК
2026-10-09T15:32:00+03:00,"Воронеж, улица 9 Января, 223А",92,1,есть,signal,,18394,Татнефть
2026-10-09T15:32:00+03:00,"Воронеж, улица 9 Января, 223А",95,1,есть,signal,,18394,Татнефть
2026-10-09T15:32:00+03:00,"Воронеж, улица Героев Сибиряков, 1Л",92,1,есть,signal,Нет,18394,Teboil
2026-10-09T15:32:00+03:00,"Воронеж, улица Героев Сибиряков, 1Л",95,1,есть,signal,Нет,18394,Teboil
2026-10-09T15:32:00+03:00,"Воронеж, улица Космонавтов, 6А",92,1,есть,signal,Нет,18394,Роснефть
2026-10-09T15:32:00+03:00,"Воронеж, улица Космонавтов, 6А",95,1,есть,signal,Нет,18394,Роснефть
2026-10-09T15:32:00+03:00,"Воронеж, улица Чебышева, 13/1",92,1,есть,signal,,18394,Роснефть
2026-10-09T15:32:00+03:00,"Воронеж, улица Чебышева, 13/1",95,1,есть,signal,,18394,Роснефть
2026-10-09T15:32:00+03:00,"Воронежская область, Новоусманский район, М-4 Дон, 522-й километр",92,1,есть,signal,,18394,Лукойл
2026-10-09T15:32:00+03:00,"Воронежская область, Новоусманский район, М-4 Дон, 522-й километр",95,1,есть,signal,,18394,Лукойл
2026-10-09T15:32:00+03:00,"Воронежская область, Рамонский район, М-4 Дон, 485-й километр, 1",92,1,есть,signal,,18394,Teboil
2026-10-09T15:32:00+03:00,"Воронежская область, Рамонский район, М-4 Дон, 485-й километр, 1",95,1,есть,signal,,18394,Teboil
2026-10-09T15:32:00+03:00,"Воронежская область, Рамонский район, Яменское сельское поселение, посёлок Солнечный, улица Московское шоссе, 2",92,1,есть,signal,,18394,Газпромнефть
2026-10-09T15:32:00+03:00,"Воронежская область, Рамонский район, Яменское сельское поселение, хутор Ветряк, Транспортная улица, 6",92,1,есть,signal,,18394,Газпромнефть
2026-10-09T15:32:00+03:00,"Воронежская область, Семилуки, Транспортная улица, 18А",92,1,есть,signal,,18394,Роснефть
2026-10-09T15:32:00+03:00,"Воронежская область, Семилуки, Транспортная улица, 18А",95,1,есть,signal,,18394,Роснефть
2026-10-09T15:32:00+03:00,"Воронежская область, рабочий посёлок Рамонь, Воронежская улица, 19А",92,1,есть,signal,,18394,Роснефть
2026-10-09T15:32:00+03:00,"Воронежская область, рабочий посёлок Рамонь, Воронежская улица, 19А",95,1,есть,signal,,18394,Роснефть
2026-10-09T15:32:00+03:00,"Воронежская область, село Новая Усмань, улица Ленина, 313/2",92,1,есть,signal,Большая,18394,Роснефть
2026-10-09T15:32:00+03:00,"Воронежская область, село Новая Усмань, улица Ленина, 313/2",95,1,есть,signal,Большая,18394,Роснефть
2026-10-09T15:33:00+03:00,"Воронеж, Дорожная улица, 1Б",95,1,есть,signal,,18394,ВТК
2026-10-09T15:33:00+03:00,"Воронеж, Ленинский проспект, 176А",95,1,есть,signal,,18394,Газпромнефть
2026-10-09T15:33:00+03:00,"Воронеж, Московский проспект, 84",92,1,есть,signal,Большая,18394,Роснефть
2026-10-09T15:33:00+03:00,"Воронеж, Московский проспект, 84",95,1,есть,signal,Большая,18394,Роснефть
2026-10-09T15:33:00+03:00,"Воронеж, Солнечная улица, 31Л",95,1,есть,signal,,18394,Teboil
2026-10-09T15:33:00+03:00,"Воронеж, улица Героев Сибиряков, 2",92,1,есть,signal,,18394,Газпромнефть
2026-10-09T15:33:00+03:00,"Воронеж, улица Героев Сибиряков, 2",95,1,есть,signal,,18394,Газпромнефть
2026-10-09T15:33:00+03:00,"Воронеж, улица Землячки, 7А",92,1,есть,signal,,18394,Роснефть
2026-10-09T15:33:00+03:00,"Воронеж, улица Землячки, 7А",95,1,есть,signal,,18394,Роснефть
2026-10-09T15:33:00+03:00,"Воронежская область, село Новая Усмань, Дорожная улица, 31",92,1,есть,signal,,18394,Роснефть
2026-10-09T15:33:00+03:00,"Воронежская область, село Новая Усмань, Дорожная улица, 31",95,1,есть,signal,,18394,Роснефть
2026-10-09T15:34:00+03:00,"Воронеж, Кольцовская улица, 24Б",92,1,есть,signal,,18394,ВТК
2026-10-09T15:34:00+03:00,"Воронеж, Кольцовская улица, 24Б",95,1,есть,signal,,18394,ВТК
2026-10-09T15:34:00+03:00,"Воронежская область, Рамонский район, Яменское сельское поселение",92,1,есть,signal,,18394,Teboil
2026-10-09T15:34:00+03:00,"Воронежская область, Рамонский район, Яменское сельское поселение",95,1,есть,signal,,18394,Teboil
2026-10-09T15:34:00+03:00,"Воронежская область, Семилуки, Воронежская улица, 1",92,1,есть,signal,,18394,Лукойл
2026-10-09T15:34:00+03:00,"Воронежская область, Семилуки, Воронежская улица, 1",95,1,есть,signal,,18394,Лукойл
2026-10-09T15:34:00+03:00,"Воронежская область, село Новая Усмань, Дорожная улица, 31",92,1,есть,signal,,18394,Роснефть
2026-10-09T15:34:00+03:00,"Воронежская область, село Новая Усмань, Дорожная улица, 31",95,1,есть,signal,,18394,Роснефть
2026-10-09T15:39:00+03:00,"Воронеж, Ленинградская улица, 29В",92,1,есть,report,30 минут,18402,Лукойл
2026-10-09T15:39:00+03:00,"Воронеж, Ленинградская улица, 29В",92,1,есть,summary,~30 мин,18397,Лукойл
2026-10-09T15:41:00+03:00,"Воронеж, проспект Патриотов, 42А",92,0,больше нет,report,,18403,Татнефть
2026-10-09T15:41:00+03:00,"Воронеж, проспект Патриотов, 42А",95,0,больше нет,report,,18403,Татнефть
2026-10-09T15:41:00+03:00,"Воронеж, проспект Патриотов, 42А",ДТ,1,есть,report,,18403,Татнефть
2026-10-09T15:46:00+03:00,"Воронеж, набережная Максима Горького, 33А",92,1,есть,signal,,18404,ВТК
2026-10-09T15:46:00+03:00,"Воронеж, набережная Максима Горького, 33А",95,1,есть,signal,,18404,ВТК
2026-10-09T15:46:00+03:00,"Воронеж, улица 45-й Стрелковой Дивизии, 238",92,1,есть,signal,,18404,Роснефть
2026-10-09T15:46:00+03:00,"Воронеж, улица 45-й Стрелковой Дивизии, 238",95,1,есть,signal,,18404,Роснефть
2026-10-09T15:46:00+03:00,"Воронеж, улица Димитрова, 140Д",92,1,есть,signal,,18404,Teboil
2026-10-09T15:46:00+03:00,"Воронеж, улица Димитрова, 140Д",95,1,есть,signal,,18404,Teboil
2026-10-09T15:47:00+03:00,"Воронеж, Дорожная улица, 19А",92,1,есть,signal,,18404,Татнефть
2026-10-09T15:47:00+03:00,"Воронеж, Дорожная улица, 19А",95,1,есть,signal,,18404,Татнефть
2026-10-09T15:47:00+03:00,"Воронеж, Дорожная улица, 1Б",95,1,есть,signal,,18404,ВТК
2026-10-09T15:47:00+03:00,"Воронеж, Ленинский проспект, 154А",92,1,есть,signal,,18404,Татнефть
2026-10-09T15:47:00+03:00,"Воронеж, Ленинский проспект, 154А",95,1,есть,signal,,18404,Татнефть
2026-10-09T15:47:00+03:00,"Воронеж, Ленинский проспект, 182",92,1,есть,signal,Большая,18404,Роснефть
2026-10-09T15:47:00+03:00,"Воронеж, Ленинский проспект, 182",95,1,есть,signal,Большая,18404,Роснефть
2026-10-09T15:47:00+03:00,"Воронеж, Московский проспект, 129/2",92,1,есть,signal,,18404,ВТК
2026-10-09T15:47:00+03:00,"Воронеж, Московский проспект, 129/2",95,1,есть,signal,,18404,ВТК
2026-10-09T15:47:00+03:00,"Воронеж, Новосибирская улица, 84Б",92,1,есть,signal,,18404,Газпромнефть
2026-10-09T15:47:00+03:00,"Воронеж, Новосибирская улица, 84Б",95,1,есть,signal,,18404,Газпромнефть
2026-10-09T15:47:00+03:00,"Воронеж, Холмистая улица, 66",92,1,есть,signal,,18404,Газпромнефть
2026-10-09T15:47:00+03:00,"Воронеж, Холмистая улица, 66",95,1,есть,signal,,18404,Газпромнефть
2026-10-09T15:47:00+03:00,"Воронеж, проспект Патриотов, 69",92,1,есть,signal,,18404,Роснефть
2026-10-09T15:47:00+03:00,"Воронеж, проспект Патриотов, 69",95,1,есть,signal,,18404,Роснефть
2026-10-09T15:47:00+03:00,"Воронеж, улица Антонова-Овсеенко, 7А",92,1,есть,signal,,18404,ВТК
2026-10-09T15:47:00+03:00,"Воронеж, улица Антонова-Овсеенко, 7А",95,1,есть,signal,,18404,ВТК
2026-10-09T15:47:00+03:00,"Воронеж, улица Космонавтов, 6А",92,1,есть,signal,,18404,Роснефть
2026-10-09T15:47:00+03:00,"Воронеж, улица Космонавтов, 6А",95,1,есть,signal,,18404,Роснефть
2026-10-09T15:47:00+03:00,"Воронеж, улица Чебышева, 13/1",92,1,есть,signal,,18404,Роснефть
2026-10-09T15:47:00+03:00,"Воронеж, улица Чебышева, 13/1",95,1,есть,signal,,18404,Роснефть
2026-10-09T15:47:00+03:00,"Воронежская область, Новоусманский район, М-4 Дон, 534-й километр, 1",92,1,есть,signal,,18404,Татнефть
2026-10-09T15:47:00+03:00,"Воронежская область, Новоусманский район, М-4 Дон, 534-й километр, 1",95,1,есть,signal,,18404,Татнефть
2026-10-09T15:47:00+03:00,"Воронежская область, Рамонский район, Горожанское сельское поселение",92,1,есть,signal,,18404,Лукойл
2026-10-09T15:47:00+03:00,"Воронежская область, Рамонский район, Горожанское сельское поселение",95,1,есть,signal,,18404,Лукойл
2026-10-09T15:47:00+03:00,"Воронежская область, Рамонский район, М-4 Дон, 485-й километр, 1",92,1,есть,signal,,18404,Teboil
2026-10-09T15:47:00+03:00,"Воронежская область, Рамонский район, М-4 Дон, 485-й километр, 1",95,1,есть,signal,,18404,Teboil
2026-10-09T15:47:00+03:00,"Воронежская область, рабочий посёлок Рамонь, Воронежская улица, 19А",92,1,есть,signal,,18404,Роснефть
2026-10-09T15:47:00+03:00,"Воронежская область, рабочий посёлок Рамонь, Воронежская улица, 19А",95,1,есть,signal,,18404,Роснефть
2026-10-09T15:47:00+03:00,"Воронежская область, село Новая Усмань, Ростовская улица, 133А",92,1,есть,signal,,18404,Газпромнефть
2026-10-09T15:47:00+03:00,"Воронежская область, село Новая Усмань, Ростовская улица, 133А",95,1,есть,signal,,18404,Газпромнефть
2026-10-09T15:48:00+03:00,"Воронеж, Солнечная улица, 31Л",92,1,есть,signal,,18404,Teboil
2026-10-09T15:48:00+03:00,"Воронеж, Солнечная улица, 31Л",95,1,есть,signal,,18404,Teboil
2026-10-09T15:48:00+03:00,"Воронеж, переулок Отличников, 43А",92,1,есть,signal,,18404,Роснефть
2026-10-09T15:48:00+03:00,"Воронеж, переулок Отличников, 43А",95,1,есть,signal,,18404,Роснефть
2026-10-09T15:48:00+03:00,"Воронеж, улица 9 Января, 104",92,1,есть,signal,,18404,ВТК
2026-10-09T15:48:00+03:00,"Воронеж, улица 9 Января, 104",95,1,есть,signal,,18404,ВТК
2026-10-09T15:48:00+03:00,"Воронеж, улица 9 Января, 258А",92,1,есть,signal,,18404,Роснефть
2026-10-09T15:48:00+03:00,"Воронеж, улица 9 Января, 258А",95,1,есть,signal,,18404,Роснефть
2026-10-09T15:48:00+03:00,"Воронеж, улица Ворошилова",92,1,есть,signal,,18404,Газпромнефть
2026-10-09T15:48:00+03:00,"Воронеж, улица Ворошилова",95,1,есть,signal,,18404,Газпромнефть
2026-10-09T15:48:00+03:00,"Воронеж, улица Героев Сибиряков, 1Л",92,1,есть,signal,Нет,18404,Teboil
2026-10-09T15:48:00+03:00,"Воронеж, улица Героев Сибиряков, 1Л",95,1,есть,signal,Нет,18404,Teboil
2026-10-09T15:48:00+03:00,"Воронеж, улица Димитрова, 163",92,1,есть,signal,,18404,Роснефть
2026-10-09T15:48:00+03:00,"Воронеж, улица Димитрова, 163",95,1,есть,signal,,18404,Роснефть
2026-10-09T15:48:00+03:00,"Воронеж, улица Землячки, 7А",92,1,есть,signal,,18404,Роснефть
2026-10-09T15:48:00+03:00,"Воронеж, улица Землячки, 7А",95,1,есть,signal,,18404,Роснефть
2026-10-09T15:48:00+03:00,"Воронеж, улица Любы Шевцовой, 36А",92,1,есть,signal,,18404,Татнефть
2026-10-09T15:48:00+03:00,"Воронеж, улица Любы Шевцовой, 36А",95,1,есть,signal,,18404,Татнефть
2026-10-09T15:48:00+03:00,"Воронежская область, Новоусманский район, М-4 Дон, 540-й километр, 6",95,1,есть,signal,,18404,Лукойл
2026-10-09T15:48:00+03:00,"Воронежская область, Рамонский район, Яменское сельское поселение, посёлок Солнечный, улица Московское шоссе, 2",92,1,есть,signal,,18404,Газпромнефть
2026-10-09T15:48:00+03:00,"Воронежская область, село Новая Усмань, Дорожная улица, 31",92,1,есть,signal,,18404,Роснефть
2026-10-09T15:48:00+03:00,"Воронежская область, село Новая Усмань, Дорожная улица, 31",95,1,есть,signal,,18404,Роснефть
2026-10-09T15:48:00+03:00,"Воронежская область, село Новая Усмань, улица Ленина, 313/2",92,1,есть,signal,Большая,18404,Роснефть
2026-10-09T15:48:00+03:00,"Воронежская область, село Новая Усмань, улица Ленина, 313/2",95,1,есть,signal,Большая,18404,Роснефть
2026-10-09T15:49:00+03:00,"Воронеж, Кольцовская улица, 24Б",92,1,есть,signal,,18404,ВТК
2026-10-09T15:49:00+03:00,"Воронеж, Кольцовская улица, 24Б",95,1,есть,signal,,18404,ВТК
2026-10-09T15:49:00+03:00,"Воронеж, Московский проспект, 144",92,1,есть,signal,Большая,18404,Роснефть
2026-10-09T15:49:00+03:00,"Воронеж, Московский проспект, 144",95,1,есть,signal,Большая,18404,Роснефть
2026-10-09T15:49:00+03:00,"Воронеж, Спокойный переулок, 24А",92,1,есть,signal,,18404,Роснефть
2026-10-09T15:49:00+03:00,"Воронеж, Спокойный переулок, 24А",95,1,есть,signal,,18404,Роснефть
2026-10-09T15:49:00+03:00,"Воронеж, улица 9 Января, 223А",92,1,есть,signal,,18404,Татнефть
2026-10-09T15:49:00+03:00,"Воронеж, улица 9 Января, 223А",95,1,есть,signal,,18404,Татнефть
2026-10-09T15:49:00+03:00,"Воронеж, улица Героев Сибиряков, 2",92,1,есть,signal,,18404,Газпромнефть
2026-10-09T15:49:00+03:00,"Воронеж, улица Героев Сибиряков, 2",95,1,есть,signal,,18404,Газпромнефть
2026-10-09T15:49:00+03:00,"Воронеж, улица Хользунова, 99А",92,1,есть,signal,,18404,Татнефть
2026-10-09T15:49:00+03:00,"Воронеж, улица Хользунова, 99А",95,1,есть,signal,,18404,Татнефть
2026-10-09T15:49:00+03:00,"Воронежская область, Новоусманский район, М-4 Дон, 534-й километр, 2",92,1,есть,signal,,18404,Татнефть
2026-10-09T15:49:00+03:00,"Воронежская область, Новоусманский район, М-4 Дон, 534-й километр, 2",95,1,есть,signal,,18404,Татнефть
2026-10-09T15:49:00+03:00,"Воронежская область, Рамонский район, Яменское сельское поселение",92,1,есть,signal,,18404,Teboil
2026-10-09T15:49:00+03:00,"Воронежская область, Рамонский район, Яменское сельское поселение",95,1,есть,signal,,18404,Teboil
2026-10-09T15:49:00+03:00,"Воронежская область, Рамонский район, Яменское сельское поселение, хутор Ветряк, Транспортная улица, 6",92,1,есть,signal,,18404,Газпромнефть
2026-10-09T15:49:00+03:00,"Воронежская область, Рамонский район, Яменское сельское поселение, хутор Ветряк, Транспортная улица, 6",95,1,есть,signal,,18404,Газпромнефть
2026-10-09T15:53:00+03:00,"Воронеж, Московский проспект, 4А",92,1,есть,signal,,18404,Роснефть
2026-10-09T15:53:00+03:00,"Воронеж, Московский проспект, 4А",95,1,есть,signal,,18404,Роснефть
2026-10-09T15:53:00+03:00,"Воронеж, Московский проспект, 7А",92,1,есть,signal,,18404,Teboil
2026-10-09T15:53:00+03:00,"Воронеж, Московский проспект, 7А",95,1,есть,signal,,18404,Teboil
2026-10-09T15:53:00+03:00,"Воронеж, Новосибирская улица, 84Б",92,1,есть,signal,,18404,Газпромнефть
2026-10-09T15:53:00+03:00,"Воронеж, Новосибирская улица, 84Б",95,1,есть,signal,,18404,Газпромнефть
2026-10-09T15:53:00+03:00,"Воронеж, улица Героев Сибиряков, 1Л",92,1,есть,signal,,18404,Teboil
2026-10-09T15:53:00+03:00,"Воронеж, улица Героев Сибиряков, 1Л",95,1,есть,signal,,18404,Teboil
2026-10-09T15:53:00+03:00,"Воронеж, улица Хользунова, 99А",92,1,есть,signal,,18404,Татнефть
2026-10-09T15:53:00+03:00,"Воронеж, улица Хользунова, 99А",95,1,есть,signal,,18404,Татнефть
2026-10-09T15:53:00+03:00,"Воронежская область, Рамонский район, Горожанское сельское поселение",92,1,есть,signal,,18404,Роснефть
2026-10-09T15:53:00+03:00,"Воронежская область, Рамонский район, Горожанское сельское поселение",95,1,есть,signal,,18404,Роснефть
2026-10-09T15:53:00+03:00,"Воронежская область, Рамонский район, М-4 Дон, 485-й километр, 1",92,1,есть,signal,,18404,Teboil
2026-10-09T15:53:00+03:00,"Воронежская область, Рамонский район, М-4 Дон, 485-й километр, 1",95,1,есть,signal,,18404,Teboil
2026-10-09T15:54:00+03:00,"Воронеж, Волгоградская улица, 41",92,1,есть,signal,,18404,Татнефть
2026-10-09T15:54:00+03:00,"Воронеж, Волгоградская улица, 41",95,1,есть,signal,,18404,Татнефть
2026-10-09T15:54:00+03:00,"Воронеж, Ленинский проспект, 182",92,1,есть,signal,Большая,18404,Роснефть
2026-10-09T15:54:00+03:00,"Воронеж, Ленинский проспект, 182",95,1,есть,signal,Большая,18404,Роснефть
2026-10-09T15:54:00+03:00,"Воронеж, Новосибирская улица, 2А",92,1,есть,signal,,18404,Татнефть
2026-10-09T15:54:00+03:00,"Воронеж, Новосибирская улица, 2А",95,1,есть,signal,,18404,Татнефть
2026-10-09T15:54:00+03:00,"Воронеж, Спокойный переулок, 24А",92,1,есть,signal,,18404,Роснефть
2026-10-09T15:54:00+03:00,"Воронеж, Спокойный переулок, 24А",95,1,есть,signal,,18404,Роснефть
2026-10-09T15:54:00+03:00,"Воронеж, Холмистая улица, 66",92,1,есть,signal,,18404,Газпромнефть
2026-10-09T15:54:00+03:00,"Воронеж, Холмистая улица, 66",95,1,есть,signal,,18404,Газпромнефть
2026-10-09T15:54:00+03:00,"Воронеж, проспект Труда, 107А",92,1,есть,signal,,18404,Татнефть
2026-10-09T15:54:00+03:00,"Воронеж, проспект Труда, 107А",95,1,есть,signal,,18404,Татнефть
2026-10-09T15:54:00+03:00,"Воронеж, улица 9 Января, 104",92,1,есть,signal,,18404,ВТК
2026-10-09T15:54:00+03:00,"Воронеж, улица 9 Января, 104",95,1,есть,signal,,18404,ВТК
2026-10-09T15:54:00+03:00,"Воронеж, улица Ильюшина, 3А",92,1,есть,signal,,18404,Роснефть
2026-10-09T15:54:00+03:00,"Воронеж, улица Ильюшина, 3А",95,1,есть,signal,,18404,Роснефть
2026-10-09T15:54:00+03:00,"Воронеж, улица Рылеева, 22Н",95,1,есть,signal,,18404,Teboil
2026-10-09T15:54:00+03:00,"Воронежская область, Новоусманский район, М-4 Дон, 534-й километр, 1",92,1,есть,signal,,18404,Татнефть
2026-10-09T15:54:00+03:00,"Воронежская область, Новоусманский район, М-4 Дон, 534-й километр, 1",95,1,есть,signal,,18404,Татнефть
2026-10-09T15:54:00+03:00,"Воронежская область, Новоусманский район, Рогачёвское сельское поселение",92,1,есть,signal,,18404,Роснефть
2026-10-09T15:54:00+03:00,"Воронежская область, Новоусманский район, Рогачёвское сельское поселение",95,1,есть,signal,,18404,Роснефть
2026-10-09T15:54:00+03:00,"Воронежская область, Рамонский район, Яменское сельское поселение",92,1,есть,signal,,18404,Teboil
2026-10-09T15:54:00+03:00,"Воронежская область, Рамонский район, Яменское сельское поселение",95,1,есть,signal,,18404,Teboil
2026-10-09T15:54:00+03:00,"Воронежская область, Рамонский район, Яменское сельское поселение, хутор Ветряк, Транспортная улица, 6",92,1,есть,signal,,18404,Газпромнефть
2026-10-09T15:54:00+03:00,"Воронежская область, Рамонский район, Яменское сельское поселение, хутор Ветряк, Транспортная улица, 6",95,1,есть,signal,,18404,Газпромнефть
2026-10-09T15:54:00+03:00,"Воронежская область, Семилуки, Транспортная улица, 18А",92,1,есть,signal,,18404,Роснефть
2026-10-09T15:54:00+03:00,"Воронежская область, Семилуки, Транспортная улица, 18А",95,1,есть,signal,,18404,Роснефть
2026-10-09T15:55:00+03:00,"Воронеж, Дорожная улица, 19А",92,1,есть,signal,,18404,Татнефть
2026-10-09T15:55:00+03:00,"Воронеж, Дорожная улица, 19А",95,1,есть,signal,,18404,Татнефть
2026-10-09T15:55:00+03:00,"Воронеж, Кольцовская улица, 24Б",92,1,есть,signal,,18404,ВТК
2026-10-09T15:55:00+03:00,"Воронеж, Кольцовская улица, 24Б",95,1,есть,signal,,18404,ВТК
2026-10-09T15:55:00+03:00,"Воронеж, Ленинский проспект, 154А",92,1,есть,signal,,18404,Татнефть
2026-10-09T15:55:00+03:00,"Воронеж, Ленинский проспект, 154А",95,1,есть,signal,,18404,Татнефть
2026-10-09T15:55:00+03:00,"Воронеж, Ленинский проспект, 176А",92,1,есть,signal,,18404,Газпромнефть
2026-10-09T15:55:00+03:00,"Воронеж, Ленинский проспект, 176А",95,1,есть,signal,,18404,Газпромнефть
2026-10-09T15:55:00+03:00,"Воронеж, Московский проспект, 129/2",92,1,есть,signal,,18404,ВТК
2026-10-09T15:55:00+03:00,"Воронеж, Московский проспект, 129/2",95,1,есть,signal,,18404,ВТК
2026-10-09T15:55:00+03:00,"Воронеж, Московский проспект, 84",100,1,есть,report,51–100 машин,18405,Роснефть
2026-10-09T15:55:00+03:00,"Воронеж, Московский проспект, 84",100,1,есть,summary,51–100 машин,18397,Роснефть
2026-10-09T15:55:00+03:00,"Воронеж, Московский проспект, 84",92,1,есть,report,51–100 машин,18405,Роснефть
2026-10-09T15:55:00+03:00,"Воронеж, Московский проспект, 84",92,1,есть,summary,51–100 машин,18397,Роснефть
2026-10-09T15:55:00+03:00,"Воронеж, Московский проспект, 84",95,1,есть,report,51–100 машин,18405,Роснефть
2026-10-09T15:55:00+03:00,"Воронеж, Московский проспект, 84",95,1,есть,summary,51–100 машин,18397,Роснефть
2026-10-09T15:55:00+03:00,"Воронеж, Московский проспект, 84",95+,1,есть,report,51–100 машин,18405,Роснефть
2026-10-09T15:55:00+03:00,"Воронеж, Московский проспект, 84",95+,1,есть,summary,51–100 машин,18397,Роснефть
2026-10-09T15:55:00+03:00,"Воронеж, Новосибирская улица, 13Д",92,1,есть,signal,,18404,Татнефть
2026-10-09T15:55:00+03:00,"Воронеж, Новосибирская улица, 13Д",95,1,есть,signal,,18404,Татнефть
2026-10-09T15:55:00+03:00,"Воронеж, Солнечная улица, 31Л",92,1,есть,signal,,18404,Teboil
2026-10-09T15:55:00+03:00,"Воронеж, Солнечная улица, 31Л",95,1,есть,signal,,18404,Teboil
2026-10-09T15:55:00+03:00,"Воронеж, набережная Максима Горького, 33А",92,1,есть,signal,,18404,ВТК
2026-10-09T15:55:00+03:00,"Воронеж, набережная Максима Горького, 33А",95,1,есть,signal,,18404,ВТК
2026-10-09T15:55:00+03:00,"Воронеж, переулок Отличников, 43А",92,1,есть,signal,,18404,Роснефть
2026-10-09T15:55:00+03:00,"Воронеж, переулок Отличников, 43А",95,1,есть,signal,,18404,Роснефть
2026-10-09T15:55:00+03:00,"Воронеж, проспект Патриотов, 1А",92,1,есть,signal,,18404,Роснефть
2026-10-09T15:55:00+03:00,"Воронеж, проспект Патриотов, 1А",95,1,есть,signal,,18404,Роснефть
2026-10-09T15:55:00+03:00,"Воронеж, улица Димитрова, 163",92,1,есть,signal,,18404,Роснефть
2026-10-09T15:55:00+03:00,"Воронеж, улица Димитрова, 163",95,1,есть,signal,,18404,Роснефть
2026-10-09T15:55:00+03:00,"Воронеж, улица Любы Шевцовой, 36А",92,1,есть,signal,,18404,Татнефть
2026-10-09T15:55:00+03:00,"Воронеж, улица Любы Шевцовой, 36А",95,1,есть,signal,,18404,Татнефть
2026-10-09T15:55:00+03:00,"Воронежская область, Новоусманский район, М-4 Дон, 534-й километр, 2",92,1,есть,signal,,18404,Татнефть
2026-10-09T15:55:00+03:00,"Воронежская область, Новоусманский район, М-4 Дон, 534-й километр, 2",95,1,есть,signal,,18404,Татнефть
2026-10-09T15:55:00+03:00,"Воронежская область, Рамонский район, Айдаровское сельское поселение, село Чертовицы, улица Мира, 1",92,1,есть,signal,,18404,Лукойл
2026-10-09T15:55:00+03:00,"Воронежская область, Рамонский район, Айдаровское сельское поселение, село Чертовицы, улица Мира, 1",95,1,есть,signal,,18404,Лукойл
2026-10-09T15:55:00+03:00,"Воронежская область, рабочий посёлок Рамонь, Воронежская улица, 19А",92,1,есть,signal,,18404,Роснефть
2026-10-09T15:55:00+03:00,"Воронежская область, рабочий посёлок Рамонь, Воронежская улица, 19А",95,1,есть,signal,,18404,Роснефть
2026-10-09T15:55:00+03:00,"Воронежская область, село Новая Усмань, Дорожная улица, 31",92,1,есть,signal,,18404,Роснефть
2026-10-09T15:55:00+03:00,"Воронежская область, село Новая Усмань, Дорожная улица, 31",95,1,есть,signal,,18404,Роснефть
2026-10-09T15:55:00+03:00,"Воронежская область, село Новая Усмань, улица Ленина, 313/2",92,1,есть,signal,Большая,18404,Роснефть
2026-10-09T15:55:00+03:00,"Воронежская область, село Новая Усмань, улица Ленина, 313/2",95,1,есть,signal,Большая,18404,Роснефть
2026-10-09T15:56:00+03:00,"Воронеж, Острогожская улица, 144",92,1,есть,signal,,18404,Роснефть
2026-10-09T15:56:00+03:00,"Воронеж, Острогожская улица, 144",95,1,есть,signal,,18404,Роснефть
2026-10-09T15:56:00+03:00,"Воронеж, улица Антонова-Овсеенко, 7А",92,1,есть,signal,,18404,ВТК
2026-10-09T15:56:00+03:00,"Воронеж, улица Антонова-Овсеенко, 7А",95,1,есть,signal,,18404,ВТК
2026-10-09T15:56:00+03:00,"Воронеж, улица Героев Сибиряков, 2",92,1,есть,signal,,18404,Газпромнефть
2026-10-09T15:56:00+03:00,"Воронеж, улица Героев Сибиряков, 2",95,1,есть,signal,,18404,Газпромнефть
2026-10-09T15:56:00+03:00,"Воронеж, улица Димитрова, 140Д",92,1,есть,signal,,18404,Teboil
2026-10-09T15:56:00+03:00,"Воронеж, улица Димитрова, 140Д",95,1,есть,signal,,18404,Teboil
2026-10-09T15:56:00+03:00,"Воронеж, улица Землячки, 7А",92,1,есть,signal,,18404,Роснефть
2026-10-09T15:56:00+03:00,"Воронеж, улица Землячки, 7А",95,1,есть,signal,,18404,Роснефть
2026-10-09T15:57:00+03:00,"Воронеж, Московский проспект, 144",92,1,есть,signal,,18404,Роснефть
2026-10-09T15:57:00+03:00,"Воронеж, Московский проспект, 144",95,1,есть,signal,,18404,Роснефть
2026-10-09T16:00:00+03:00,"Воронеж, улица 9 Января, 258А",92,1,есть,report,около часа,18406,Роснефть
2026-10-09T16:00:00+03:00,"Воронеж, улица 9 Января, 258А",92,1,есть,summary,~1 ч,18397,Роснефть
2026-10-09T16:00:00+03:00,"Воронеж, улица 9 Января, 258А",95,1,есть,report,около часа,18406,Роснефть
2026-10-09T16:00:00+03:00,"Воронеж, улица 9 Января, 258А",95,1,есть,summary,~1 ч,18397,Роснефть
2026-10-09T16:00:00+03:00,"Воронеж, улица 9 Января, 258А",95+,1,есть,report,около часа,18406,Роснефть
2026-10-09T16:00:00+03:00,"Воронеж, улица 9 Января, 258А",95+,1,есть,summary,~1 ч,18397,Роснефть
2026-10-09T16:03:00+03:00,"Воронеж, улица Чебышева, 13/1",92,1,есть,report,21–50 машин,18407,Роснефть
2026-10-09T16:03:00+03:00,"Воронеж, улица Чебышева, 13/1",92,1,есть,summary,21–50 машин,18397,Роснефть
2026-10-09T16:03:00+03:00,"Воронеж, улица Чебышева, 13/1",95,1,есть,report,21–50 машин,18407,Роснефть
2026-10-09T16:03:00+03:00,"Воронеж, улица Чебышева, 13/1",95,1,есть,summary,21–50 машин,18397,Роснефть
2026-10-09T16:03:00+03:00,"Воронеж, улица Чебышева, 13/1",95+,1,есть,report,21–50 машин,18407,Роснефть
2026-10-09T16:03:00+03:00,"Воронеж, улица Чебышева, 13/1",95+,1,есть,summary,21–50 машин,18397,Роснефть
2026-10-09T16:05:00+03:00,"Воронеж, улица Героев Сибиряков, 2",92,1,есть,signal,,18404,Газпромнефть
2026-10-09T16:05:00+03:00,"Воронеж, улица Героев Сибиряков, 2",95,1,есть,signal,,18404,Газпромнефть
2026-10-09T16:05:00+03:00,"Воронеж, улица Димитрова, 140Д",92,1,есть,signal,,18404,Teboil
2026-10-09T16:05:00+03:00,"Воронеж, улица Димитрова, 140Д",95,1,есть,signal,,18404,Teboil
2026-10-09T16:06:00+03:00,"Воронеж, Новосибирская улица, 84Б",92,1,есть,signal,,18404,Газпромнефть
2026-10-09T16:06:00+03:00,"Воронеж, Новосибирская улица, 84Б",95,1,есть,signal,,18404,Газпромнефть
2026-10-09T16:06:00+03:00,"Воронежская область, Рамонский район, Яменское сельское поселение, посёлок Солнечный, Парковая улица, 7",92,1,есть,signal,,18404,Лукойл
2026-10-09T16:06:00+03:00,"Воронежская область, рабочий посёлок Рамонь, Воронежская улица, 19А",92,1,есть,signal,,18404,Роснефть
2026-10-09T16:06:00+03:00,"Воронежская область, рабочий посёлок Рамонь, Воронежская улица, 19А",95,1,есть,signal,,18404,Роснефть
2026-10-09T16:07:00+03:00,"Воронеж, Спокойный переулок, 24А",92,1,есть,signal,,18404,Роснефть
2026-10-09T16:07:00+03:00,"Воронеж, Спокойный переулок, 24А",95,1,есть,signal,,18404,Роснефть
2026-10-09T16:07:00+03:00,"Воронеж, улица Ворошилова",92,1,есть,signal,,18404,Газпромнефть
2026-10-09T16:07:00+03:00,"Воронеж, улица Ворошилова",95,1,есть,signal,,18404,Газпромнефть
2026-10-09T16:07:00+03:00,"Воронеж, улица Героев Сибиряков, 1Л",92,1,есть,signal,Нет,18404,Teboil
2026-10-09T16:07:00+03:00,"Воронеж, улица Героев Сибиряков, 1Л",95,1,есть,signal,Нет,18404,Teboil
2026-10-09T16:07:00+03:00,"Воронеж, улица Любы Шевцовой, 36А",92,1,есть,signal,,18404,Татнефть
2026-10-09T16:07:00+03:00,"Воронеж, улица Любы Шевцовой, 36А",95,1,есть,signal,,18404,Татнефть
2026-10-09T16:07:00+03:00,"Воронеж, улица Остужева, 35",95,1,есть,signal,,18404,Teboil
2026-10-09T16:07:00+03:00,"Воронежская область, Рамонский район, Яменское сельское поселение, хутор Ветряк, Транспортная улица, 6",92,1,есть,signal,Нет,18404,Газпромнефть
2026-10-09T16:07:00+03:00,"Воронежская область, Рамонский район, Яменское сельское поселение, хутор Ветряк, Транспортная улица, 6",95,1,есть,signal,Нет,18404,Газпромнефть
2026-10-09T16:08:00+03:00,"Воронеж, Волгоградская улица, 41",92,1,есть,signal,,18404,Татнефть
2026-10-09T16:08:00+03:00,"Воронеж, Волгоградская улица, 41",95,1,есть,signal,,18404,Татнефть
2026-10-09T16:08:00+03:00,"Воронеж, улица 9 Января, 223А",92,1,есть,signal,,18404,Татнефть
2026-10-09T16:08:00+03:00,"Воронеж, улица 9 Января, 223А",95,1,есть,signal,,18404,Татнефть
2026-10-09T16:08:00+03:00,"Воронежская область, Новоусманский район, М-4 Дон, 534-й километр, 1",92,1,есть,signal,,18404,Татнефть
2026-10-09T16:08:00+03:00,"Воронежская область, Новоусманский район, М-4 Дон, 534-й километр, 1",95,1,есть,signal,,18404,Татнефть
2026-10-09T16:08:00+03:00,"Воронежская область, Рамонский район, Айдаровское сельское поселение, село Чертовицы, улица Мира, 1",95,1,есть,signal,,18404,Лукойл
2026-10-09T16:08:00+03:00,"Воронежская область, Рамонский район, Горожанское сельское поселение",92,1,есть,signal,,18404,Роснефть
2026-10-09T16:08:00+03:00,"Воронежская область, Рамонский район, Горожанское сельское поселение",95,1,есть,signal,,18404,Роснефть
2026-10-09T16:08:00+03:00,"городской округ Воронеж, Железнодорожный район",92,1,есть,signal,,18404,ВТК
2026-10-09T16:08:00+03:00,"городской округ Воронеж, Железнодорожный район",95,1,есть,signal,,18404,ВТК
2026-10-09T16:09:00+03:00,"Воронеж, переулок Отличников, 43А",92,1,есть,signal,,18404,Роснефть
2026-10-09T16:09:00+03:00,"Воронеж, переулок Отличников, 43А",95,1,есть,signal,,18404,Роснефть
2026-10-09T16:09:00+03:00,"Воронеж, улица Димитрова, 163",95,1,есть,report,21–50 машин,18408,Роснефть
2026-10-09T16:09:00+03:00,"Воронеж, улица Димитрова, 163",95,1,есть,summary,21–50 машин,18397,Роснефть
2026-10-09T16:09:00+03:00,"Воронежская область, Рамонский район, Яменское сельское поселение, посёлок Солнечный, улица Московское шоссе, 2",92,1,есть,signal,,18404,Газпромнефть
2026-10-09T16:09:00+03:00,"Воронежская область, Семилуки, Транспортная улица, 18А",92,1,есть,signal,,18404,Роснефть
2026-10-09T16:09:00+03:00,"Воронежская область, Семилуки, Транспортная улица, 18А",95,1,есть,signal,,18404,Роснефть
2026-10-09T16:10:00+03:00,"Воронеж, Дорожная улица, 1Б",92,1,есть,signal,,18404,ВТК
2026-10-09T16:10:00+03:00,"Воронеж, Дорожная улица, 1Б",95,1,есть,signal,,18404,ВТК
2026-10-09T16:10:00+03:00,"Воронеж, Кольцовская улица, 24Б",92,1,есть,signal,,18404,ВТК
2026-10-09T16:10:00+03:00,"Воронеж, Кольцовская улица, 24Б",95,1,есть,signal,,18404,ВТК
2026-10-09T16:10:00+03:00,"Воронеж, Ленинский проспект, 182",92,1,есть,signal,,18404,Роснефть
2026-10-09T16:10:00+03:00,"Воронеж, Ленинский проспект, 182",95,1,есть,signal,,18404,Роснефть
2026-10-09T16:10:00+03:00,"Воронеж, Новосибирская улица, 13Д",92,1,есть,signal,,18404,Татнефть
2026-10-09T16:10:00+03:00,"Воронеж, Новосибирская улица, 13Д",95,1,есть,signal,,18404,Татнефть
2026-10-09T16:10:00+03:00,"Воронеж, Новосибирская улица, 2А",92,1,есть,signal,,18404,Татнефть
2026-10-09T16:10:00+03:00,"Воронеж, Новосибирская улица, 2А",95,1,есть,signal,,18404,Татнефть
2026-10-09T16:10:00+03:00,"Воронеж, Солнечная улица, 31Л",92,1,есть,signal,,18404,Teboil
2026-10-09T16:10:00+03:00,"Воронеж, Солнечная улица, 31Л",95,1,есть,signal,,18404,Teboil
2026-10-09T16:10:00+03:00,"Воронеж, улица Урицкого, 58А",92,1,есть,signal,,18404,ВТК
2026-10-09T16:10:00+03:00,"Воронеж, улица Урицкого, 58А",95,1,есть,signal,,18404,ВТК
2026-10-09T16:10:00+03:00,"Воронежская область, Новоусманский район, М-4 Дон, 531-й километр, 1",92,1,есть,signal,,18404,Лукойл
2026-10-09T16:10:00+03:00,"Воронежская область, Новоусманский район, М-4 Дон, 531-й километр, 1",95,1,есть,signal,,18404,Лукойл
2026-10-09T16:11:00+03:00,"Воронеж, Ленинский проспект, 154А",98,1,есть,report,20-30 машин,18409,Татнефть
2026-10-09T16:11:00+03:00,"Воронеж, Ленинский проспект, 154А",98,1,есть,summary,~20-30,18397,Татнефть
2026-10-09T16:11:00+03:00,"Воронеж, Московский проспект, 144",92,1,есть,signal,,18404,Роснефть
2026-10-09T16:11:00+03:00,"Воронеж, Московский проспект, 144",95,1,есть,signal,,18404,Роснефть
2026-10-09T16:11:00+03:00,"Воронеж, Острогожская улица, 144",92,1,есть,signal,,18404,Роснефть
2026-10-09T16:11:00+03:00,"Воронеж, Острогожская улица, 144",95,1,есть,signal,,18404,Роснефть
2026-10-09T16:11:00+03:00,"Воронеж, Холмистая улица, 66",92,1,есть,signal,,18404,Газпромнефть
2026-10-09T16:11:00+03:00,"Воронеж, Холмистая улица, 66",95,1,есть,signal,,18404,Газпромнефть
2026-10-09T16:11:00+03:00,"Воронеж, улица 9 Января, 104",92,1,есть,signal,,18404,ВТК
2026-10-09T16:11:00+03:00,"Воронеж, улица 9 Января, 104",95,1,есть,signal,,18404,ВТК
2026-10-09T16:11:00+03:00,"Воронеж, улица Антонова-Овсеенко, 7А",92,1,есть,signal,,18404,ВТК
2026-10-09T16:11:00+03:00,"Воронеж, улица Антонова-Овсеенко, 7А",95,1,есть,signal,,18404,ВТК
2026-10-09T16:11:00+03:00,"Воронеж, улица Землячки, 7А",92,1,есть,signal,,18404,Роснефть
2026-10-09T16:11:00+03:00,"Воронеж, улица Землячки, 7А",95,1,есть,signal,,18404,Роснефть
2026-10-09T16:11:00+03:00,"Воронеж, улица Рылеева, 22Н",95,1,есть,signal,,18404,Teboil
2026-10-09T16:11:00+03:00,"Воронеж, улица Хользунова, 99А",92,1,есть,signal,,18404,Татнефть
2026-10-09T16:11:00+03:00,"Воронеж, улица Хользунова, 99А",95,1,есть,signal,,18404,Татнефть
2026-10-09T16:11:00+03:00,"Воронежская область, Новоусманский район, М-4 Дон, 534-й километр, 2",92,1,есть,signal,,18404,Татнефть
2026-10-09T16:11:00+03:00,"Воронежская область, Новоусманский район, М-4 Дон, 534-й километр, 2",95,1,есть,signal,,18404,Татнефть
2026-10-09T16:11:00+03:00,"Воронежская область, село Новая Усмань, улица Ленина, 313/2",92,1,есть,signal,Большая,18404,Роснефть
2026-10-09T16:11:00+03:00,"Воронежская область, село Новая Усмань, улица Ленина, 313/2",95,1,есть,signal,Большая,18404,Роснефть
2026-10-09T16:12:00+03:00,"Воронеж, Ленинский проспект, 176А",92,1,есть,signal,,18404,Газпромнефть
2026-10-09T16:12:00+03:00,"Воронеж, Ленинский проспект, 176А",95,1,есть,signal,,18404,Газпромнефть
2026-10-09T16:12:00+03:00,"Воронеж, проспект Труда, 107А",92,1,есть,signal,,18404,Татнефть
2026-10-09T16:12:00+03:00,"Воронеж, проспект Труда, 107А",95,1,есть,signal,,18404,Татнефть
2026-10-09T16:12:00+03:00,"Воронеж, улица Свободы, 79Б",92,1,есть,signal,,18404,ВТК
2026-10-09T16:12:00+03:00,"Воронеж, улица Свободы, 79Б",95,1,есть,signal,,18404,ВТК
2026-10-09T16:13:00+03:00,"Воронеж, улица Остужева, 51",92,1,есть,signal,,18404,Газпромнефть
2026-10-09T16:13:00+03:00,"Воронеж, улица Остужева, 51",95,1,есть,signal,,18404,Газпромнефть
2026-10-09T16:14:00+03:00,"Воронеж, улица Антонова-Овсеенко, 35А",92,1,есть,report,51–100 машин,18401,Роснефть
2026-10-09T16:14:00+03:00,"Воронеж, улица Антонова-Овсеенко, 35А",92,1,есть,summary,51–100 машин,18397,Роснефть
2026-10-09T16:14:00+03:00,"Воронеж, улица Антонова-Овсеенко, 35А",95,1,есть,report,51–100 машин,18401,Роснефть
2026-10-09T16:14:00+03:00,"Воронеж, улица Антонова-Овсеенко, 35А",95,1,есть,summary,51–100 машин,18397,Роснефть
2026-10-09T16:14:00+03:00,"Воронеж, улица Ворошилова",92,1,есть,signal,,18404,Газпромнефть
2026-10-09T16:14:00+03:00,"Воронеж, улица Ворошилова",95,1,есть,signal,,18404,Газпромнефть
2026-10-09T16:15:00+03:00,"Воронежская область, Новоусманский район, Никольское сельское поселение, посёлок совхоза ""Воронежский"", Советская улица, 41А",95,1,есть,signal,,18404,Лукойл
2026-10-09T16:16:00+03:00,"Воронеж, Московский проспект, 4А",92,1,есть,signal,,18404,Роснефть
2026-10-09T16:16:00+03:00,"Воронеж, Московский проспект, 4А",95,1,есть,signal,,18404,Роснефть
2026-10-09T16:16:00+03:00,"Воронеж, улица Рылеева, 22Н",95,1,есть,signal,Нет,18404,Teboil
2026-10-09T16:17:00+03:00,"Воронеж, Спокойный переулок, 24А",92,1,есть,signal,,18404,Роснефть
2026-10-09T16:17:00+03:00,"Воронеж, Спокойный переулок, 24А",95,1,есть,signal,,18404,Роснефть
2026-10-09T16:17:00+03:00,"Воронеж, проспект Труда, 107А",92,1,есть,signal,,18404,Татнефть
2026-10-09T16:17:00+03:00,"Воронеж, проспект Труда, 107А",95,1,есть,signal,,18404,Татнефть
2026-10-09T16:17:00+03:00,"Воронеж, улица Димитрова, 140Д",92,1,есть,signal,,18404,Teboil
2026-10-09T16:17:00+03:00,"Воронеж, улица Димитрова, 140Д",95,1,есть,signal,,18404,Teboil
2026-10-09T16:17:00+03:00,"Воронеж, улица Космонавтов, 6А",92,1,есть,signal,Нет,18404,Роснефть
2026-10-09T16:17:00+03:00,"Воронеж, улица Космонавтов, 6А",95,1,есть,signal,Нет,18404,Роснефть
2026-10-09T16:17:00+03:00,"Воронежская область, Новоусманский район, М-4 Дон, 534-й километр, 2",92,1,есть,signal,,18404,Татнефть
2026-10-09T16:17:00+03:00,"Воронежская область, Новоусманский район, М-4 Дон, 534-й километр, 2",95,1,есть,signal,,18404,Татнефть
2026-10-09T16:17:00+03:00,"Воронежская область, Семилуки, Транспортная улица, 18А",92,1,есть,signal,,18404,Роснефть
2026-10-09T16:17:00+03:00,"Воронежская область, Семилуки, Транспортная улица, 18А",95,1,есть,signal,,18404,Роснефть
2026-10-09T16:17:00+03:00,"Воронежская область, рабочий посёлок Рамонь, Воронежская улица, 19А",92,1,есть,signal,,18404,Роснефть
2026-10-09T16:17:00+03:00,"Воронежская область, рабочий посёлок Рамонь, Воронежская улица, 19А",95,1,есть,signal,,18404,Роснефть
2026-10-09T16:18:00+03:00,"Воронеж, Дорожная улица, 19А",92,1,есть,signal,,18404,Татнефть
2026-10-09T16:18:00+03:00,"Воронеж, Дорожная улица, 19А",95,1,есть,signal,,18404,Татнефть
2026-10-09T16:18:00+03:00,"Воронеж, Ленинский проспект, 176А",92,1,есть,signal,,18404,Газпромнефть
2026-10-09T16:18:00+03:00,"Воронеж, Ленинский проспект, 176А",95,1,есть,signal,,18404,Газпромнефть
2026-10-09T16:18:00+03:00,"Воронеж, Солнечная улица, 31Л",95,1,есть,signal,,18404,Teboil
2026-10-09T16:18:00+03:00,"Воронеж, Холмистая улица, 66",92,1,есть,signal,,18404,Газпромнефть
2026-10-09T16:18:00+03:00,"Воронеж, Холмистая улица, 66",95,1,есть,signal,,18404,Газпромнефть
2026-10-09T16:18:00+03:00,"Воронеж, проспект Патриотов, 1А",92,1,есть,signal,,18404,Роснефть
2026-10-09T16:18:00+03:00,"Воронеж, проспект Патриотов, 1А",95,1,есть,signal,,18404,Роснефть
2026-10-09T16:18:00+03:00,"Воронеж, улица 45-й Стрелковой Дивизии, 238",92,1,есть,signal,,18404,Роснефть
2026-10-09T16:18:00+03:00,"Воронеж, улица 45-й Стрелковой Дивизии, 238",95,1,есть,signal,,18404,Роснефть
2026-10-09T16:18:00+03:00,"Воронеж, улица Героев Сибиряков, 1Л",92,1,есть,signal,Нет,18404,Teboil
2026-10-09T16:18:00+03:00,"Воронеж, улица Героев Сибиряков, 1Л",95,1,есть,signal,Нет,18404,Teboil
2026-10-09T16:18:00+03:00,"Воронеж, улица Урицкого, 58А",92,1,есть,signal,,18404,ВТК
2026-10-09T16:18:00+03:00,"Воронеж, улица Урицкого, 58А",95,1,есть,signal,,18404,ВТК
2026-10-09T16:18:00+03:00,"Воронежская область, Новоусманский район, М-4 Дон, 534-й километр, 1",92,1,есть,signal,,18404,Татнефть
2026-10-09T16:18:00+03:00,"Воронежская область, Новоусманский район, М-4 Дон, 534-й километр, 1",95,1,есть,signal,,18404,Татнефть
2026-10-09T16:18:00+03:00,"Воронежская область, Рамонский район, Яменское сельское поселение",92,1,есть,signal,,18404,Teboil
2026-10-09T16:18:00+03:00,"Воронежская область, Рамонский район, Яменское сельское поселение",95,1,есть,signal,,18404,Teboil
2026-10-09T16:18:00+03:00,"Воронежская область, село Новая Усмань, Дорожная улица, 31",92,1,есть,signal,,18404,Роснефть
2026-10-09T16:18:00+03:00,"Воронежская область, село Новая Усмань, Дорожная улица, 31",95,1,есть,signal,,18404,Роснефть
2026-10-09T16:18:00+03:00,"Воронежская область, село Новая Усмань, улица Ленина, 313/2",92,1,есть,signal,Большая,18404,Роснефть
2026-10-09T16:18:00+03:00,"Воронежская область, село Новая Усмань, улица Ленина, 313/2",95,1,есть,signal,Большая,18404,Роснефть
2026-10-09T16:19:00+03:00,"Воронеж, Московский проспект, 7А",92,1,есть,signal,,18404,Teboil
2026-10-09T16:19:00+03:00,"Воронеж, Московский проспект, 7А",95,1,есть,signal,,18404,Teboil
2026-10-09T16:19:00+03:00,"Воронеж, Новосибирская улица, 13Д",92,1,есть,signal,,18404,Татнефть
2026-10-09T16:19:00+03:00,"Воронеж, Новосибирская улица, 13Д",95,1,есть,signal,,18404,Татнефть
2026-10-09T16:19:00+03:00,"Воронеж, Новосибирская улица, 84Б",92,1,есть,signal,,18404,Газпромнефть
2026-10-09T16:19:00+03:00,"Воронеж, Новосибирская улица, 84Б",95,1,есть,signal,,18404,Газпромнефть
2026-10-09T16:19:00+03:00,"Воронеж, Острогожская улица, 144",92,1,есть,signal,,18404,Роснефть
2026-10-09T16:19:00+03:00,"Воронеж, Острогожская улица, 144",95,1,есть,signal,,18404,Роснефть
2026-10-09T16:19:00+03:00,"Воронеж, переулок Отличников, 43А",92,1,есть,signal,,18404,Роснефть
2026-10-09T16:19:00+03:00,"Воронеж, переулок Отличников, 43А",95,1,есть,signal,,18404,Роснефть
2026-10-09T16:19:00+03:00,"Воронеж, улица Антонова-Овсеенко, 7А",92,1,есть,signal,,18404,ВТК
2026-10-09T16:19:00+03:00,"Воронеж, улица Антонова-Овсеенко, 7А",95,1,есть,signal,,18404,ВТК
2026-10-09T16:19:00+03:00,"Воронеж, улица Героев Сибиряков, 2",92,1,есть,signal,,18404,Газпромнефть
2026-10-09T16:19:00+03:00,"Воронеж, улица Героев Сибиряков, 2",95,1,есть,signal,,18404,Газпромнефть
2026-10-09T16:19:00+03:00,"Воронеж, улица Остужева, 51",92,1,есть,signal,,18404,Газпромнефть
2026-10-09T16:19:00+03:00,"Воронеж, улица Остужева, 51",95,1,есть,signal,,18404,Газпромнефть
2026-10-09T16:19:00+03:00,"Воронежская область, Новоусманский район, М-4 Дон, 531-й километр, 1",92,1,есть,signal,,18404,Лукойл
2026-10-09T16:19:00+03:00,"Воронежская область, Новоусманский район, М-4 Дон, 531-й километр, 1",95,1,есть,signal,,18404,Лукойл
2026-10-09T16:19:00+03:00,"Воронежская область, Рамонский район, Яменское сельское поселение, посёлок Солнечный, улица Московское шоссе, 2",92,1,есть,signal,,18404,Газпромнефть
2026-10-09T16:19:00+03:00,"Воронежская область, Рамонский район, Яменское сельское поселение, посёлок Солнечный, улица Московское шоссе, 2",95,1,есть,signal,,18404,Газпромнефть
2026-10-09T16:20:00+03:00,"Воронеж, Московский проспект, 144",92,1,есть,signal,,18404,Роснефть
2026-10-09T16:20:00+03:00,"Воронеж, Московский проспект, 144",95,1,есть,signal,,18404,Роснефть
2026-10-09T16:20:00+03:00,"Воронеж, улица Любы Шевцовой, 36А",92,1,есть,signal,,18404,Татнефть
2026-10-09T16:20:00+03:00,"Воронеж, улица Любы Шевцовой, 36А",95,1,есть,signal,,18404,Татнефть
2026-10-09T16:20:00+03:00,"Воронеж, улица Хользунова, 99А",92,1,есть,signal,,18404,Татнефть
2026-10-09T16:20:00+03:00,"Воронеж, улица Хользунова, 99А",95,1,есть,signal,,18404,Татнефть
2026-10-09T16:20:00+03:00,"Воронежская область, Рамонский район, Айдаровское сельское поселение, село Чертовицы, улица Мира, 1",95,1,есть,signal,,18404,Лукойл
2026-10-09T16:21:00+03:00,"Воронеж, Московский проспект, 129/2",92,1,есть,signal,,18404,ВТК
2026-10-09T16:21:00+03:00,"Воронеж, Московский проспект, 129/2",95,1,есть,signal,,18404,ВТК
2026-10-09T16:21:00+03:00,"Воронеж, Новосибирская улица, 2А",92,1,есть,signal,,18404,Татнефть
2026-10-09T16:21:00+03:00,"Воронеж, Новосибирская улица, 2А",95,1,есть,signal,,18404,Татнефть
2026-10-09T16:21:00+03:00,"Воронеж, Солнечная улица, 31Л",95,1,есть,signal,,18404,Teboil
2026-10-09T16:21:00+03:00,"Воронеж, проспект Патриотов, 1А",92,1,есть,signal,,18404,Роснефть
2026-10-09T16:21:00+03:00,"Воронеж, проспект Патриотов, 1А",95,1,есть,signal,,18404,Роснефть
2026-10-09T16:21:00+03:00,"Воронеж, улица 9 Января, 245А",92,1,есть,signal,,18404,Роснефть
2026-10-09T16:21:00+03:00,"Воронеж, улица 9 Января, 245А",95,1,есть,signal,,18404,Роснефть
2026-10-09T16:21:00+03:00,"Воронеж, улица Димитрова, 140Д",92,1,есть,signal,,18404,Teboil
2026-10-09T16:21:00+03:00,"Воронеж, улица Димитрова, 140Д",95,1,есть,signal,,18404,Teboil
2026-10-09T16:21:00+03:00,"Воронежская область, Новоусманский район, Рогачёвское сельское поселение",92,1,есть,signal,,18404,Роснефть
2026-10-09T16:21:00+03:00,"Воронежская область, Новоусманский район, Рогачёвское сельское поселение",95,1,есть,signal,,18404,Роснефть
2026-10-09T16:21:00+03:00,"Воронежская область, Рамонский район, Яменское сельское поселение, хутор Ветряк, Транспортная улица, 6",92,1,есть,signal,,18404,Газпромнефть
2026-10-09T16:21:00+03:00,"Воронежская область, Рамонский район, Яменское сельское поселение, хутор Ветряк, Транспортная улица, 6",95,1,есть,signal,,18404,Газпромнефть
2026-10-09T16:22:00+03:00,"Воронеж, улица Степана Солодовникова, 6",92,1,есть,signal,,18404,Лукойл
2026-10-09T16:22:00+03:00,"Воронеж, улица Степана Солодовникова, 6",95,1,есть,signal,,18404,Лукойл
2026-10-09T16:22:00+03:00,"Воронежская область, Новоусманский район, М-4 Дон, 534-й километр, 1",92,1,есть,signal,,18404,Татнефть
2026-10-09T16:22:00+03:00,"Воронежская область, Новоусманский район, М-4 Дон, 534-й километр, 1",95,1,есть,signal,,18404,Татнефть
2026-10-09T16:22:00+03:00,"Воронежская область, село Новая Усмань, Ростовская улица, 133А",92,1,есть,signal,,18404,Газпромнефть
2026-10-09T16:22:00+03:00,"Воронежская область, село Новая Усмань, Ростовская улица, 133А",95,1,есть,signal,,18404,Газпромнефть
2026-10-09T16:23:00+03:00,"Воронеж, Спокойный переулок, 24А",92,1,есть,signal,,18404,Роснефть
2026-10-09T16:23:00+03:00,"Воронеж, Спокойный переулок, 24А",95,1,есть,signal,,18404,Роснефть
2026-10-09T16:23:00+03:00,"Воронежская область, Новоусманский район, М-4 Дон, 531-й километр, 1",92,1,есть,signal,,18404,Лукойл
2026-10-09T16:23:00+03:00,"Воронежская область, Новоусманский район, М-4 Дон, 531-й километр, 1",95,1,есть,signal,,18404,Лукойл
2026-10-09T16:24:00+03:00,"Воронеж, улица 9 Января, 104",92,1,есть,signal,,18404,ВТК
2026-10-09T16:24:00+03:00,"Воронеж, улица 9 Января, 104",95,1,есть,signal,,18404,ВТК
2026-10-09T16:24:00+03:00,"Воронеж, улица Космонавтов, 6А",92,1,есть,signal,,18404,Роснефть
2026-10-09T16:24:00+03:00,"Воронеж, улица Космонавтов, 6А",95,1,есть,signal,,18404,Роснефть
2026-10-09T16:24:00+03:00,"Воронеж, улица Рылеева, 22Н",92,1,есть,signal,,18404,Teboil
2026-10-09T16:24:00+03:00,"Воронеж, улица Рылеева, 22Н",95,1,есть,signal,,18404,Teboil
2026-10-09T16:24:00+03:00,"Воронеж, улица Урицкого, 58А",92,1,есть,signal,,18404,ВТК
2026-10-09T16:24:00+03:00,"Воронеж, улица Урицкого, 58А",95,1,есть,signal,,18404,ВТК
2026-10-09T16:24:00+03:00,"Воронеж, улица Хользунова, 99А",92,1,есть,signal,,18404,Татнефть
2026-10-09T16:24:00+03:00,"Воронеж, улица Хользунова, 99А",95,1,есть,signal,,18404,Татнефть
2026-10-09T16:24:00+03:00,"Воронежская область, Семилуки, Транспортная улица, 18А",92,1,есть,signal,,18404,Роснефть
2026-10-09T16:24:00+03:00,"Воронежская область, Семилуки, Транспортная улица, 18А",95,1,есть,signal,,18404,Роснефть
2026-10-09T16:24:00+03:00,"Воронежская область, село Новая Усмань, Дорожная улица, 31",92,1,есть,signal,,18404,Роснефть
2026-10-09T16:24:00+03:00,"Воронежская область, село Новая Усмань, Дорожная улица, 31",95,1,есть,signal,,18404,Роснефть
2026-10-09T16:25:00+03:00,"Воронеж, Волгоградская улица, 41",92,1,есть,signal,,18404,Татнефть
2026-10-09T16:25:00+03:00,"Воронеж, Волгоградская улица, 41",95,1,есть,signal,,18404,Татнефть
2026-10-09T16:25:00+03:00,"Воронеж, Острогожская улица, 144",92,1,есть,signal,,18404,Роснефть
2026-10-09T16:25:00+03:00,"Воронеж, Острогожская улица, 144",95,1,есть,signal,,18404,Роснефть
2026-10-09T16:25:00+03:00,"Воронеж, переулок Отличников, 43А",92,1,есть,signal,,18404,Роснефть
2026-10-09T16:25:00+03:00,"Воронеж, переулок Отличников, 43А",95,1,есть,signal,,18404,Роснефть
2026-10-09T16:25:00+03:00,"Воронеж, улица 9 Января, 223А",92,1,есть,signal,,18404,Татнефть
2026-10-09T16:25:00+03:00,"Воронеж, улица 9 Января, 223А",95,1,есть,signal,,18404,Татнефть
2026-10-09T16:25:00+03:00,"Воронеж, улица Антонова-Овсеенко, 7А",92,1,есть,signal,,18404,ВТК
2026-10-09T16:25:00+03:00,"Воронеж, улица Антонова-Овсеенко, 7А",95,1,есть,signal,,18404,ВТК
2026-10-09T16:25:00+03:00,"Воронежская область, Семилукский район, Девицкое сельское поселение",92,1,есть,signal,,18404,Роснефть
2026-10-09T16:25:00+03:00,"Воронежская область, Семилукский район, Девицкое сельское поселение",95,1,есть,signal,,18404,Роснефть
2026-10-09T16:26:00+03:00,"Воронеж, Новосибирская улица, 13Д",92,1,есть,signal,,18404,Татнефть
2026-10-09T16:26:00+03:00,"Воронеж, Новосибирская улица, 13Д",95,1,есть,signal,,18404,Татнефть
2026-10-09T16:26:00+03:00,"Воронеж, Новосибирская улица, 84Б",92,1,есть,signal,,18404,Газпромнефть
2026-10-09T16:26:00+03:00,"Воронеж, Новосибирская улица, 84Б",95,1,есть,signal,,18404,Газпромнефть
2026-10-09T16:26:00+03:00,"Воронеж, Холмистая улица, 66",92,1,есть,signal,,18404,Газпромнефть
2026-10-09T16:26:00+03:00,"Воронеж, Холмистая улица, 66",95,1,есть,signal,,18404,Газпромнефть
2026-10-09T16:26:00+03:00,"Воронеж, улица 45-й Стрелковой Дивизии, 238",92,1,есть,signal,,18404,Роснефть
2026-10-09T16:26:00+03:00,"Воронеж, улица 45-й Стрелковой Дивизии, 238",95,1,есть,signal,,18404,Роснефть
2026-10-09T16:26:00+03:00,"Воронеж, улица Героев Сибиряков, 2",92,1,есть,signal,,18404,Газпромнефть
2026-10-09T16:26:00+03:00,"Воронеж, улица Героев Сибиряков, 2",95,1,есть,signal,,18404,Газпромнефть
2026-10-09T16:26:00+03:00,"Воронеж, улица Землячки, 7А",92,1,есть,report,51–100 машин,18410,Роснефть
2026-10-09T16:26:00+03:00,"Воронеж, улица Землячки, 7А",92,1,есть,summary,51–100 машин,18397,Роснефть
2026-10-09T16:26:00+03:00,"Воронеж, улица Землячки, 7А",95,1,есть,report,51–100 машин,18410,Роснефть
2026-10-09T16:26:00+03:00,"Воронеж, улица Землячки, 7А",95,1,есть,summary,51–100 машин,18397,Роснефть
2026-10-09T16:26:00+03:00,"Воронеж, улица Остужева, 51",92,1,есть,signal,,18404,Газпромнефть
2026-10-09T16:26:00+03:00,"Воронеж, улица Остужева, 51",95,1,есть,signal,,18404,Газпромнефть
2026-10-09T16:26:00+03:00,"Воронеж, улица Свободы, 79Б",92,1,есть,signal,,18404,ВТК
2026-10-09T16:26:00+03:00,"Воронеж, улица Свободы, 79Б",95,1,есть,signal,,18404,ВТК
2026-10-09T16:26:00+03:00,"Воронежская область, Новоусманский район, М-4 Дон, 534-й километр, 2",92,1,есть,signal,,18404,Татнефть
2026-10-09T16:26:00+03:00,"Воронежская область, Новоусманский район, М-4 Дон, 534-й километр, 2",95,1,есть,signal,,18404,Татнефть
2026-10-09T16:26:00+03:00,"Воронежская область, Рамонский район, Яменское сельское поселение, хутор Ветряк, Транспортная улица, 6",92,1,есть,signal,,18404,Газпромнефть
2026-10-09T16:26:00+03:00,"Воронежская область, Рамонский район, Яменское сельское поселение, хутор Ветряк, Транспортная улица, 6",95,1,есть,signal,,18404,Газпромнефть
2026-10-09T16:27:00+03:00,"Воронеж, Московский проспект, 7А",92,1,есть,signal,,18404,Teboil
2026-10-09T16:27:00+03:00,"Воронеж, Московский проспект, 7А",95,1,есть,signal,,18404,Teboil
2026-10-09T16:27:00+03:00,"Воронеж, улица Любы Шевцовой, 36А",92,1,есть,signal,,18404,Татнефть
2026-10-09T16:27:00+03:00,"Воронеж, улица Любы Шевцовой, 36А",95,1,есть,signal,,18404,Татнефть
2026-10-09T16:27:00+03:00,"Воронежская область, Рамонский район, М-4 Дон, 485-й километр, 1",92,1,есть,signal,,18404,Teboil
2026-10-09T16:27:00+03:00,"Воронежская область, Рамонский район, М-4 Дон, 485-й километр, 1",95,1,есть,signal,,18404,Teboil
2026-10-09T16:27:00+03:00,"Воронежская область, рабочий посёлок Рамонь, Воронежская улица, 19А",92,1,есть,signal,,18404,Роснефть
2026-10-09T16:27:00+03:00,"Воронежская область, рабочий посёлок Рамонь, Воронежская улица, 19А",95,1,есть,signal,,18404,Роснефть
2026-10-09T16:27:00+03:00,"Воронежская область, село Новая Усмань, улица Ленина, 313/2",92,1,есть,signal,,18404,Роснефть
2026-10-09T16:27:00+03:00,"Воронежская область, село Новая Усмань, улица Ленина, 313/2",95,1,есть,signal,,18404,Роснефть
2026-10-09T16:28:00+03:00,"Воронеж, Спокойный переулок, 24А",92,1,есть,signal,,18404,Роснефть
2026-10-09T16:28:00+03:00,"Воронеж, Спокойный переулок, 24А",95,1,есть,signal,,18404,Роснефть
2026-10-09T16:28:00+03:00,"Воронеж, проспект Патриотов, 60Б",92,1,есть,report,от светофора,18411,АЗС Газпром
2026-10-09T16:28:00+03:00,"Воронеж, проспект Патриотов, 60Б",95,1,есть,report,от светофора,18411,АЗС Газпром
2026-10-09T16:28:00+03:00,"Воронеж, улица Героев Сибиряков, 1Л",92,1,есть,signal,,18404,Teboil
2026-10-09T16:28:00+03:00,"Воронеж, улица Героев Сибиряков, 1Л",95,1,есть,signal,,18404,Teboil
2026-10-09T16:28:00+03:00,"Воронеж, улица Остужева, 37",95,1,есть,signal,,18404,Лукойл
2026-10-09T16:28:00+03:00,"Воронежская область, Новоусманский район, М-4 Дон, 534-й километр, 1",92,1,есть,signal,,18404,Татнефть
2026-10-09T16:28:00+03:00,"Воронежская область, Новоусманский район, М-4 Дон, 534-й километр, 1",95,1,есть,signal,,18404,Татнефть
2026-10-09T16:28:00+03:00,"Воронежская область, Рамонский район, Яменское сельское поселение, посёлок Солнечный, улица Московское шоссе, 2",92,1,есть,signal,,18404,Газпромнефть
2026-10-09T16:28:00+03:00,"Воронежская область, Рамонский район, Яменское сельское поселение, посёлок Солнечный, улица Московское шоссе, 2",95,1,есть,signal,,18404,Газпромнефть
2026-10-09T16:28:00+03:00,"Воронежская область, Рамонский район, Яменское сельское поселение, хутор Ветряк, Транспортная улица, 6",92,1,есть,signal,,18404,Газпромнефть
2026-10-09T16:28:00+03:00,"Воронежская область, Рамонский район, Яменское сельское поселение, хутор Ветряк, Транспортная улица, 6",95,1,есть,signal,,18404,Газпромнефть
2026-10-09T16:29:00+03:00,"Воронеж, Солнечная улица, 31Л",95,1,есть,signal,,18404,Teboil
2026-10-09T16:29:00+03:00,"Воронежская область, Рамонский район, М-4 Дон, 485-й километр, 1",92,1,есть,signal,,18404,Teboil
2026-10-09T16:29:00+03:00,"Воронежская область, Рамонский район, М-4 Дон, 485-й километр, 1",95,1,есть,signal,,18404,Teboil
2026-10-09T16:30:00+03:00,"Воронеж, Холмистая улица, 66",92,1,есть,signal,,18404,Газпромнефть
2026-10-09T16:30:00+03:00,"Воронеж, Холмистая улица, 66",95,1,есть,signal,,18404,Газпромнефть
2026-10-09T16:30:00+03:00,"Воронеж, улица Остужева, 51",92,1,есть,signal,,18404,Газпромнефть
2026-10-09T16:30:00+03:00,"Воронеж, улица Остужева, 51",95,1,есть,signal,,18404,Газпромнефть
2026-10-09T16:30:00+03:00,"Воронежская область, Новоусманский район, М-4 Дон, 534-й километр, 2",92,1,есть,signal,,18404,Татнефть
2026-10-09T16:30:00+03:00,"Воронежская область, Новоусманский район, М-4 Дон, 534-й километр, 2",95,1,есть,signal,,18404,Татнефть
2026-10-09T16:30:00+03:00,"Воронежская область, Рамонский район, Горожанское сельское поселение",92,1,есть,signal,,18404,Роснефть
2026-10-09T16:30:00+03:00,"Воронежская область, Рамонский район, Горожанское сельское поселение",95,1,есть,signal,,18404,Роснефть
2026-10-09T16:31:00+03:00,"Воронеж, проспект Труда, 107А",92,1,есть,signal,,18404,Татнефть
2026-10-09T16:31:00+03:00,"Воронеж, проспект Труда, 107А",95,1,есть,signal,,18404,Татнефть
2026-10-09T16:31:00+03:00,"Воронеж, улица 9 Января, 223А",92,1,есть,signal,,18404,Татнефть
2026-10-09T16:31:00+03:00,"Воронеж, улица 9 Января, 223А",95,1,есть,signal,,18404,Татнефть
2026-10-09T16:31:00+03:00,"Воронеж, улица Ворошилова",92,1,есть,signal,,18404,Газпромнефть
2026-10-09T16:31:00+03:00,"Воронеж, улица Ворошилова",95,1,есть,signal,,18404,Газпромнефть
2026-10-09T16:31:00+03:00,"Воронежская область, Семилуки, Воронежская улица, 1",92,1,есть,signal,,18404,Лукойл
2026-10-09T16:31:00+03:00,"Воронежская область, Семилуки, Воронежская улица, 1",95,1,есть,signal,,18404,Лукойл
2026-10-09T16:32:00+03:00,"Воронеж, Ленинский проспект, 176А",92,1,есть,signal,,18404,Газпромнефть
2026-10-09T16:32:00+03:00,"Воронеж, Ленинский проспект, 176А",95,1,есть,signal,,18404,Газпромнефть
2026-10-09T16:32:00+03:00,"Воронеж, Московский проспект, 129/2",92,1,есть,signal,,18404,ВТК
2026-10-09T16:32:00+03:00,"Воронеж, Московский проспект, 129/2",95,1,есть,signal,,18404,ВТК
2026-10-09T16:32:00+03:00,"Воронеж, проспект Патриотов, 42А",92,1,есть,signal,,18404,Татнефть
2026-10-09T16:32:00+03:00,"Воронеж, проспект Патриотов, 42А",95,1,есть,signal,,18404,Татнефть
2026-10-09T16:32:00+03:00,"Воронеж, улица Ильюшина, 3А",92,1,есть,signal,,18404,Роснефть
2026-10-09T16:32:00+03:00,"Воронеж, улица Ильюшина, 3А",95,1,есть,signal,,18404,Роснефть
2026-10-09T16:32:00+03:00,"Воронежская область, Новоусманский район, М-4 Дон, 518-й километр, 2",95,1,есть,signal,,18404,Лукойл
2026-10-09T16:32:00+03:00,"Воронежская область, село Новая Усмань, Дорожная улица, 31",92,1,есть,signal,,18404,Роснефть
2026-10-09T16:32:00+03:00,"Воронежская область, село Новая Усмань, Дорожная улица, 31",95,1,есть,signal,,18404,Роснефть
2026-10-09T16:32:00+03:00,"Воронежская область, село Новая Усмань, улица Ленина, 313/2",92,1,есть,signal,,18404,Роснефть
2026-10-09T16:32:00+03:00,"Воронежская область, село Новая Усмань, улица Ленина, 313/2",95,1,есть,signal,,18404,Роснефть
2026-10-09T16:33:00+03:00,"Воронеж, Новосибирская улица, 13Д",92,1,есть,signal,,18404,Татнефть
2026-10-09T16:33:00+03:00,"Воронеж, Новосибирская улица, 13Д",95,1,есть,signal,,18404,Татнефть
2026-10-09T16:33:00+03:00,"Воронеж, улица Любы Шевцовой, 36А",92,1,есть,signal,,18404,Татнефть
2026-10-09T16:33:00+03:00,"Воронеж, улица Любы Шевцовой, 36А",95,1,есть,signal,,18404,Татнефть
2026-10-09T16:33:00+03:00,"Воронеж, улица Свободы, 79Б",92,1,есть,signal,,18404,ВТК
2026-10-09T16:33:00+03:00,"Воронеж, улица Свободы, 79Б",95,1,есть,signal,,18404,ВТК
2026-10-09T16:33:00+03:00,"Воронежская область, Рамонский район, Яменское сельское поселение, посёлок Солнечный, улица Московское шоссе, 2",92,1,есть,signal,,18404,Газпромнефть
2026-10-09T16:33:00+03:00,"Воронежская область, Рамонский район, Яменское сельское поселение, посёлок Солнечный, улица Московское шоссе, 2",95,1,есть,signal,,18404,Газпромнефть
2026-10-09T16:33:00+03:00,"Воронежская область, село Новая Усмань, Ростовская улица, 133А",92,1,есть,signal,,18404,Газпромнефть
2026-10-09T16:33:00+03:00,"Воронежская область, село Новая Усмань, Ростовская улица, 133А",95,1,есть,signal,,18404,Газпромнефть
2026-10-09T16:34:00+03:00,"Воронеж, Новосибирская улица, 84Б",92,1,есть,signal,,18404,Газпромнефть
2026-10-09T16:34:00+03:00,"Воронеж, Новосибирская улица, 84Б",95,1,есть,signal,,18404,Газпромнефть
2026-10-09T16:34:00+03:00,"Воронеж, Острогожская улица, 144",92,1,есть,signal,,18404,Роснефть
2026-10-09T16:34:00+03:00,"Воронеж, Острогожская улица, 144",95,1,есть,signal,,18404,Роснефть
2026-10-09T16:34:00+03:00,"Воронеж, улица Димитрова, 140Д",92,1,есть,signal,,18404,Teboil
2026-10-09T16:34:00+03:00,"Воронеж, улица Димитрова, 140Д",95,1,есть,signal,,18404,Teboil
2026-10-09T16:34:00+03:00,"Воронежская область, Новоусманский район, М-4 Дон, 531-й километр, 1",92,1,есть,signal,,18404,Лукойл
2026-10-09T16:34:00+03:00,"Воронежская область, Новоусманский район, М-4 Дон, 531-й километр, 1",95,1,есть,signal,,18404,Лукойл
2026-10-09T16:34:00+03:00,"Воронежская область, Новоусманский район, Рогачёвское сельское поселение",92,1,есть,signal,,18404,Роснефть
2026-10-09T16:34:00+03:00,"Воронежская область, Новоусманский район, Рогачёвское сельское поселение",95,1,есть,signal,,18404,Роснефть
2026-10-09T16:35:00+03:00,"Воронеж, улица Космонавтов, 6А",92,1,есть,signal,,18404,Роснефть
2026-10-09T16:35:00+03:00,"Воронеж, улица Космонавтов, 6А",95,1,есть,signal,,18404,Роснефть
2026-10-09T16:35:00+03:00,"Воронежская область, Семилуки, Транспортная улица, 18А",92,1,есть,signal,,18404,Роснефть
2026-10-09T16:35:00+03:00,"Воронежская область, Семилуки, Транспортная улица, 18А",95,1,есть,signal,,18404,Роснефть
2026-10-09T16:40:00+03:00,"Воронеж, Московский проспект, 129/2",92,1,есть,signal,,18412,ВТК
2026-10-09T16:40:00+03:00,"Воронеж, Московский проспект, 129/2",95,1,есть,signal,,18412,ВТК
2026-10-09T16:40:00+03:00,"Воронеж, набережная Максима Горького, 33А",92,1,есть,signal,,18412,ВТК
2026-10-09T16:40:00+03:00,"Воронеж, набережная Максима Горького, 33А",95,1,есть,signal,,18412,ВТК
2026-10-09T16:40:00+03:00,"Воронеж, улица Димитрова, 140Д",92,1,есть,signal,,18412,Teboil
2026-10-09T16:40:00+03:00,"Воронеж, улица Димитрова, 140Д",95,1,есть,signal,,18412,Teboil
2026-10-09T16:40:00+03:00,"Воронеж, улица Любы Шевцовой, 36А",92,1,есть,signal,,18412,Татнефть
2026-10-09T16:40:00+03:00,"Воронеж, улица Любы Шевцовой, 36А",95,1,есть,signal,,18412,Татнефть
2026-10-09T16:40:00+03:00,"Воронеж, улица Свободы, 79Б",92,1,есть,signal,,18412,ВТК
2026-10-09T16:40:00+03:00,"Воронеж, улица Свободы, 79Б",95,1,есть,signal,,18412,ВТК
2026-10-09T16:40:00+03:00,"Воронежская область, Новоусманский район, М-4 Дон, 531-й километр, 1",92,1,есть,signal,,18412,Лукойл
2026-10-09T16:40:00+03:00,"Воронежская область, Новоусманский район, М-4 Дон, 531-й километр, 1",95,1,есть,signal,,18412,Лукойл
2026-10-09T16:40:00+03:00,"Воронежская область, Семилуки, Транспортная улица, 18А",92,1,есть,signal,,18412,Роснефть
2026-10-09T16:40:00+03:00,"Воронежская область, Семилуки, Транспортная улица, 18А",95,1,есть,signal,,18412,Роснефть
2026-10-09T16:40:00+03:00,"Воронежская область, Семилукский район, Р-298, 210-й километр, 1",92,1,есть,signal,,18412,Лукойл
2026-10-09T16:40:00+03:00,"Воронежская область, Семилукский район, Р-298, 210-й километр, 1",95,1,есть,signal,,18412,Лукойл
2026-10-09T16:40:00+03:00,"Воронежская область, село Новая Усмань, Дорожная улица, 31",92,1,есть,signal,,18412,Роснефть
2026-10-09T16:40:00+03:00,"Воронежская область, село Новая Усмань, Дорожная улица, 31",95,1,есть,signal,,18412,Роснефть
2026-10-09T16:41:00+03:00,"Воронеж, Острогожская улица, 144",92,1,есть,signal,,18412,Роснефть
2026-10-09T16:41:00+03:00,"Воронеж, Острогожская улица, 144",95,1,есть,signal,,18412,Роснефть
2026-10-09T16:41:00+03:00,"Воронеж, Спокойный переулок, 24А",92,1,есть,signal,,18412,Роснефть
2026-10-09T16:41:00+03:00,"Воронеж, Спокойный переулок, 24А",95,1,есть,signal,,18412,Роснефть
2026-10-09T16:41:00+03:00,"Воронеж, улица Брусилова, 4А",95,1,есть,signal,,18412,ВТК
2026-10-09T16:41:00+03:00,"Воронеж, улица Ильюшина, 3А",92,1,есть,signal,,18412,Роснефть
2026-10-09T16:41:00+03:00,"Воронеж, улица Ильюшина, 3А",95,1,есть,signal,,18412,Роснефть
2026-10-09T16:41:00+03:00,"Воронежская область, Новоусманский район, М-4 Дон, 534-й километр, 2",92,1,есть,signal,,18412,Татнефть
2026-10-09T16:41:00+03:00,"Воронежская область, Новоусманский район, М-4 Дон, 534-й километр, 2",95,1,есть,signal,,18412,Татнефть
2026-10-09T16:42:00+03:00,"Воронеж, Солнечная улица, 31Л",95,1,есть,signal,,18412,Teboil
2026-10-09T16:42:00+03:00,"Воронежская область, Новоусманский район, М-4 Дон, 534-й километр, 1",92,1,есть,signal,,18412,Татнефть
2026-10-09T16:42:00+03:00,"Воронежская область, Новоусманский район, М-4 Дон, 534-й километр, 1",95,1,есть,signal,,18412,Татнефть
2026-10-09T16:42:00+03:00,"Воронежская область, Новоусманский район, М-4 Дон, 540-й километр, 6",92,1,есть,signal,,18412,Лукойл
2026-10-09T16:42:00+03:00,"Воронежская область, Новоусманский район, М-4 Дон, 540-й километр, 6",95,1,есть,signal,,18412,Лукойл
2026-10-09T16:42:00+03:00,"Воронежская область, Новоусманский район, Рогачёвское сельское поселение",92,1,есть,signal,,18412,Роснефть
2026-10-09T16:42:00+03:00,"Воронежская область, Новоусманский район, Рогачёвское сельское поселение",95,1,есть,signal,,18412,Роснефть
2026-10-09T16:42:00+03:00,"Воронежская область, Рамонский район, Яменское сельское поселение, хутор Ветряк, Транспортная улица, 6",92,1,есть,signal,,18412,Газпромнефть
2026-10-09T16:42:00+03:00,"Воронежская область, Рамонский район, Яменское сельское поселение, хутор Ветряк, Транспортная улица, 6",95,1,есть,signal,,18412,Газпромнефть
2026-10-09T16:43:00+03:00,"Воронеж, Московский проспект, 84",92,1,есть,signal,Большая,18412,Роснефть
2026-10-09T16:43:00+03:00,"Воронеж, Московский проспект, 84",95,1,есть,signal,Большая,18412,Роснефть
2026-10-09T16:43:00+03:00,"Воронеж, улица Антонова-Овсеенко, 7А",92,1,есть,signal,,18412,ВТК
2026-10-09T16:43:00+03:00,"Воронеж, улица Антонова-Овсеенко, 7А",95,1,есть,signal,,18412,ВТК
2026-10-09T16:43:00+03:00,"Воронежская область, село Новая Усмань, улица Ленина, 313/2",92,1,есть,signal,,18412,Роснефть
2026-10-09T16:43:00+03:00,"Воронежская область, село Новая Усмань, улица Ленина, 313/2",95,1,есть,signal,,18412,Роснефть
2026-10-09T17:06:00+03:00,"Воронеж, улица 9 Января, 258А",92,1,есть,report,51–100 машин,18414,Роснефть
2026-10-09T17:06:00+03:00,"Воронеж, улица 9 Января, 258А",92,1,есть,summary,51–100 машин,18397,Роснефть
2026-10-09T17:06:00+03:00,"Воронеж, улица 9 Января, 258А",95,0,больше нет,report,51–100 машин,18414,Роснефть
2026-10-09T17:06:00+03:00,"Воронеж, улица 9 Января, 258А",95,0,нет,summary,51–100 машин,18397,Роснефть
2026-10-09T17:06:00+03:00,"Воронеж, улица 9 Января, 258А",95+,0,больше нет,report,51–100 машин,18414,Роснефть
2026-10-09T17:06:00+03:00,"Воронеж, улица 9 Января, 258А",95+,0,нет,summary,51–100 машин,18397,Роснефть
2026-10-09T17:08:00+03:00,"Воронеж, улица Димитрова, 163",100,0,больше нет,report,нет,18415,Роснефть
2026-10-09T17:08:00+03:00,"Воронеж, улица Димитрова, 163",92,0,больше нет,report,нет,18415,Роснефть
2026-10-09T17:08:00+03:00,"Воронеж, улица Димитрова, 163",95,0,больше нет,report,нет,18415,Роснефть
2026-10-09T17:08:00+03:00,"Воронеж, улица Димитрова, 163",95+,0,больше нет,report,нет,18415,Роснефть
2026-10-09T17:09:00+03:00,"Воронеж, проспект Труда, 107А",95,1,есть,report,21–50 машин,18416,Татнефть
2026-10-09T17:09:00+03:00,"Воронеж, проспект Труда, 107А",95,1,есть,summary,21–50 машин,18397,Татнефть
2026-10-09T17:12:00+03:00,"Воронеж, Ленинский проспект, 126А",92,1,есть,signal,,18412,ВТК
2026-10-09T17:12:00+03:00,"Воронеж, Ленинский проспект, 126А",98,0,нет,signal,,18412,ВТК
2026-10-09T17:12:00+03:00,"Воронеж, Московский проспект, 84",100,1,есть,signal,Большая,18412,Роснефть
2026-10-09T17:12:00+03:00,"Воронеж, Московский проспект, 84",92,1,есть,signal,Большая,18412,Роснефть
2026-10-09T17:12:00+03:00,"Воронеж, Московский проспект, 84",95,1,есть,signal,Большая,18412,Роснефть
2026-10-09T17:12:00+03:00,"Воронеж, Московский проспект, 84",98,0,нет,signal,Большая,18412,Роснефть
2026-10-09T17:12:00+03:00,"Воронеж, Московский проспект, 84",ДТ,1,есть,signal,Большая,18412,Роснефть
2026-10-09T17:14:00+03:00,"Воронеж, Московский проспект, 7А",92,1,есть,signal,,18412,Teboil
2026-10-09T17:14:00+03:00,"Воронеж, Московский проспект, 7А",95,0,нет,signal,,18412,Teboil
2026-10-09T17:16:00+03:00,"Воронеж, Московский проспект, 7А",92,1,есть,signal,,18412,Teboil
2026-10-09T17:16:00+03:00,"Воронеж, Московский проспект, 7А",95,0,нет,signal,,18412,Teboil
2026-10-09T17:16:00+03:00,"Воронежская область, Рамонский район, Комсомольское сельское поселение",92,1,есть,signal,,18412,Газпром
2026-10-09T17:16:00+03:00,"Воронежская область, Рамонский район, Комсомольское сельское поселение",95,1,есть,signal,,18412,Газпром
2026-10-09T17:16:00+03:00,"Воронежская область, Рамонский район, Комсомольское сельское поселение",98,0,нет,signal,,18412,Газпром
2026-10-09T17:16:00+03:00,"Воронежская область, Рамонский район, Комсомольское сельское поселение",ДТ,1,есть,signal,,18412,Газпром
2026-10-09T17:17:00+03:00,"Воронеж, Московский проспект, 84",100,1,есть,signal,Большая,18412,Роснефть
2026-10-09T17:17:00+03:00,"Воронеж, Московский проспект, 84",92,1,есть,signal,Большая,18412,Роснефть
2026-10-09T17:17:00+03:00,"Воронеж, Московский проспект, 84",95,1,есть,signal,Большая,18412,Роснефть
2026-10-09T17:17:00+03:00,"Воронеж, Московский проспект, 84",98,0,нет,signal,Большая,18412,Роснефть
2026-10-09T17:17:00+03:00,"Воронеж, Московский проспект, 84",ДТ,1,есть,signal,Большая,18412,Роснефть
2026-10-09T17:17:00+03:00,"Воронеж, улица Антонова-Овсеенко, 35А",100,0,нет,signal,Большая,18412,Роснефть
2026-10-09T17:17:00+03:00,"Воронеж, улица Антонова-Овсеенко, 35А",92,1,есть,signal,Большая,18412,Роснефть
2026-10-09T17:17:00+03:00,"Воронеж, улица Антонова-Овсеенко, 35А",95,1,есть,signal,Большая,18412,Роснефть
2026-10-09T17:17:00+03:00,"Воронеж, улица Антонова-Овсеенко, 35А",98,0,нет,signal,Большая,18412,Роснефть
2026-10-09T17:19:00+03:00,"Воронеж, Спокойный переулок, 24А",100,0,нет,signal,Нет,18412,Роснефть
2026-10-09T17:19:00+03:00,"Воронеж, Спокойный переулок, 24А",92,1,есть,signal,Нет,18412,Роснефть
2026-10-09T17:19:00+03:00,"Воронеж, Спокойный переулок, 24А",98,0,нет,signal,Нет,18412,Роснефть
2026-10-09T17:19:00+03:00,"Воронеж, Спокойный переулок, 24А",ДТ,1,есть,signal,Нет,18412,Роснефть
2026-10-09T17:22:00+03:00,"Воронеж, Московский проспект, 7А",92,1,есть,signal,,18412,Teboil
2026-10-09T17:22:00+03:00,"Воронеж, Московский проспект, 7А",95,0,нет,signal,,18412,Teboil
2026-10-09T17:22:00+03:00,"Воронежская область, село Новая Усмань, Дорожная улица, 31",100,0,нет,signal,Большая,18412,Роснефть
2026-10-09T17:22:00+03:00,"Воронежская область, село Новая Усмань, Дорожная улица, 31",92,1,есть,signal,Большая,18412,Роснефть
2026-10-09T17:22:00+03:00,"Воронежская область, село Новая Усмань, Дорожная улица, 31",98,0,нет,signal,Большая,18412,Роснефть
2026-10-09T17:22:00+03:00,"Воронежская область, село Новая Усмань, Дорожная улица, 31",ДТ,1,есть,signal,Большая,18412,Роснефть
2026-10-09T17:26:00+03:00,"Воронеж, Московский проспект, 144",92,1,есть,signal,Большая,18412,Роснефть
2026-10-09T17:26:00+03:00,"Воронеж, Московский проспект, 144",98,0,нет,signal,Большая,18412,Роснефть
2026-10-09T17:26:00+03:00,"Воронеж, Московский проспект, 144",ДТ,1,есть,signal,Большая,18412,Роснефть
2026-10-09T17:26:00+03:00,"Воронежская область, Рамонский район, Яменское сельское поселение, посёлок Солнечный, улица Московское шоссе, 2",100,0,нет,signal,Нет,18412,Газпромнефть
2026-10-09T17:26:00+03:00,"Воронежская область, Рамонский район, Яменское сельское поселение, посёлок Солнечный, улица Московское шоссе, 2",92,1,есть,signal,Нет,18412,Газпромнефть
2026-10-09T17:26:00+03:00,"Воронежская область, Рамонский район, Яменское сельское поселение, посёлок Солнечный, улица Московское шоссе, 2",98,0,нет,signal,Нет,18412,Газпромнефть
2026-10-09T17:26:00+03:00,"Воронежская область, Рамонский район, Яменское сельское поселение, посёлок Солнечный, улица Московское шоссе, 2",ДТ,1,есть,signal,Нет,18412,Газпромнефть
2026-10-09T17:27:00+03:00,"Воронеж, Ленинский проспект, 182",100,1,есть,signal,,18412,Роснефть
2026-10-09T17:27:00+03:00,"Воронеж, Ленинский проспект, 182",92,1,есть,signal,,18412,Роснефть
2026-10-09T17:27:00+03:00,"Воронеж, Ленинский проспект, 182",95,1,есть,signal,,18412,Роснефть
2026-10-09T17:27:00+03:00,"Воронеж, Ленинский проспект, 182",ДТ,1,есть,signal,,18412,Роснефть
2026-10-09T17:27:00+03:00,"Воронеж, Острогожская улица, 103",100,0,нет,signal,,18412,Лукойл
2026-10-09T17:27:00+03:00,"Воронеж, Острогожская улица, 103",92,1,есть,signal,,18412,Лукойл
2026-10-09T17:27:00+03:00,"Воронеж, Острогожская улица, 103",95,1,есть,signal,,18412,Лукойл
2026-10-09T17:27:00+03:00,"Воронеж, Острогожская улица, 103",ДТ,1,есть,signal,,18412,Лукойл
2026-10-09T17:27:00+03:00,"Воронеж, улица Любы Шевцовой, 36А",92,1,есть,signal,,18412,Татнефть
2026-10-09T17:27:00+03:00,"Воронеж, улица Любы Шевцовой, 36А",ДТ,1,есть,signal,,18412,Татнефть
2026-10-09T17:27:00+03:00,"Воронеж, улица Шишкова, 58А",100,0,нет,signal,,18412,Лукойл
2026-10-09T17:27:00+03:00,"Воронеж, улица Шишкова, 58А",92,1,есть,signal,,18412,Лукойл
2026-10-09T17:27:00+03:00,"Воронеж, улица Шишкова, 58А",95,1,есть,signal,,18412,Лукойл
2026-10-09T17:27:00+03:00,"Воронеж, улица Шишкова, 58А",ДТ,1,есть,signal,,18412,Лукойл
2026-10-09T17:27:00+03:00,"Воронежская область, Новоусманский район, Рогачёвское сельское поселение",92,1,есть,signal,,18412,Роснефть
2026-10-09T17:27:00+03:00,"Воронежская область, Новоусманский район, Рогачёвское сельское поселение",98,0,нет,signal,,18412,Роснефть
2026-10-09T17:28:00+03:00,"Воронеж, набережная Максима Горького, 33А",100,0,нет,signal,,18412,ВТК
2026-10-09T17:28:00+03:00,"Воронеж, набережная Максима Горького, 33А",92,1,есть,signal,,18412,ВТК
2026-10-09T17:28:00+03:00,"Воронеж, набережная Максима Горького, 33А",95,1,есть,signal,,18412,ВТК
2026-10-09T17:28:00+03:00,"Воронеж, набережная Максима Горького, 33А",ДТ,1,есть,signal,,18412,ВТК
2026-10-09T17:28:00+03:00,"Воронеж, улица Героев Сибиряков, 20А",100,0,нет,signal,,18412,Лукойл
2026-10-09T17:28:00+03:00,"Воронеж, улица Героев Сибиряков, 20А",92,1,есть,signal,,18412,Лукойл
2026-10-09T17:28:00+03:00,"Воронеж, улица Героев Сибиряков, 20А",95,1,есть,signal,,18412,Лукойл
2026-10-09T17:28:00+03:00,"Воронеж, улица Героев Сибиряков, 20А",ДТ,1,есть,signal,,18412,Лукойл
2026-10-09T17:28:00+03:00,"Воронеж, улица Корольковой, 11Г",100,0,нет,signal,,18412,Teboil
2026-10-09T17:28:00+03:00,"Воронеж, улица Корольковой, 11Г",92,1,есть,signal,,18412,Teboil
2026-10-09T17:28:00+03:00,"Воронеж, улица Корольковой, 11Г",95,1,есть,signal,,18412,Teboil
2026-10-09T17:28:00+03:00,"Воронеж, улица Корольковой, 11Г",ДТ,1,есть,signal,,18412,Teboil
2026-10-09T17:28:00+03:00,"Воронежская область, Новоусманский район, М-4 Дон, 534-й километр, 1",92,1,есть,signal,,18412,Татнефть
2026-10-09T17:28:00+03:00,"Воронежская область, Новоусманский район, М-4 Дон, 534-й километр, 1",95,1,есть,signal,,18412,Татнефть
2026-10-09T17:28:00+03:00,"Воронежская область, Новоусманский район, М-4 Дон, 534-й километр, 1",ДТ,1,есть,signal,,18412,Татнефть
2026-10-09T17:29:00+03:00,"Воронеж, Московский проспект, 86Б",100,0,нет,signal,,18412,ВТК
2026-10-09T17:29:00+03:00,"Воронеж, Московский проспект, 86Б",92,1,есть,signal,,18412,ВТК
2026-10-09T17:29:00+03:00,"Воронеж, Московский проспект, 86Б",95,1,есть,signal,,18412,ВТК
2026-10-09T17:29:00+03:00,"Воронеж, Московский проспект, 86Б",ДТ,1,есть,signal,,18412,ВТК
2026-10-09T17:29:00+03:00,"Воронежская область, Рамонский район, посёлок Комсомольский, Южная улица, 12",92,1,есть,signal,Большая,18412,Газпром
2026-10-09T17:29:00+03:00,"Воронежская область, Рамонский район, посёлок Комсомольский, Южная улица, 12",95,1,есть,signal,Большая,18412,Газпром
2026-10-09T17:29:00+03:00,"Воронежская область, Рамонский район, посёлок Комсомольский, Южная улица, 12",98,0,нет,signal,Большая,18412,Газпром
2026-10-09T17:29:00+03:00,"Воронежская область, село Новая Усмань, Дорожная улица, 31",100,0,нет,signal,,18412,Роснефть
2026-10-09T17:29:00+03:00,"Воронежская область, село Новая Усмань, Дорожная улица, 31",92,1,есть,signal,,18412,Роснефть
2026-10-09T17:29:00+03:00,"Воронежская область, село Новая Усмань, Дорожная улица, 31",95,1,есть,signal,,18412,Роснефть
2026-10-09T17:29:00+03:00,"Воронежская область, село Новая Усмань, Дорожная улица, 31",ДТ,1,есть,signal,,18412,Роснефть
2026-10-09T17:32:00+03:00,"Воронеж, Московский проспект, 144",92,1,есть,signal,Большая,18412,Роснефть
2026-10-09T17:32:00+03:00,"Воронеж, Московский проспект, 144",98,0,нет,signal,Большая,18412,Роснефть
2026-10-09T17:32:00+03:00,"Воронеж, Московский проспект, 144",ДТ,1,есть,signal,Большая,18412,Роснефть
2026-10-09T17:32:00+03:00,"Воронеж, Московский проспект, 84",100,1,есть,signal,,18412,Роснефть
2026-10-09T17:32:00+03:00,"Воронеж, Московский проспект, 84",92,1,есть,signal,,18412,Роснефть
2026-10-09T17:32:00+03:00,"Воронеж, Московский проспект, 84",95,1,есть,signal,,18412,Роснефть
2026-10-09T17:32:00+03:00,"Воронеж, Московский проспект, 84",98,0,нет,signal,,18412,Роснефть
2026-10-09T17:32:00+03:00,"Воронеж, Московский проспект, 84",ДТ,1,есть,signal,,18412,Роснефть
2026-10-09T17:32:00+03:00,"Воронеж, Спокойный переулок, 24А",100,0,нет,signal,Нет,18412,Роснефть
2026-10-09T17:32:00+03:00,"Воронеж, Спокойный переулок, 24А",92,1,есть,signal,Нет,18412,Роснефть
2026-10-09T17:32:00+03:00,"Воронеж, Спокойный переулок, 24А",98,0,нет,signal,Нет,18412,Роснефть
2026-10-09T17:32:00+03:00,"Воронеж, Спокойный переулок, 24А",ДТ,1,есть,signal,Нет,18412,Роснефть
2026-10-09T17:32:00+03:00,"Воронеж, улица Землячки, 7А",92,1,есть,report,51–100 машин,18417,Роснефть
2026-10-09T17:32:00+03:00,"Воронеж, улица Землячки, 7А",92,1,есть,summary,51–100 машин,18397,Роснефть
2026-10-09T17:32:00+03:00,"Воронеж, улица Землячки, 7А",95,1,есть,report,51–100 машин,18417,Роснефть
2026-10-09T17:32:00+03:00,"Воронеж, улица Землячки, 7А",95,1,есть,summary,51–100 машин,18397,Роснефть
2026-10-09T17:32:00+03:00,"Воронеж, улица Землячки, 7А",95+,1,есть,report,51–100 машин,18417,Роснефть
2026-10-09T17:32:00+03:00,"Воронеж, улица Землячки, 7А",95+,1,есть,summary,51–100 машин,18397,Роснефть
2026-10-09T17:34:00+03:00,"Воронеж, Ленинский проспект, 154А",98,1,есть,report,около 20 машин,18418,Татнефть
2026-10-09T17:34:00+03:00,"Воронеж, Ленинский проспект, 154А",98,1,есть,summary,~20 машин,18397,Татнефть
2026-10-09T17:34:00+03:00,"Воронеж, Ленинский проспект, 154А",ДТ,1,есть,report,около 20 машин,18418,Татнефть
2026-10-09T17:34:00+03:00,"Воронеж, Ленинский проспект, 154А",ДТ,1,есть,summary,~20 машин,18397,Татнефть
2026-10-09T17:35:00+03:00,"Воронеж, улица Антонова-Овсеенко, 35А",92,1,есть,report,11–20 машин,18419,Роснефть
2026-10-09T17:35:00+03:00,"Воронеж, улица Антонова-Овсеенко, 35А",92,1,есть,summary,11–20 машин,18397,Роснефть
2026-10-09T17:36:00+03:00,"Воронеж, Ленинский проспект, 126А",92,1,есть,signal,,18412,ВТК
2026-10-09T17:36:00+03:00,"Воронеж, Ленинский проспект, 126А",95,1,есть,signal,,18412,ВТК
2026-10-09T17:36:00+03:00,"Воронеж, Ленинский проспект, 126А",98,0,нет,signal,,18412,ВТК
2026-10-09T17:37:00+03:00,"Воронеж, Московский проспект, 129/2",92,1,есть,signal,,18412,ВТК
2026-10-09T17:37:00+03:00,"Воронеж, Московский проспект, 129/2",95,1,есть,signal,,18412,ВТК
2026-10-09T17:37:00+03:00,"Воронеж, Московский проспект, 129/2",98,0,нет,signal,,18412,ВТК
2026-10-09T17:39:00+03:00,"Воронежская область, Рамонский район, Яменское сельское поселение, хутор Ветряк, Транспортная улица, 6",100,0,нет,signal,Нет,18412,Газпромнефть
2026-10-09T17:39:00+03:00,"Воронежская область, Рамонский район, Яменское сельское поселение, хутор Ветряк, Транспортная улица, 6",92,1,есть,signal,Нет,18412,Газпромнефть
2026-10-09T17:39:00+03:00,"Воронежская область, Рамонский район, Яменское сельское поселение, хутор Ветряк, Транспортная улица, 6",98,0,нет,signal,Нет,18412,Газпромнефть
2026-10-09T17:39:00+03:00,"Воронежская область, Рамонский район, Яменское сельское поселение, хутор Ветряк, Транспортная улица, 6",ДТ,1,есть,signal,Нет,18412,Газпромнефть
2026-10-09T17:44:00+03:00,"Воронежская область, Рамонский район, Яменское сельское поселение, хутор Ветряк, Транспортная улица, 6",100,0,нет,signal,Нет,18412,Газпромнефть
2026-10-09T17:44:00+03:00,"Воронежская область, Рамонский район, Яменское сельское поселение, хутор Ветряк, Транспортная улица, 6",92,1,есть,signal,Нет,18412,Газпромнефть
2026-10-09T17:44:00+03:00,"Воронежская область, Рамонский район, Яменское сельское поселение, хутор Ветряк, Транспортная улица, 6",98,0,нет,signal,Нет,18412,Газпромнефть
2026-10-09T17:44:00+03:00,"Воронежская область, Рамонский район, Яменское сельское поселение, хутор Ветряк, Транспортная улица, 6",ДТ,1,есть,signal,Нет,18412,Газпромнефть
2026-10-09T17:46:00+03:00,"Воронеж, Московский проспект, 7А",92,1,есть,signal,,18412,Teboil
2026-10-09T17:46:00+03:00,"Воронеж, Московский проспект, 7А",95,0,нет,signal,,18412,Teboil
2026-10-09T17:46:00+03:00,"Воронеж, улица Брусилова, 4А",92,1,есть,report,нет,18420,ВТК
2026-10-09T17:46:00+03:00,"Воронеж, улица Брусилова, 4А",92,1,есть,summary,нет,18397,ВТК
2026-10-09T17:46:00+03:00,"Воронеж, улица Брусилова, 4А",95,1,есть,report,нет,18420,ВТК
2026-10-09T17:46:00+03:00,"Воронеж, улица Брусилова, 4А",95,1,есть,summary,нет,18397,ВТК
2026-10-09T17:47:00+03:00,"Воронеж, Московский проспект, 84",100,1,есть,signal,,18412,Роснефть
2026-10-09T17:47:00+03:00,"Воронеж, Московский проспект, 84",95,1,есть,signal,,18412,Роснефть
2026-10-09T17:47:00+03:00,"Воронеж, Московский проспект, 84",98,0,нет,signal,,18412,Роснефть
2026-10-09T17:47:00+03:00,"Воронеж, Московский проспект, 84",ДТ,1,есть,signal,,18412,Роснефть
2026-10-09T17:47:00+03:00,"Воронеж, Спокойный переулок, 24А",100,0,нет,signal,Нет,18412,Роснефть
2026-10-09T17:47:00+03:00,"Воронеж, Спокойный переулок, 24А",92,1,есть,signal,Нет,18412,Роснефть
2026-10-09T17:47:00+03:00,"Воронеж, Спокойный переулок, 24А",98,0,нет,signal,Нет,18412,Роснефть
2026-10-09T17:47:00+03:00,"Воронеж, Спокойный переулок, 24А",ДТ,1,есть,signal,Нет,18412,Роснефть
2026-10-09T17:50:00+03:00,"Воронеж, Дорожная улица, 1Б",100,0,нет,signal,,18423,ВТК
2026-10-09T17:50:00+03:00,"Воронеж, Дорожная улица, 1Б",92,1,есть,signal,,18423,ВТК
2026-10-09T17:50:00+03:00,"Воронеж, Дорожная улица, 1Б",95,1,есть,signal,,18423,ВТК
2026-10-09T17:50:00+03:00,"Воронеж, Дорожная улица, 1Б",ДТ,1,есть,signal,,18423,ВТК
2026-10-09T17:50:00+03:00,"Воронеж, улица Лебедева, 2",92,1,есть,report,,18421,ВТК
2026-10-09T17:50:00+03:00,"Воронеж, улица Лебедева, 2",92,1,есть,summary,,18397,ВТК
2026-10-09T17:50:00+03:00,"Воронеж, улица Лебедева, 2",95,1,есть,report,,18421,ВТК
2026-10-09T17:50:00+03:00,"Воронеж, улица Лебедева, 2",95,1,есть,summary,,18397,ВТК
2026-10-09T17:50:00+03:00,"Воронеж, улица Лебедева, 2",ДТ,1,есть,report,,18421,ВТК
2026-10-09T17:50:00+03:00,"Воронеж, улица Лебедева, 2",ДТ,1,есть,summary,,18397,ВТК
2026-10-09T17:50:00+03:00,"Воронежская область, Семилукский район, Девицкое сельское поселение",100,0,нет,signal,,18423,Teboil
2026-10-09T17:50:00+03:00,"Воронежская область, Семилукский район, Девицкое сельское поселение",92,1,есть,signal,,18423,Teboil
2026-10-09T17:50:00+03:00,"Воронежская область, Семилукский район, Девицкое сельское поселение",95,1,есть,signal,,18423,Teboil
2026-10-09T17:50:00+03:00,"Воронежская область, Семилукский район, Девицкое сельское поселение",ДТ,1,есть,signal,,18423,Teboil
2026-10-09T17:51:00+03:00,"Воронеж, Московский проспект, 129/2",100,0,нет,signal,,18423,ВТК
2026-10-09T17:51:00+03:00,"Воронеж, Московский проспект, 129/2",92,1,есть,signal,,18423,ВТК
2026-10-09T17:51:00+03:00,"Воронеж, Московский проспект, 129/2",95,1,есть,signal,,18423,ВТК
2026-10-09T17:51:00+03:00,"Воронеж, Московский проспект, 129/2",ДТ,1,есть,signal,,18423,ВТК
2026-10-09T17:51:00+03:00,"Воронеж, Новосибирская улица, 84Б",92,1,есть,report,,18422,Газпромнефть
2026-10-09T17:51:00+03:00,"Воронеж, Новосибирская улица, 84Б",92,1,есть,summary,,18397,Газпромнефть
2026-10-09T17:51:00+03:00,"Воронеж, Новосибирская улица, 84Б",95,1,есть,report,,18422,Газпромнефть
2026-10-09T17:51:00+03:00,"Воронеж, Новосибирская улица, 84Б",95,1,есть,summary,,18397,Газпромнефть
2026-10-09T17:51:00+03:00,"Воронеж, Новосибирская улица, 84Б",ДТ,1,есть,report,,18422,Газпромнефть
2026-10-09T17:51:00+03:00,"Воронеж, Новосибирская улица, 84Б",ДТ,1,есть,summary,,18397,Газпромнефть
2026-10-09T17:52:00+03:00,"Воронеж, Московский проспект, 144",92,1,есть,signal,,18423,Роснефть
2026-10-09T17:52:00+03:00,"Воронеж, Московский проспект, 144",95,1,есть,signal,,18423,Роснефть
2026-10-09T17:52:00+03:00,"Воронеж, Московский проспект, 144",ДТ,1,есть,signal,,18423,Роснефть
2026-10-09T17:52:00+03:00,"Воронеж, улица Урицкого, 58А",100,0,нет,signal,,18423,ВТК
2026-10-09T17:52:00+03:00,"Воронеж, улица Урицкого, 58А",92,1,есть,signal,,18423,ВТК
2026-10-09T17:52:00+03:00,"Воронеж, улица Урицкого, 58А",ДТ,1,есть,signal,,18423,ВТК
2026-10-09T17:53:00+03:00,"Воронеж, Острогожская улица, 148/3",100,0,нет,signal,,18423,Teboil
2026-10-09T17:53:00+03:00,"Воронеж, Острогожская улица, 148/3",92,1,есть,signal,,18423,Teboil
2026-10-09T17:53:00+03:00,"Воронеж, Острогожская улица, 148/3",95,1,есть,signal,,18423,Teboil
2026-10-09T17:53:00+03:00,"Воронеж, Острогожская улица, 148/3",ДТ,0,нет,signal,,18423,Teboil
2026-10-09T17:54:00+03:00,"Воронеж, Московский проспект, 84",100,0,нет,signal,,18423,Роснефть
2026-10-09T17:54:00+03:00,"Воронеж, Московский проспект, 84",92,1,есть,signal,,18423,Роснефть
2026-10-09T17:54:00+03:00,"Воронеж, Московский проспект, 84",95,1,есть,signal,,18423,Роснефть
2026-10-09T17:54:00+03:00,"Воронеж, Московский проспект, 84",ДТ,1,есть,signal,,18423,Роснефть
2026-10-09T17:54:00+03:00,"Воронеж, переулок Отличников, 43А",100,0,нет,signal,,18423,Роснефть
2026-10-09T17:54:00+03:00,"Воронеж, переулок Отличников, 43А",92,1,есть,signal,,18423,Роснефть
2026-10-09T17:54:00+03:00,"Воронеж, переулок Отличников, 43А",95,1,есть,signal,,18423,Роснефть
2026-10-09T17:54:00+03:00,"Воронеж, переулок Отличников, 43А",ДТ,1,есть,signal,,18423,Роснефть
2026-10-09T17:54:00+03:00,"Воронеж, проспект Патриотов, 69",100,0,нет,signal,,18423,Роснефть
2026-10-09T17:54:00+03:00,"Воронеж, проспект Патриотов, 69",92,1,есть,signal,,18423,Роснефть
2026-10-09T17:54:00+03:00,"Воронеж, проспект Патриотов, 69",95,1,есть,signal,,18423,Роснефть
2026-10-09T17:54:00+03:00,"Воронеж, проспект Патриотов, 69",ДТ,1,есть,signal,,18423,Роснефть
2026-10-09T17:54:00+03:00,"Воронеж, улица Ильюшина, 3А",100,0,нет,signal,,18423,Роснефть
2026-10-09T17:54:00+03:00,"Воронеж, улица Ильюшина, 3А",92,1,есть,signal,,18423,Роснефть
2026-10-09T17:54:00+03:00,"Воронеж, улица Ильюшина, 3А",95,0,нет,signal,,18423,Роснефть
2026-10-09T17:54:00+03:00,"Воронеж, улица Ильюшина, 3А",ДТ,1,есть,signal,,18423,Роснефть
2026-10-09T17:54:00+03:00,"Воронеж, улица Красной Работницы, 1",92,1,есть,signal,,18423,ВТК
2026-10-09T17:54:00+03:00,"Воронеж, улица Красной Работницы, 1",95,1,есть,signal,,18423,ВТК
2026-10-09T17:54:00+03:00,"Воронеж, улица Красной Работницы, 1",ДТ,1,есть,signal,,18423,ВТК
2026-10-09T17:54:00+03:00,"Воронежская область, Новоусманский район, М-4 Дон, 534-й километр, 1",92,1,есть,signal,,18423,Татнефть
2026-10-09T17:54:00+03:00,"Воронежская область, Новоусманский район, М-4 Дон, 534-й километр, 1",95,1,есть,signal,,18423,Татнефть
2026-10-09T17:54:00+03:00,"Воронежская область, Новоусманский район, М-4 Дон, 534-й километр, 1",ДТ,1,есть,signal,,18423,Татнефть
2026-10-09T17:54:00+03:00,"Воронежская область, село Новая Усмань, Дорожная улица, 31",100,0,нет,signal,,18423,Роснефть
2026-10-09T17:54:00+03:00,"Воронежская область, село Новая Усмань, Дорожная улица, 31",92,1,есть,signal,,18423,Роснефть
2026-10-09T17:54:00+03:00,"Воронежская область, село Новая Усмань, Дорожная улица, 31",95,1,есть,signal,,18423,Роснефть
2026-10-09T17:54:00+03:00,"Воронежская область, село Новая Усмань, Дорожная улица, 31",ДТ,1,есть,signal,,18423,Роснефть
2026-10-09T17:57:00+03:00,"Воронеж, Ленинский проспект, 182",100,1,есть,signal,,18423,Роснефть
2026-10-09T17:57:00+03:00,"Воронеж, Ленинский проспект, 182",92,1,есть,signal,,18423,Роснефть
2026-10-09T17:57:00+03:00,"Воронеж, Ленинский проспект, 182",95,1,есть,signal,,18423,Роснефть
2026-10-09T17:57:00+03:00,"Воронеж, Ленинский проспект, 182",ДТ,1,есть,signal,,18423,Роснефть
2026-10-09T17:57:00+03:00,"Воронеж, улица Героев Сибиряков, 1Л",100,0,нет,signal,,18423,Teboil
2026-10-09T17:57:00+03:00,"Воронеж, улица Героев Сибиряков, 1Л",92,1,есть,signal,,18423,Teboil
2026-10-09T17:57:00+03:00,"Воронеж, улица Героев Сибиряков, 1Л",95,0,нет,signal,,18423,Teboil
2026-10-09T17:57:00+03:00,"Воронеж, улица Героев Сибиряков, 1Л",ДТ,0,нет,signal,,18423,Teboil
2026-10-09T17:57:00+03:00,"Воронеж, улица Шишкова, 58А",100,0,нет,signal,,18423,Лукойл
2026-10-09T17:57:00+03:00,"Воронеж, улица Шишкова, 58А",92,1,есть,signal,,18423,Лукойл
2026-10-09T17:57:00+03:00,"Воронеж, улица Шишкова, 58А",95,1,есть,signal,,18423,Лукойл
2026-10-09T17:57:00+03:00,"Воронеж, улица Шишкова, 58А",ДТ,1,есть,signal,,18423,Лукойл
2026-10-09T17:57:00+03:00,"Воронежская область, Рамонский район, Яменское сельское поселение, посёлок Солнечный, улица Московское шоссе, 2",100,0,нет,signal,,18423,Газпромнефть
2026-10-09T17:57:00+03:00,"Воронежская область, Рамонский район, Яменское сельское поселение, посёлок Солнечный, улица Московское шоссе, 2",92,1,есть,signal,,18423,Газпромнефть
2026-10-09T17:57:00+03:00,"Воронежская область, Рамонский район, Яменское сельское поселение, посёлок Солнечный, улица Московское шоссе, 2",ДТ,1,есть,signal,,18423,Газпромнефть
2026-10-09T17:57:00+03:00,"Воронежская область, село Новая Усмань, Дорожная улица, 31",100,0,нет,signal,,18423,Роснефть
2026-10-09T17:57:00+03:00,"Воронежская область, село Новая Усмань, Дорожная улица, 31",92,1,есть,signal,,18423,Роснефть
2026-10-09T17:57:00+03:00,"Воронежская область, село Новая Усмань, Дорожная улица, 31",95,1,есть,signal,,18423,Роснефть
2026-10-09T17:57:00+03:00,"Воронежская область, село Новая Усмань, Дорожная улица, 31",ДТ,1,есть,signal,,18423,Роснефть
2026-10-09T17:58:00+03:00,"Воронеж, Ленинградская улица, 29В",92,1,есть,signal,,18423,Лукойл
2026-10-09T17:58:00+03:00,"Воронеж, Ленинградская улица, 29В",ДТ,1,есть,signal,,18423,Лукойл
2026-10-09T17:58:00+03:00,"Воронеж, улица Степана Разина, 1",100,0,нет,signal,,18423,ВТК
2026-10-09T17:58:00+03:00,"Воронеж, улица Степана Разина, 1",92,1,есть,signal,,18423,ВТК
2026-10-09T17:58:00+03:00,"Воронеж, улица Степана Разина, 1",ДТ,1,есть,signal,,18423,ВТК
2026-10-09T17:59:00+03:00,"Воронеж, Кольцовская улица, 24Б",100,0,нет,signal,,18423,ВТК
2026-10-09T17:59:00+03:00,"Воронеж, Кольцовская улица, 24Б",92,1,есть,signal,,18423,ВТК
2026-10-09T17:59:00+03:00,"Воронеж, Кольцовская улица, 24Б",95,1,есть,signal,,18423,ВТК
2026-10-09T17:59:00+03:00,"Воронеж, Кольцовская улица, 24Б",ДТ,1,есть,signal,,18423,ВТК
2026-10-09T17:59:00+03:00,"Воронеж, улица Антонова-Овсеенко, 7А",100,0,нет,signal,,18423,ВТК
2026-10-09T17:59:00+03:00,"Воронеж, улица Антонова-Овсеенко, 7А",92,1,есть,signal,,18423,ВТК
2026-10-09T17:59:00+03:00,"Воронеж, улица Антонова-Овсеенко, 7А",95,1,есть,signal,,18423,ВТК
2026-10-09T17:59:00+03:00,"Воронеж, улица Антонова-Овсеенко, 7А",ДТ,1,есть,signal,,18423,ВТК
2026-10-09T18:07:00+03:00,"Воронежская область, Рамонский район, посёлок Комсомольский, Южная улица, 12",92,1,есть,report,11–20 машин,18426,Газпром
2026-10-09T18:07:00+03:00,"Воронежская область, Рамонский район, посёлок Комсомольский, Южная улица, 12",92,1,есть,summary,11–20 машин,18424,Газпром
2026-10-09T18:07:00+03:00,"Воронежская область, Рамонский район, посёлок Комсомольский, Южная улица, 12",95,1,есть,report,11–20 машин,18426,Газпром
2026-10-09T18:07:00+03:00,"Воронежская область, Рамонский район, посёлок Комсомольский, Южная улица, 12",95,1,есть,summary,11–20 машин,18424,Газпром
2026-10-09T18:07:00+03:00,"Воронежская область, Рамонский район, посёлок Комсомольский, Южная улица, 12",ДТ,1,есть,report,11–20 машин,18426,Газпром
2026-10-09T18:07:00+03:00,"Воронежская область, Рамонский район, посёлок Комсомольский, Южная улица, 12",ДТ,1,есть,summary,11–20 машин,18424,Газпром
2026-10-09T18:11:00+03:00,"Воронеж, Московский проспект, 84",92,1,есть,report,большая,18427,Роснефть
2026-10-09T18:11:00+03:00,"Воронеж, Московский проспект, 84",92,1,есть,summary,большая,18424,Роснефть
2026-10-09T18:12:00+03:00,"Воронеж, улица Ворошилова",92,1,есть,signal,,18423,Газпромнефть
2026-10-09T18:12:00+03:00,"Воронеж, улица Ворошилова",95,1,есть,signal,,18423,Газпромнефть
2026-10-09T18:13:00+03:00,"Воронеж, Московский проспект, 129/2",92,1,есть,signal,,18423,ВТК
2026-10-09T18:13:00+03:00,"Воронеж, Московский проспект, 129/2",95,1,есть,signal,,18423,ВТК
2026-10-09T18:13:00+03:00,"Воронеж, Новосибирская улица, 2А",92,1,есть,signal,,18423,Татнефть
2026-10-09T18:13:00+03:00,"Воронеж, Новосибирская улица, 2А",95,1,есть,signal,,18423,Татнефть
2026-10-09T18:13:00+03:00,"Воронеж, переулок Отличников, 43А",92,1,есть,signal,,18423,Роснефть
2026-10-09T18:13:00+03:00,"Воронеж, переулок Отличников, 43А",95,1,есть,signal,,18423,Роснефть
2026-10-09T18:13:00+03:00,"Воронежская область, Семилукский район, Р-298, 210-й километр, 1",92,1,есть,signal,,18423,Лукойл
2026-10-09T18:13:00+03:00,"Воронежская область, Семилукский район, Р-298, 210-й километр, 1",95,1,есть,signal,,18423,Лукойл
2026-10-09T18:14:00+03:00,"Воронеж, Кольцовская улица, 24Б",92,1,есть,signal,,18423,ВТК
2026-10-09T18:14:00+03:00,"Воронеж, Кольцовская улица, 24Б",95,1,есть,signal,,18423,ВТК
2026-10-09T18:14:00+03:00,"Воронеж, проспект Патриотов, 42А",92,1,есть,signal,,18423,Татнефть
2026-10-09T18:14:00+03:00,"Воронеж, проспект Патриотов, 42А",95,1,есть,signal,,18423,Татнефть
2026-10-09T18:14:00+03:00,"Воронеж, улица Героев Сибиряков, 2",92,1,есть,signal,,18423,Газпромнефть
2026-10-09T18:14:00+03:00,"Воронеж, улица Героев Сибиряков, 2",95,1,есть,signal,,18423,Газпромнефть
2026-10-09T18:14:00+03:00,"Воронежская область, Рамонский район, Горожанское сельское поселение",92,1,есть,signal,,18423,Роснефть
2026-10-09T18:14:00+03:00,"Воронежская область, Рамонский район, Горожанское сельское поселение",95,1,есть,signal,,18423,Роснефть
2026-10-09T18:15:00+03:00,"Воронеж, улица Ильюшина, 17",92,1,есть,signal,,18423,Лукойл
2026-10-09T18:15:00+03:00,"Воронеж, улица Остужева, 51",92,1,есть,signal,,18423,Газпромнефть
2026-10-09T18:15:00+03:00,"Воронеж, улица Остужева, 51",95,1,есть,signal,,18423,Газпромнефть
2026-10-09T18:15:00+03:00,"Воронежская область, Рамонский район, Яменское сельское поселение, хутор Ветряк, Транспортная улица, 6",92,1,есть,signal,,18423,Газпромнефть
2026-10-09T18:15:00+03:00,"Воронежская область, Рамонский район, Яменское сельское поселение, хутор Ветряк, Транспортная улица, 6",95,1,есть,signal,,18423,Газпромнефть
2026-10-09T18:15:00+03:00,"Воронежская область, село Новая Усмань, Ростовская улица, 133А",92,1,есть,signal,,18423,Газпромнефть
2026-10-09T18:15:00+03:00,"Воронежская область, село Новая Усмань, Ростовская улица, 133А",95,1,есть,signal,,18423,Газпромнефть
2026-10-09T18:16:00+03:00,"Воронеж, улица Димитрова, 163",92,1,есть,signal,,18423,Роснефть
2026-10-09T18:16:00+03:00,"Воронеж, улица Димитрова, 163",95,1,есть,signal,,18423,Роснефть
2026-10-09T18:16:00+03:00,"Воронеж, улица Урицкого, 58А",92,1,есть,signal,,18423,ВТК
2026-10-09T18:16:00+03:00,"Воронеж, улица Урицкого, 58А",95,1,есть,signal,,18423,ВТК
2026-10-09T18:17:00+03:00,"Воронеж, Ленинский проспект, 176А",92,1,есть,signal,,18423,Газпромнефть
2026-10-09T18:17:00+03:00,"Воронеж, Ленинский проспект, 176А",95,1,есть,signal,,18423,Газпромнефть
2026-10-09T18:17:00+03:00,"Воронеж, Острогожская улица, 144",92,1,есть,signal,,18423,Роснефть
2026-10-09T18:17:00+03:00,"Воронеж, Острогожская улица, 144",95,1,есть,signal,,18423,Роснефть
2026-10-09T18:17:00+03:00,"Воронежская область, Новоусманский район, Никольское сельское поселение, посёлок совхоза ""Воронежский"", Советская улица, 41А",92,1,есть,signal,,18423,Лукойл
2026-10-09T18:17:00+03:00,"Воронежская область, Новоусманский район, Никольское сельское поселение, посёлок совхоза ""Воронежский"", Советская улица, 41А",95,1,есть,signal,,18423,Лукойл
2026-10-09T18:17:00+03:00,"Воронежская область, Семилуки, Воронежская улица, 1",92,1,есть,signal,,18423,Лукойл
2026-10-09T18:17:00+03:00,"Воронежская область, Семилуки, Воронежская улица, 1",95,1,есть,signal,,18423,Лукойл
2026-10-09T18:18:00+03:00,"Воронеж, улица 9 Января, 223А",95,1,есть,signal,,18423,Татнефть
2026-10-09T18:18:00+03:00,"Воронеж, улица Остужева, 37",92,1,есть,signal,,18423,Лукойл
2026-10-09T18:18:00+03:00,"Воронеж, улица Остужева, 37",95,1,есть,signal,,18423,Лукойл
2026-10-09T18:18:00+03:00,"Воронежская область, Рамонский район, Яменское сельское поселение, посёлок Солнечный, улица Московское шоссе, 2",92,1,есть,signal,,18423,Газпромнефть
2026-10-09T18:18:00+03:00,"Воронежская область, Рамонский район, Яменское сельское поселение, посёлок Солнечный, улица Московское шоссе, 2",95,1,есть,signal,,18423,Газпромнефть
2026-10-09T18:19:00+03:00,"Воронеж, Дорожная улица, 1Б",92,1,есть,signal,,18423,ВТК
2026-10-09T18:19:00+03:00,"Воронеж, Дорожная улица, 1Б",95,1,есть,signal,,18423,ВТК
2026-10-09T18:19:00+03:00,"Воронеж, Холмистая улица, 66",95,1,есть,signal,,18423,Газпромнефть
2026-10-09T18:19:00+03:00,"Воронежская область, Рамонский район, Яменское сельское поселение",92,1,есть,signal,,18423,Teboil
2026-10-09T18:19:00+03:00,"Воронежская область, Рамонский район, Яменское сельское поселение",95,1,есть,signal,,18423,Teboil
2026-10-09T18:20:00+03:00,"Воронеж, улица Свободы, 79Б",92,1,есть,signal,,18423,ВТК
2026-10-09T18:20:00+03:00,"Воронеж, улица Свободы, 79Б",95,1,есть,signal,,18423,ВТК
2026-10-09T18:20:00+03:00,"Воронежская область, Новоусманский район, М-4 Дон, 534-й километр, 2",92,1,есть,signal,,18423,Татнефть
2026-10-09T18:20:00+03:00,"Воронежская область, Новоусманский район, М-4 Дон, 534-й километр, 2",95,1,есть,signal,,18423,Татнефть
2026-10-09T18:20:00+03:00,"Воронежская область, Семилуки, Транспортная улица, 18А",92,1,есть,signal,,18423,Роснефть
2026-10-09T18:20:00+03:00,"Воронежская область, Семилуки, Транспортная улица, 18А",95,1,есть,signal,,18423,Роснефть
2026-10-09T18:21:00+03:00,"Воронеж, Новосибирская улица, 13Д",92,1,есть,signal,,18423,Татнефть
2026-10-09T18:21:00+03:00,"Воронеж, Новосибирская улица, 13Д",95,1,есть,signal,,18423,Татнефть
2026-10-09T18:21:00+03:00,"Воронежская область, Новоусманский район, Рогачёвское сельское поселение",92,1,есть,signal,,18423,Роснефть
2026-10-09T18:21:00+03:00,"Воронежская область, Новоусманский район, Рогачёвское сельское поселение",95,1,есть,signal,,18423,Роснефть
2026-10-09T18:21:00+03:00,"Воронежская область, Семилукский район, Р-298, 210-й километр, 1",92,1,есть,signal,,18423,Лукойл
2026-10-09T18:21:00+03:00,"Воронежская область, Семилукский район, Р-298, 210-й километр, 1",95,1,есть,signal,,18423,Лукойл
2026-10-09T18:22:00+03:00,"Воронеж, улица 9 Января, 104",92,1,есть,signal,,18423,ВТК
2026-10-09T18:22:00+03:00,"Воронеж, улица 9 Января, 104",95,1,есть,signal,,18423,ВТК
2026-10-09T18:22:00+03:00,"Воронежская область, село Новая Усмань, Ростовская улица, 133А",92,1,есть,signal,,18423,Газпромнефть
2026-10-09T18:22:00+03:00,"Воронежская область, село Новая Усмань, Ростовская улица, 133А",95,1,есть,signal,,18423,Газпромнефть
2026-10-09T18:23:00+03:00,"Воронеж, Московский проспект, 129/2",92,1,есть,signal,,18423,ВТК
2026-10-09T18:23:00+03:00,"Воронеж, Московский проспект, 129/2",95,1,есть,signal,,18423,ВТК
2026-10-09T18:23:00+03:00,"Воронеж, Холмистая улица, 66",95,1,есть,signal,,18423,Газпромнефть
2026-10-09T18:23:00+03:00,"Воронеж, переулок Отличников, 43А",92,1,есть,signal,,18423,Роснефть
2026-10-09T18:23:00+03:00,"Воронеж, переулок Отличников, 43А",95,1,есть,signal,,18423,Роснефть
2026-10-09T18:23:00+03:00,"Воронеж, улица Антонова-Овсеенко, 35А",92,1,есть,signal,,18423,Роснефть
2026-10-09T18:23:00+03:00,"Воронеж, улица Антонова-Овсеенко, 35А",95,1,есть,signal,,18423,Роснефть
2026-10-09T18:23:00+03:00,"Воронеж, улица Землячки, 7А",92,1,есть,report,50 минут,18417,Роснефть
2026-10-09T18:23:00+03:00,"Воронеж, улица Землячки, 7А",92,1,есть,summary,~50 мин,18424,Роснефть
2026-10-09T18:23:00+03:00,"Воронеж, улица Землячки, 7А",95,1,есть,report,50 минут,18417,Роснефть
2026-10-09T18:23:00+03:00,"Воронеж, улица Землячки, 7А",95,1,есть,summary,~50 мин,18424,Роснефть
2026-10-09T18:23:00+03:00,"Воронеж, улица Землячки, 7А",95+,1,есть,report,50 минут,18417,Роснефть
2026-10-09T18:23:00+03:00,"Воронеж, улица Землячки, 7А",95+,1,есть,summary,~50 мин,18424,Роснефть
2026-10-09T18:23:00+03:00,"Воронеж, улица Курчатова, 26Д",92,1,есть,report,нет,18428,Dtk
2026-10-09T18:23:00+03:00,"Воронеж, улица Курчатова, 26Д",95,1,есть,report,нет,18428,Dtk
2026-10-09T18:23:00+03:00,"Воронежская область, Рамонский район, Горожанское сельское поселение",92,1,есть,signal,,18423,Роснефть
2026-10-09T18:23:00+03:00,"Воронежская область, Рамонский район, Горожанское сельское поселение",95,1,есть,signal,,18423,Роснефть
2026-10-09T18:24:00+03:00,"Воронеж, проспект Патриотов, 1А",92,1,есть,signal,,18423,Роснефть
2026-10-09T18:24:00+03:00,"Воронеж, проспект Патриотов, 1А",95,1,есть,signal,,18423,Роснефть
2026-10-09T18:25:00+03:00,"Воронеж, Кольцовская улица, 24Б",92,1,есть,signal,,18423,ВТК
2026-10-09T18:25:00+03:00,"Воронеж, Кольцовская улица, 24Б",95,1,есть,signal,,18423,ВТК
2026-10-09T18:25:00+03:00,"Воронеж, Ленинский проспект, 154А",92,1,есть,signal,,18423,Татнефть
2026-10-09T18:25:00+03:00,"Воронеж, Ленинский проспект, 154А",95,1,есть,signal,,18423,Татнефть
2026-10-09T18:25:00+03:00,"Воронеж, Острогожская улица, 144",92,1,есть,signal,,18423,Роснефть
2026-10-09T18:25:00+03:00,"Воронеж, Острогожская улица, 144",95,1,есть,signal,,18423,Роснефть
2026-10-09T18:25:00+03:00,"Воронеж, улица 45-й Стрелковой Дивизии, 238",92,1,есть,signal,,18423,Роснефть
2026-10-09T18:25:00+03:00,"Воронеж, улица 45-й Стрелковой Дивизии, 238",95,1,есть,signal,,18423,Роснефть
2026-10-09T18:25:00+03:00,"Воронеж, улица Героев Сибиряков, 2",92,1,есть,signal,,18423,Газпромнефть
2026-10-09T18:25:00+03:00,"Воронеж, улица Героев Сибиряков, 2",95,1,есть,signal,,18423,Газпромнефть
2026-10-09T18:25:00+03:00,"Воронежская область, Новоусманский район, М-4 Дон, 534-й километр, 1",92,1,есть,signal,,18423,Татнефть
2026-10-09T18:25:00+03:00,"Воронежская область, Новоусманский район, М-4 Дон, 534-й километр, 1",95,1,есть,signal,,18423,Татнефть
2026-10-09T18:25:00+03:00,"Воронежская область, Рамонский район, Яменское сельское поселение, посёлок Солнечный, улица Московское шоссе, 2",92,1,есть,signal,,18423,Газпромнефть
2026-10-09T18:25:00+03:00,"Воронежская область, Рамонский район, Яменское сельское поселение, посёлок Солнечный, улица Московское шоссе, 2",95,1,есть,signal,,18423,Газпромнефть
2026-10-09T18:26:00+03:00,"Воронеж, Ленинский проспект, 176А",92,1,есть,signal,,18423,Газпромнефть
2026-10-09T18:26:00+03:00,"Воронеж, Ленинский проспект, 176А",95,1,есть,signal,,18423,Газпромнефть
2026-10-09T18:26:00+03:00,"Воронеж, улица Антонова-Овсеенко, 7А",95,1,есть,signal,,18423,ВТК
2026-10-09T18:26:00+03:00,"Воронеж, улица Остужева, 51",92,1,есть,signal,,18423,Газпромнефть
2026-10-09T18:26:00+03:00,"Воронеж, улица Остужева, 51",95,1,есть,signal,,18423,Газпромнефть
2026-10-09T18:26:00+03:00,"Воронежская область, Новоусманский район, М-4 Дон, 534-й километр, 2",92,1,есть,signal,,18423,Татнефть
2026-10-09T18:26:00+03:00,"Воронежская область, Новоусманский район, М-4 Дон, 534-й километр, 2",95,1,есть,signal,,18423,Татнефть
2026-10-09T18:26:00+03:00,"Воронежская область, Рамонский район, посёлок Комсомольский, Южная улица, 12",92,1,есть,report,11–20 машин,18426,Газпром
2026-10-09T18:26:00+03:00,"Воронежская область, Рамонский район, посёлок Комсомольский, Южная улица, 12",92,1,есть,summary,11–20 машин,18424,Газпром
2026-10-09T18:26:00+03:00,"Воронежская область, Рамонский район, посёлок Комсомольский, Южная улица, 12",95,1,есть,report,11–20 машин,18426,Газпром
2026-10-09T18:26:00+03:00,"Воронежская область, Рамонский район, посёлок Комсомольский, Южная улица, 12",95,1,есть,summary,11–20 машин,18424,Газпром
2026-10-09T18:26:00+03:00,"Воронежская область, Рамонский район, посёлок Комсомольский, Южная улица, 12",ДТ,1,есть,report,11–20 машин,18426,Газпром
2026-10-09T18:26:00+03:00,"Воронежская область, Рамонский район, посёлок Комсомольский, Южная улица, 12",ДТ,1,есть,summary,11–20 машин,18424,Газпром
2026-10-09T18:27:00+03:00,"Воронеж, Новосибирская улица, 2А",92,1,есть,signal,,18423,Татнефть
2026-10-09T18:27:00+03:00,"Воронеж, Новосибирская улица, 2А",95,1,есть,signal,,18423,Татнефть
2026-10-09T18:27:00+03:00,"Воронеж, улица 9 Января, 258А",92,1,есть,signal,,18423,Роснефть
2026-10-09T18:27:00+03:00,"Воронеж, улица 9 Января, 258А",95,1,есть,signal,,18423,Роснефть
2026-10-09T18:27:00+03:00,"Воронежская область, Рамонский район, Айдаровское сельское поселение, село Чертовицы, улица Мира, 1",92,1,есть,signal,,18423,Лукойл
2026-10-09T18:27:00+03:00,"Воронежская область, Рамонский район, Айдаровское сельское поселение, село Чертовицы, улица Мира, 1",95,1,есть,signal,,18423,Лукойл
2026-10-09T18:27:00+03:00,"Воронежская область, Рамонский район, Яменское сельское поселение, хутор Ветряк, Транспортная улица, 6",92,1,есть,signal,,18423,Газпромнефть
2026-10-09T18:27:00+03:00,"Воронежская область, Рамонский район, Яменское сельское поселение, хутор Ветряк, Транспортная улица, 6",95,1,есть,signal,,18423,Газпромнефть
2026-10-09T18:27:00+03:00,"Воронежская область, Семилуки, Воронежская улица, 1",92,1,есть,signal,,18423,Лукойл
2026-10-09T18:27:00+03:00,"Воронежская область, Семилуки, Воронежская улица, 1",95,1,есть,signal,,18423,Лукойл
2026-10-09T18:28:00+03:00,"Воронеж, Ленинский проспект, 176А",92,1,есть,signal,,18423,Газпромнефть
2026-10-09T18:28:00+03:00,"Воронеж, Ленинский проспект, 176А",95,1,есть,signal,,18423,Газпромнефть
2026-10-09T18:28:00+03:00,"Воронеж, проспект Труда, 107А",92,1,есть,signal,,18423,Татнефть
2026-10-09T18:29:00+03:00,"Воронеж, улица 9 Января, 245А",92,1,есть,signal,,18423,Роснефть
2026-10-09T18:29:00+03:00,"Воронеж, улица 9 Января, 245А",95,1,есть,signal,,18423,Роснефть
2026-10-09T18:29:00+03:00,"Воронеж, улица Героев Сибиряков, 2",92,1,есть,signal,,18423,Газпромнефть
2026-10-09T18:29:00+03:00,"Воронеж, улица Героев Сибиряков, 2",95,1,есть,signal,,18423,Газпромнефть
2026-10-09T18:30:00+03:00,"Воронеж, переулок Отличников, 43А",92,1,есть,signal,,18423,Роснефть
2026-10-09T18:30:00+03:00,"Воронеж, переулок Отличников, 43А",95,1,есть,signal,,18423,Роснефть
2026-10-09T18:30:00+03:00,"Воронежская область, Рамонский район, Яменское сельское поселение",92,1,есть,signal,,18423,Teboil
2026-10-09T18:30:00+03:00,"Воронежская область, Рамонский район, Яменское сельское поселение",95,1,есть,signal,,18423,Teboil
2026-10-09T18:31:00+03:00,"Воронеж, улица Героев Сибиряков, 1Л",92,1,есть,signal,,18423,Teboil
2026-10-09T18:31:00+03:00,"Воронеж, улица Героев Сибиряков, 1Л",95,1,есть,signal,,18423,Teboil
2026-10-09T18:31:00+03:00,"Воронеж, улица Ильюшина, 3А",92,1,есть,signal,,18423,Роснефть
2026-10-09T18:31:00+03:00,"Воронеж, улица Ильюшина, 3А",95,1,есть,signal,,18423,Роснефть
2026-10-09T18:31:00+03:00,"Воронеж, улица Остужева, 37",92,1,есть,signal,,18423,Лукойл
2026-10-09T18:31:00+03:00,"Воронеж, улица Остужева, 37",95,1,есть,signal,,18423,Лукойл
2026-10-09T18:31:00+03:00,"Воронежская область, Рамонский район, Горожанское сельское поселение",92,1,есть,signal,,18423,Роснефть
2026-10-09T18:31:00+03:00,"Воронежская область, Рамонский район, Горожанское сельское поселение",95,1,есть,signal,,18423,Роснефть
2026-10-09T18:31:00+03:00,"Воронежская область, Рамонский район, Яменское сельское поселение, посёлок Солнечный, улица Московское шоссе, 2",92,1,есть,signal,,18423,Газпромнефть
2026-10-09T18:31:00+03:00,"Воронежская область, Рамонский район, Яменское сельское поселение, посёлок Солнечный, улица Московское шоссе, 2",95,1,есть,signal,,18423,Газпромнефть
2026-10-09T18:31:00+03:00,"Воронежская область, село Новая Усмань, улица Ленина, 313/2",92,1,есть,signal,,18423,Роснефть
2026-10-09T18:31:00+03:00,"Воронежская область, село Новая Усмань, улица Ленина, 313/2",95,1,есть,signal,,18423,Роснефть
2026-10-09T18:32:00+03:00,"Воронеж, Ленинский проспект, 154А",92,1,есть,signal,,18423,Татнефть
2026-10-09T18:32:00+03:00,"Воронеж, Ленинский проспект, 154А",95,1,есть,signal,,18423,Татнефть
2026-10-09T18:32:00+03:00,"Воронеж, Холмистая улица, 66",95,1,есть,signal,,18423,Газпромнефть
2026-10-09T18:32:00+03:00,"Воронеж, улица Антонова-Овсеенко, 7А",95,1,есть,signal,,18423,ВТК
2026-10-09T18:32:00+03:00,"Воронежская область, Новоусманский район, М-4 Дон, 534-й километр, 1",92,1,есть,signal,,18423,Татнефть
2026-10-09T18:32:00+03:00,"Воронежская область, Новоусманский район, М-4 Дон, 534-й километр, 1",95,1,есть,signal,,18423,Татнефть
2026-10-09T18:32:00+03:00,"Воронежская область, Новоусманский район, М-4 Дон, 534-й километр, 2",92,1,есть,signal,,18423,Татнефть
2026-10-09T18:32:00+03:00,"Воронежская область, Новоусманский район, М-4 Дон, 534-й километр, 2",95,1,есть,signal,,18423,Татнефть
2026-10-09T18:32:00+03:00,"Воронежская область, Семилуки, Воронежская улица, 1",92,1,есть,signal,,18423,Лукойл
2026-10-09T18:32:00+03:00,"Воронежская область, Семилуки, Воронежская улица, 1",95,1,есть,signal,,18423,Лукойл
2026-10-09T18:33:00+03:00,"Воронеж, Острогожская улица, 144",92,1,есть,signal,,18423,Роснефть
2026-10-09T18:33:00+03:00,"Воронеж, Острогожская улица, 144",95,1,есть,signal,,18423,Роснефть
2026-10-09T18:33:00+03:00,"Воронеж, набережная Максима Горького, 33А",92,1,есть,signal,,18423,ВТК
2026-10-09T18:33:00+03:00,"Воронеж, набережная Максима Горького, 33А",95,1,есть,signal,,18423,ВТК
2026-10-09T18:33:00+03:00,"Воронеж, улица 9 Января, 223А",95,1,есть,signal,,18423,Татнефть
2026-10-09T18:33:00+03:00,"Воронеж, улица Антонова-Овсеенко, 35А",92,1,есть,signal,,18423,Роснефть
2026-10-09T18:33:00+03:00,"Воронеж, улица Антонова-Овсеенко, 35А",95,1,есть,signal,,18423,Роснефть
2026-10-09T18:33:00+03:00,"Воронежская область, село Новая Усмань, Ростовская улица, 133А",92,1,есть,signal,,18423,Газпромнефть
2026-10-09T18:33:00+03:00,"Воронежская область, село Новая Усмань, Ростовская улица, 133А",95,1,есть,signal,,18423,Газпромнефть
2026-10-09T18:34:00+03:00,"Воронежская область, Рамонский район, Яменское сельское поселение, посёлок Солнечный, улица Московское шоссе, 2",92,1,есть,signal,,18423,Газпромнефть
2026-10-09T18:34:00+03:00,"Воронежская область, Рамонский район, Яменское сельское поселение, посёлок Солнечный, улица Московское шоссе, 2",95,1,есть,signal,,18423,Газпромнефть
2026-10-09T18:34:00+03:00,"Воронежская область, Рамонский район, Яменское сельское поселение, хутор Ветряк, Транспортная улица, 6",92,1,есть,signal,,18423,Газпромнефть
2026-10-09T18:34:00+03:00,"Воронежская область, Рамонский район, Яменское сельское поселение, хутор Ветряк, Транспортная улица, 6",95,1,есть,signal,,18423,Газпромнефть
2026-10-09T18:35:00+03:00,"Воронежская область, Новоусманский район, М-4 Дон, 522-й километр",95,1,есть,signal,,18423,Лукойл
2026-10-09T18:35:00+03:00,"Воронежская область, Рамонский район, Айдаровское сельское поселение, село Чертовицы, улица Мира, 1",92,1,есть,signal,,18423,Лукойл
2026-10-09T18:35:00+03:00,"Воронежская область, Рамонский район, Айдаровское сельское поселение, село Чертовицы, улица Мира, 1",95,1,есть,signal,,18423,Лукойл
2026-10-09T18:35:00+03:00,"Воронежская область, Рамонский район, Горожанское сельское поселение",92,1,есть,signal,,18423,Роснефть
2026-10-09T18:35:00+03:00,"Воронежская область, Рамонский район, Горожанское сельское поселение",95,1,есть,signal,,18423,Роснефть
2026-10-09T18:36:00+03:00,"Воронеж, Ленинский проспект, 176А",92,1,есть,signal,,18423,Газпромнефть
2026-10-09T18:36:00+03:00,"Воронеж, Ленинский проспект, 176А",95,1,есть,signal,,18423,Газпромнефть
2026-10-09T18:36:00+03:00,"Воронеж, проспект Труда, 107А",92,1,есть,signal,,18423,Татнефть
2026-10-09T18:36:00+03:00,"Воронеж, проспект Труда, 107А",95,1,есть,signal,,18423,Татнефть
2026-10-09T18:36:00+03:00,"Воронеж, улица Героев Сибиряков, 1Л",92,1,есть,signal,,18423,Teboil
2026-10-09T18:36:00+03:00,"Воронеж, улица Героев Сибиряков, 1Л",95,1,есть,signal,,18423,Teboil
2026-10-09T18:36:00+03:00,"Воронежская область, Новоусманский район, Рогачёвское сельское поселение",92,1,есть,signal,,18423,Роснефть
2026-10-09T18:36:00+03:00,"Воронежская область, Новоусманский район, Рогачёвское сельское поселение",95,1,есть,signal,,18423,Роснефть
2026-10-09T18:36:00+03:00,"Воронежская область, Рамонский район, Яменское сельское поселение",92,1,есть,signal,,18423,Teboil
2026-10-09T18:36:00+03:00,"Воронежская область, Рамонский район, Яменское сельское поселение",95,1,есть,signal,,18423,Teboil
2026-10-09T18:37:00+03:00,"Воронеж, Новосибирская улица, 2А",92,1,есть,signal,,18423,Татнефть
2026-10-09T18:37:00+03:00,"Воронеж, Новосибирская улица, 2А",95,1,есть,signal,,18423,Татнефть
2026-10-09T18:37:00+03:00,"Воронеж, улица Степана Солодовникова, 6",95,1,есть,signal,,18423,Лукойл
2026-10-09T18:38:00+03:00,"Воронеж, Острогожская улица, 144",92,1,есть,signal,,18423,Роснефть
2026-10-09T18:38:00+03:00,"Воронеж, Острогожская улица, 144",95,1,есть,signal,,18423,Роснефть
2026-10-09T18:38:00+03:00,"Воронеж, Спокойный переулок, 24А",92,1,есть,signal,,18423,Роснефть
2026-10-09T18:38:00+03:00,"Воронеж, Спокойный переулок, 24А",95,1,есть,signal,,18423,Роснефть
2026-10-09T18:38:00+03:00,"Воронеж, улица Антонова-Овсеенко, 7А",95,1,есть,signal,,18423,ВТК
2026-10-09T18:38:00+03:00,"Воронеж, улица Героев Сибиряков, 2",92,1,есть,signal,,18423,Газпромнефть
2026-10-09T18:38:00+03:00,"Воронеж, улица Героев Сибиряков, 2",95,1,есть,signal,,18423,Газпромнефть
2026-10-09T18:38:00+03:00,"Воронеж, улица Героев Сибиряков, 20А",95,1,есть,signal,,18423,Лукойл
2026-10-09T18:38:00+03:00,"Воронеж, улица Остужева, 51",92,1,есть,signal,,18423,Газпромнефть
2026-10-09T18:38:00+03:00,"Воронеж, улица Остужева, 51",95,1,есть,signal,,18423,Газпромнефть
2026-10-09T18:38:00+03:00,"Воронеж, улица Чебышева, 13/1",92,1,есть,signal,,18423,Роснефть
2026-10-09T18:38:00+03:00,"Воронеж, улица Чебышева, 13/1",95,1,есть,signal,,18423,Роснефть
2026-10-09T18:38:00+03:00,"Воронежская область, Новоусманский район, М-4 Дон, 534-й километр, 2",92,1,есть,signal,,18423,Татнефть
2026-10-09T18:38:00+03:00,"Воронежская область, Новоусманский район, М-4 Дон, 534-й километр, 2",95,1,есть,signal,,18423,Татнефть
2026-10-09T18:39:00+03:00,"Воронеж, Ленинский проспект, 154А",92,1,есть,signal,,18423,Татнефть
2026-10-09T18:39:00+03:00,"Воронеж, Ленинский проспект, 154А",95,1,есть,signal,,18423,Татнефть
2026-10-09T18:39:00+03:00,"Воронеж, Московский проспект, 86Б",92,1,есть,signal,,18423,ВТК
2026-10-09T18:39:00+03:00,"Воронеж, Новосибирская улица, 84Б",92,1,есть,signal,,18423,Газпромнефть
2026-10-09T18:39:00+03:00,"Воронеж, Новосибирская улица, 84Б",95,1,есть,signal,,18423,Газпромнефть
2026-10-09T18:39:00+03:00,"Воронеж, улица Димитрова, 140Д",92,1,есть,signal,,18423,Teboil
2026-10-09T18:39:00+03:00,"Воронеж, улица Димитрова, 140Д",95,1,есть,signal,,18423,Teboil
2026-10-09T18:39:00+03:00,"Воронеж, улица Урицкого, 58А",92,1,есть,signal,,18423,ВТК
2026-10-09T18:39:00+03:00,"Воронеж, улица Урицкого, 58А",95,1,есть,signal,,18423,ВТК
2026-10-09T18:39:00+03:00,"Воронежская область, Новоусманский район, село Бабяково, Транспортная улица",92,1,есть,report,от КБ,18429,Газпром
2026-10-09T18:39:00+03:00,"Воронежская область, Новоусманский район, село Бабяково, Транспортная улица",92,1,есть,summary,большая,18424,Газпром
2026-10-09T18:39:00+03:00,"Воронежская область, Семилуки, Воронежская улица, 1",92,1,есть,signal,,18423,Лукойл
2026-10-09T18:39:00+03:00,"Воронежская область, Семилуки, Воронежская улица, 1",95,1,есть,signal,,18423,Лукойл
2026-10-09T18:40:00+03:00,"Воронежская область, Новоусманский район, Никольское сельское поселение, посёлок совхоза ""Воронежский"", Советская улица, 41А",95,1,есть,signal,,18423,Лукойл
2026-10-09T18:43:00+03:00,"Воронеж, улица Антонова-Овсеенко, 35А",92,1,есть,signal,,18432,Роснефть
2026-10-09T18:43:00+03:00,"Воронеж, улица Антонова-Овсеенко, 35А",95,1,есть,signal,,18432,Роснефть
2026-10-09T18:43:00+03:00,"Воронеж, улица Ворошилова",92,1,есть,signal,,18432,Газпромнефть
2026-10-09T18:43:00+03:00,"Воронеж, улица Ворошилова",95,1,есть,signal,,18432,Газпромнефть
2026-10-09T18:44:00+03:00,"Воронежская область, Рамонский район, Горожанское сельское поселение",92,1,есть,signal,,18432,Роснефть
2026-10-09T18:44:00+03:00,"Воронежская область, Рамонский район, Горожанское сельское поселение",95,1,есть,signal,,18432,Роснефть
2026-10-09T18:45:00+03:00,"Воронеж, Кольцовская улица, 24Б",92,1,есть,signal,,18432,ВТК
2026-10-09T18:45:00+03:00,"Воронеж, Кольцовская улица, 24Б",95,1,есть,signal,,18432,ВТК
2026-10-09T18:46:00+03:00,"Воронеж, Ленинский проспект, 176А",92,1,есть,signal,,18432,Газпромнефть
2026-10-09T18:46:00+03:00,"Воронеж, Ленинский проспект, 176А",95,1,есть,signal,,18432,Газпромнефть
2026-10-09T18:46:00+03:00,"Воронеж, Новосибирская улица, 2А",92,1,есть,signal,,18432,Татнефть
2026-10-09T18:46:00+03:00,"Воронеж, Новосибирская улица, 2А",95,1,есть,signal,,18432,Татнефть
2026-10-09T18:46:00+03:00,"Воронеж, Острогожская улица, 144",92,1,есть,signal,,18432,Роснефть
2026-10-09T18:46:00+03:00,"Воронеж, Острогожская улица, 144",95,1,есть,signal,,18432,Роснефть
2026-10-09T18:46:00+03:00,"Воронеж, улица Остужева, 37",92,1,есть,signal,,18432,Лукойл
2026-10-09T18:46:00+03:00,"Воронеж, улица Остужева, 37",95,1,есть,signal,,18432,Лукойл
2026-10-09T18:47:00+03:00,"Воронежская область, Рамонский район, Яменское сельское поселение, посёлок Солнечный, Парковая улица, 7",92,1,есть,signal,,18432,Лукойл
2026-10-09T18:47:00+03:00,"Воронежская область, Рамонский район, Яменское сельское поселение, посёлок Солнечный, Парковая улица, 7",95,1,есть,signal,,18432,Лукойл
2026-10-09T18:48:00+03:00,"Воронеж, улица 9 Января, 223А",92,1,есть,signal,,18432,Татнефть
2026-10-09T18:48:00+03:00,"Воронеж, улица 9 Января, 223А",95,1,есть,signal,,18432,Татнефть
2026-10-09T18:48:00+03:00,"Воронежская область, Семилуки, Воронежская улица, 1",92,1,есть,signal,,18432,Лукойл
2026-10-09T18:48:00+03:00,"Воронежская область, Семилуки, Воронежская улица, 1",95,1,есть,signal,,18432,Лукойл
2026-10-09T18:49:00+03:00,"Воронежская область, Рамонский район, Яменское сельское поселение, хутор Ветряк, Транспортная улица, 6",92,1,есть,signal,,18432,Газпромнефть
2026-10-09T18:49:00+03:00,"Воронежская область, Рамонский район, Яменское сельское поселение, хутор Ветряк, Транспортная улица, 6",95,1,есть,signal,,18432,Газпромнефть
2026-10-09T18:49:00+03:00,"Воронежская область, село Новая Усмань, Ростовская улица, 133А",92,1,есть,signal,,18432,Газпромнефть
2026-10-09T18:49:00+03:00,"Воронежская область, село Новая Усмань, Ростовская улица, 133А",95,1,есть,signal,,18432,Газпромнефть
2026-10-09T18:50:00+03:00,"Воронежская область, Новоусманский район, М-4 Дон, 522-й километр",95,1,есть,signal,,18432,Лукойл
2026-10-09T18:51:00+03:00,"Воронеж, Спокойный переулок, 24А",92,1,есть,signal,,18432,Роснефть
2026-10-09T18:51:00+03:00,"Воронеж, Спокойный переулок, 24А",95,1,есть,signal,,18432,Роснефть
2026-10-09T18:51:00+03:00,"Воронежская область, Новоусманский район, Рогачёвское сельское поселение",92,1,есть,signal,,18432,Роснефть
2026-10-09T18:51:00+03:00,"Воронежская область, Новоусманский район, Рогачёвское сельское поселение",95,1,есть,signal,,18432,Роснефть
2026-10-09T18:52:00+03:00,"Воронеж, Дорожная улица, 19А",92,1,есть,signal,,18432,Татнефть
2026-10-09T18:52:00+03:00,"Воронеж, Дорожная улица, 19А",95,1,есть,signal,,18432,Татнефть
2026-10-09T18:52:00+03:00,"Воронеж, Кольцовская улица, 24Б",92,1,есть,signal,,18432,ВТК
2026-10-09T18:52:00+03:00,"Воронеж, Кольцовская улица, 24Б",95,1,есть,signal,,18432,ВТК
2026-10-09T18:53:00+03:00,"Воронеж, Ленинский проспект, 154А",98,1,есть,report,очередь 30 машин,18430,Татнефть
2026-10-09T18:53:00+03:00,"Воронеж, Ленинский проспект, 154А",98,1,есть,summary,~30 машин,18424,Татнефть
2026-10-09T18:53:00+03:00,"Воронежская область, Рамонский район, Яменское сельское поселение, посёлок Солнечный, улица Московское шоссе, 2",92,1,есть,signal,,18432,Газпромнефть
2026-10-09T18:53:00+03:00,"Воронежская область, Рамонский район, Яменское сельское поселение, посёлок Солнечный, улица Московское шоссе, 2",95,1,есть,signal,,18432,Газпромнефть
2026-10-09T18:55:00+03:00,"Воронежская область, село Новая Усмань, Дорожная улица, 31",95,1,есть,signal,,18432,Роснефть
2026-10-09T18:56:00+03:00,"Воронеж, улица 9 Января, 104",92,1,есть,signal,,18432,ВТК
2026-10-09T18:56:00+03:00,"Воронеж, улица 9 Января, 104",95,1,есть,signal,,18432,ВТК
2026-10-09T18:56:00+03:00,"Воронежская область, рабочий посёлок Рамонь, Воронежская улица, 19А",92,1,есть,signal,,18432,Роснефть
2026-10-09T18:56:00+03:00,"Воронежская область, рабочий посёлок Рамонь, Воронежская улица, 19А",95,1,есть,signal,,18432,Роснефть
2026-10-09T18:57:00+03:00,"Воронеж, Ленинский проспект, 176А",92,1,есть,signal,,18432,Газпромнефть
2026-10-09T18:57:00+03:00,"Воронеж, Ленинский проспект, 176А",95,1,есть,signal,,18432,Газпромнефть
2026-10-09T18:57:00+03:00,"Воронеж, проспект Патриотов, 69",92,1,есть,signal,,18432,Роснефть
2026-10-09T18:57:00+03:00,"Воронеж, проспект Патриотов, 69",95,1,есть,signal,,18432,Роснефть
2026-10-09T18:57:00+03:00,"Воронежская область, Рамонский район, Яменское сельское поселение, посёлок Солнечный, Парковая улица, 7",92,1,есть,signal,,18432,Лукойл
2026-10-09T18:57:00+03:00,"Воронежская область, Рамонский район, Яменское сельское поселение, посёлок Солнечный, Парковая улица, 7",95,1,есть,signal,,18432,Лукойл
2026-10-09T18:57:00+03:00,"городской округ Воронеж, Советский район",92,1,есть,report,,18431,ВТК
2026-10-09T18:57:00+03:00,"городской округ Воронеж, Советский район",92,1,есть,summary,,18424,ВТК
2026-10-09T18:57:00+03:00,"городской округ Воронеж, Советский район",95,1,есть,report,,18431,ВТК
2026-10-09T18:57:00+03:00,"городской округ Воронеж, Советский район",95,1,есть,summary,,18424,ВТК
2026-10-09T18:58:00+03:00,"Воронежская область, Рамонский район, Яменское сельское поселение, хутор Ветряк, Транспортная улица, 6",92,1,есть,signal,,18432,Газпромнефть
2026-10-09T18:58:00+03:00,"Воронежская область, Рамонский район, Яменское сельское поселение, хутор Ветряк, Транспортная улица, 6",95,1,есть,signal,,18432,Газпромнефть
2026-10-09T18:58:00+03:00,"Воронежская область, село Новая Усмань, улица Ленина, 313/2",92,1,есть,signal,,18432,Роснефть
2026-10-09T18:58:00+03:00,"Воронежская область, село Новая Усмань, улица Ленина, 313/2",95,1,есть,signal,,18432,Роснефть
2026-10-09T18:59:00+03:00,"Воронеж, Ленинградская улица, 29В",92,1,есть,signal,,18432,Лукойл
2026-10-09T18:59:00+03:00,"Воронеж, Ленинградская улица, 29В",95,1,есть,signal,,18432,Лукойл
2026-10-09T18:59:00+03:00,"Воронеж, Новосибирская улица, 84Б",92,1,есть,signal,,18432,Газпромнефть
2026-10-09T18:59:00+03:00,"Воронеж, Новосибирская улица, 84Б",95,1,есть,signal,,18432,Газпромнефть
2026-10-09T18:59:00+03:00,"Воронеж, переулок Отличников, 43А",92,1,есть,signal,,18432,Роснефть
2026-10-09T18:59:00+03:00,"Воронеж, переулок Отличников, 43А",95,1,есть,signal,,18432,Роснефть
2026-10-09T18:59:00+03:00,"Воронеж, улица Димитрова, 140Д",92,1,есть,signal,,18432,Teboil
2026-10-09T18:59:00+03:00,"Воронеж, улица Димитрова, 140Д",95,1,есть,signal,,18432,Teboil
2026-10-09T19:00:00+03:00,"Воронеж, Новосибирская улица, 2А",92,1,есть,signal,,18432,Татнефть
2026-10-09T19:00:00+03:00,"Воронеж, Новосибирская улица, 2А",95,1,есть,signal,,18432,Татнефть
2026-10-09T19:00:00+03:00,"Воронеж, Острогожская улица, 144",92,1,есть,signal,,18432,Роснефть
2026-10-09T19:00:00+03:00,"Воронеж, Острогожская улица, 144",95,1,есть,signal,,18432,Роснефть
2026-10-09T19:00:00+03:00,"Воронеж, Холмистая улица, 66",95,1,есть,signal,,18432,Газпромнефть
2026-10-09T19:00:00+03:00,"Воронеж, улица 9 Января, 258А",92,1,есть,signal,,18432,Роснефть
2026-10-09T19:00:00+03:00,"Воронеж, улица 9 Января, 258А",95,1,есть,signal,,18432,Роснефть
2026-10-09T19:00:00+03:00,"Воронеж, улица Димитрова, 163",92,1,есть,signal,,18432,Роснефть
2026-10-09T19:00:00+03:00,"Воронеж, улица Димитрова, 163",95,1,есть,signal,,18432,Роснефть
2026-10-09T19:00:00+03:00,"Воронеж, улица Чебышева, 13/1",92,1,есть,signal,,18432,Роснефть
2026-10-09T19:00:00+03:00,"Воронеж, улица Чебышева, 13/1",95,1,есть,signal,,18432,Роснефть
2026-10-09T19:00:00+03:00,"Воронежская область, Новоусманский район, М-4 Дон, 534-й километр, 1",92,1,есть,signal,,18432,Татнефть
2026-10-09T19:00:00+03:00,"Воронежская область, Новоусманский район, М-4 Дон, 534-й километр, 1",95,1,есть,signal,,18432,Татнефть
2026-10-09T19:00:00+03:00,"Воронежская область, Рамонский район, М-4 Дон, 485-й километр, 1",92,1,есть,signal,,18432,Teboil
2026-10-09T19:00:00+03:00,"Воронежская область, Рамонский район, М-4 Дон, 485-й километр, 1",95,1,есть,signal,,18432,Teboil
2026-10-09T19:01:00+03:00,"Воронеж, Московский проспект, 84",92,1,есть,signal,,18432,Роснефть
2026-10-09T19:01:00+03:00,"Воронеж, Московский проспект, 84",95,1,есть,signal,,18432,Роснефть
2026-10-09T19:01:00+03:00,"Воронеж, улица Антонова-Овсеенко, 7А",95,1,есть,signal,,18432,ВТК
2026-10-09T19:01:00+03:00,"Воронежская область, Новоусманский район, М-4 Дон, 534-й километр, 2",92,1,есть,signal,,18432,Татнефть
2026-10-09T19:01:00+03:00,"Воронежская область, Новоусманский район, М-4 Дон, 534-й километр, 2",95,1,есть,signal,,18432,Татнефть
2026-10-09T19:01:00+03:00,"Воронежская область, Рамонский район, Яменское сельское поселение",92,1,есть,signal,,18432,Teboil
2026-10-09T19:01:00+03:00,"Воронежская область, Рамонский район, Яменское сельское поселение",95,1,есть,signal,,18432,Teboil
2026-10-09T19:01:00+03:00,"Воронежская область, Семилуки, Воронежская улица, 1",92,1,есть,signal,,18432,Лукойл
2026-10-09T19:01:00+03:00,"Воронежская область, Семилуки, Воронежская улица, 1",95,1,есть,signal,,18432,Лукойл
2026-10-09T19:01:00+03:00,"городской округ Воронеж, Железнодорожный район",92,1,есть,signal,,18432,ВТК
2026-10-09T19:01:00+03:00,"городской округ Воронеж, Железнодорожный район",95,1,есть,signal,,18432,ВТК
2026-10-09T19:02:00+03:00,"Воронеж, Московский проспект, 144",100,1,есть,report,больше 100 машин,18433,Роснефть
2026-10-09T19:02:00+03:00,"Воронеж, Московский проспект, 144",100,1,есть,summary,больше 100 машин,18424,Роснефть
2026-10-09T19:02:00+03:00,"Воронеж, Московский проспект, 144",92,1,есть,report,больше 100 машин,18433,Роснефть
2026-10-09T19:02:00+03:00,"Воронеж, Московский проспект, 144",92,1,есть,summary,больше 100 машин,18424,Роснефть
2026-10-09T19:02:00+03:00,"Воронеж, Московский проспект, 144",ДТ,1,есть,report,больше 100 машин,18433,Роснефть
2026-10-09T19:02:00+03:00,"Воронеж, Московский проспект, 144",ДТ,1,есть,summary,больше 100 машин,18424,Роснефть
2026-10-09T19:02:00+03:00,"Воронеж, проспект Патриотов, 42А",92,1,есть,signal,,18432,Татнефть
2026-10-09T19:02:00+03:00,"Воронеж, проспект Патриотов, 42А",95,1,есть,signal,,18432,Татнефть
2026-10-09T19:02:00+03:00,"Воронеж, проспект Труда, 107А",95,1,есть,signal,,18432,Татнефть
2026-10-09T19:02:00+03:00,"Воронеж, улица Героев Сибиряков, 1Л",92,1,есть,signal,,18432,Teboil
2026-10-09T19:02:00+03:00,"Воронеж, улица Героев Сибиряков, 1Л",95,1,есть,signal,,18432,Teboil
2026-10-09T19:02:00+03:00,"Воронежская область, Семилуки, Транспортная улица, 18А",92,1,есть,signal,,18432,Роснефть
2026-10-09T19:02:00+03:00,"Воронежская область, Семилуки, Транспортная улица, 18А",95,1,есть,signal,,18432,Роснефть
2026-10-09T19:07:00+03:00,"Воронеж, улица Героев Сибиряков, 1Л",92,1,есть,signal,,18432,Teboil
2026-10-09T19:07:00+03:00,"Воронеж, улица Героев Сибиряков, 1Л",95,1,есть,signal,,18432,Teboil
2026-10-09T19:08:00+03:00,"Воронеж, Дорожная улица, 1Б",92,1,есть,signal,,18432,ВТК
2026-10-09T19:08:00+03:00,"Воронеж, Дорожная улица, 1Б",95,1,есть,signal,,18432,ВТК
2026-10-09T19:08:00+03:00,"Воронеж, Новосибирская улица, 2А",92,1,есть,signal,,18432,Татнефть
2026-10-09T19:08:00+03:00,"Воронеж, Новосибирская улица, 2А",95,1,есть,signal,,18432,Татнефть
2026-10-09T19:08:00+03:00,"Воронежская область, Рамонский район, Яменское сельское поселение, посёлок Солнечный, Парковая улица, 7",92,1,есть,signal,,18432,Лукойл
2026-10-09T19:08:00+03:00,"Воронежская область, Рамонский район, Яменское сельское поселение, посёлок Солнечный, Парковая улица, 7",95,1,есть,signal,,18432,Лукойл
2026-10-09T19:09:00+03:00,"Воронеж, набережная Максима Горького, 33А",92,1,есть,signal,,18432,ВТК
2026-10-09T19:09:00+03:00,"Воронеж, набережная Максима Горького, 33А",95,1,есть,signal,,18432,ВТК
2026-10-09T19:09:00+03:00,"Воронеж, улица Героев Сибиряков, 20А",92,1,есть,signal,,18432,Лукойл
2026-10-09T19:09:00+03:00,"Воронеж, улица Героев Сибиряков, 20А",95,1,есть,signal,,18432,Лукойл
2026-10-09T19:09:00+03:00,"Воронежская область, Новоусманский район, Никольское сельское поселение, посёлок совхоза ""Воронежский"", Советская улица, 41А",92,1,есть,signal,,18432,Лукойл
2026-10-09T19:10:00+03:00,"Воронеж, Ленинский проспект, 176А",92,1,есть,signal,,18432,Газпромнефть
2026-10-09T19:10:00+03:00,"Воронеж, Ленинский проспект, 176А",95,1,есть,signal,,18432,Газпромнефть
2026-10-09T19:10:00+03:00,"Воронежская область, село Новая Усмань, улица Ленина, 313/2",92,1,есть,signal,,18432,Роснефть
2026-10-09T19:10:00+03:00,"Воронежская область, село Новая Усмань, улица Ленина, 313/2",95,1,есть,signal,,18432,Роснефть
2026-10-09T19:11:00+03:00,"Воронеж, Ленинский проспект, 182",92,1,есть,signal,,18432,Роснефть
2026-10-09T19:11:00+03:00,"Воронеж, Московский проспект, 129/2",92,1,есть,signal,,18432,ВТК
2026-10-09T19:11:00+03:00,"Воронеж, Холмистая улица, 66",95,1,есть,signal,,18432,Газпромнефть
2026-10-09T19:11:00+03:00,"Воронежская область, Рамонский район, Яменское сельское поселение, хутор Ветряк, Транспортная улица, 6",92,1,есть,signal,,18432,Газпромнефть
2026-10-09T19:11:00+03:00,"Воронежская область, Рамонский район, Яменское сельское поселение, хутор Ветряк, Транспортная улица, 6",95,1,есть,signal,,18432,Газпромнефть
2026-10-09T19:12:00+03:00,"Воронеж, Кольцовская улица, 24Б",92,1,есть,signal,,18432,ВТК
2026-10-09T19:12:00+03:00,"Воронеж, Кольцовская улица, 24Б",95,1,есть,signal,,18432,ВТК
2026-10-09T19:12:00+03:00,"Воронеж, проспект Патриотов, 69",92,1,есть,signal,,18432,Роснефть
2026-10-09T19:12:00+03:00,"Воронеж, проспект Патриотов, 69",95,1,есть,signal,,18432,Роснефть
2026-10-09T19:12:00+03:00,"Воронеж, улица Свободы, 79Б",92,1,есть,signal,,18432,ВТК
2026-10-09T19:12:00+03:00,"Воронеж, улица Свободы, 79Б",95,1,есть,signal,,18432,ВТК
2026-10-09T19:12:00+03:00,"Воронежская область, Рамонский район, Яменское сельское поселение",92,1,есть,signal,,18432,Teboil
2026-10-09T19:12:00+03:00,"Воронежская область, Рамонский район, Яменское сельское поселение",95,1,есть,signal,,18432,Teboil
2026-10-09T19:12:00+03:00,"Воронежская область, Семилукский район, Р-298, 210-й километр, 1",92,1,есть,signal,,18432,Лукойл
2026-10-09T19:12:00+03:00,"Воронежская область, Семилукский район, Р-298, 210-й километр, 1",95,1,есть,signal,,18432,Лукойл
2026-10-09T19:12:00+03:00,"Воронежская область, село Новая Усмань, Дорожная улица, 31",92,1,есть,signal,,18432,Роснефть
2026-10-09T19:12:00+03:00,"Воронежская область, село Новая Усмань, Дорожная улица, 31",95,1,есть,signal,,18432,Роснефть
2026-10-09T19:12:00+03:00,"Воронежская область, село Новая Усмань, Ростовская улица, 133А",92,1,есть,signal,,18432,Газпромнефть
2026-10-09T19:12:00+03:00,"Воронежская область, село Новая Усмань, Ростовская улица, 133А",95,1,есть,signal,,18432,Газпромнефть
2026-10-09T19:13:00+03:00,"Воронеж, улица Остужева, 51",92,1,есть,signal,,18432,Газпромнефть
2026-10-09T19:13:00+03:00,"Воронеж, улица Остужева, 51",95,1,есть,signal,,18432,Газпромнефть
2026-10-09T19:13:00+03:00,"Воронежская область, Новоусманский район, М-4 Дон, 522-й километр",92,1,есть,signal,,18432,Лукойл
2026-10-09T19:13:00+03:00,"Воронежская область, Новоусманский район, М-4 Дон, 522-й километр",95,1,есть,signal,,18432,Лукойл
2026-10-09T19:14:00+03:00,"Воронеж, Московский проспект, 84",92,1,есть,signal,,18432,Роснефть
2026-10-09T19:14:00+03:00,"Воронеж, Московский проспект, 84",95,1,есть,signal,,18432,Роснефть
2026-10-09T19:14:00+03:00,"Воронеж, улица Героев Сибиряков, 2",92,1,есть,signal,,18432,Газпромнефть
2026-10-09T19:14:00+03:00,"Воронеж, улица Героев Сибиряков, 2",95,1,есть,signal,,18432,Газпромнефть
2026-10-09T19:14:00+03:00,"Воронеж, улица Землячки, 7А",92,1,есть,signal,,18432,Роснефть
2026-10-09T19:14:00+03:00,"Воронеж, улица Землячки, 7А",95,1,есть,signal,,18432,Роснефть
2026-10-09T19:14:00+03:00,"Воронежская область, Семилуки, Транспортная улица, 18А",92,1,есть,signal,,18432,Роснефть
2026-10-09T19:14:00+03:00,"Воронежская область, Семилуки, Транспортная улица, 18А",95,1,есть,signal,,18432,Роснефть
2026-10-09T19:15:00+03:00,"Воронеж, Новосибирская улица, 13Д",92,1,есть,signal,,18432,Татнефть
2026-10-09T19:15:00+03:00,"Воронеж, Новосибирская улица, 13Д",95,1,есть,signal,,18432,Татнефть
2026-10-09T19:15:00+03:00,"Воронеж, проспект Патриотов, 42А",92,1,есть,signal,,18432,Татнефть
2026-10-09T19:15:00+03:00,"Воронеж, проспект Патриотов, 42А",95,1,есть,signal,,18432,Татнефть
2026-10-09T19:15:00+03:00,"Воронеж, улица Космонавтов, 6А",92,1,есть,signal,,18432,Роснефть
2026-10-09T19:15:00+03:00,"Воронеж, улица Космонавтов, 6А",95,1,есть,signal,,18432,Роснефть
2026-10-09T19:15:00+03:00,"Воронеж, улица Любы Шевцовой, 36А",95,1,есть,signal,,18432,Татнефть
2026-10-09T19:15:00+03:00,"Воронеж, улица Чебышева, 13/1",92,1,есть,signal,,18432,Роснефть
2026-10-09T19:15:00+03:00,"Воронеж, улица Чебышева, 13/1",95,1,есть,signal,,18432,Роснефть
2026-10-09T19:15:00+03:00,"Воронежская область, Новоусманский район, М-4 Дон, 534-й километр, 1",92,1,есть,signal,,18432,Татнефть
2026-10-09T19:15:00+03:00,"Воронежская область, Новоусманский район, М-4 Дон, 534-й километр, 1",95,1,есть,signal,,18432,Татнефть
2026-10-09T19:15:00+03:00,"Воронежская область, Рамонский район, Яменское сельское поселение, посёлок Солнечный, улица Московское шоссе, 2",92,1,есть,signal,,18432,Газпромнефть
2026-10-09T19:15:00+03:00,"Воронежская область, Рамонский район, Яменское сельское поселение, посёлок Солнечный, улица Московское шоссе, 2",95,1,есть,signal,,18432,Газпромнефть
2026-10-09T19:15:00+03:00,"Воронежская область, село Новая Усмань, Дорожная улица, 31",92,1,есть,signal,,18432,Роснефть
2026-10-09T19:16:00+03:00,"Воронеж, Московский проспект, 4А",92,1,есть,signal,,18432,Роснефть
2026-10-09T19:16:00+03:00,"Воронеж, Московский проспект, 4А",95,1,есть,signal,,18432,Роснефть
2026-10-09T19:16:00+03:00,"Воронеж, улица Антонова-Овсеенко, 35А",92,1,есть,signal,,18432,Роснефть
2026-10-09T19:16:00+03:00,"Воронеж, улица Антонова-Овсеенко, 35А",95,1,есть,signal,,18432,Роснефть
2026-10-09T19:16:00+03:00,"Воронеж, улица Антонова-Овсеенко, 7А",92,1,есть,signal,,18432,ВТК
2026-10-09T19:16:00+03:00,"Воронеж, улица Антонова-Овсеенко, 7А",95,1,есть,signal,,18432,ВТК
2026-10-09T19:16:00+03:00,"Воронеж, улица Димитрова, 163",92,1,есть,signal,,18432,Роснефть
2026-10-09T19:16:00+03:00,"Воронеж, улица Димитрова, 163",95,1,есть,signal,,18432,Роснефть
2026-10-09T19:16:00+03:00,"Воронежская область, Новоусманский район, посёлок Отрадное, Цветочная улица, 26",92,1,есть,signal,,18432,Лукойл
2026-10-09T19:16:00+03:00,"Воронежская область, Новоусманский район, посёлок Отрадное, Цветочная улица, 26",95,1,есть,signal,,18432,Лукойл
2026-10-09T19:16:00+03:00,"Воронежская область, Семилуки, Воронежская улица, 1",92,1,есть,signal,,18432,Лукойл
2026-10-09T19:16:00+03:00,"Воронежская область, Семилуки, Воронежская улица, 1",95,1,есть,signal,,18432,Лукойл
2026-10-09T19:17:00+03:00,"Воронежская область, Новоусманский район, М-4 Дон, 518-й километр, 2",92,1,есть,signal,,18432,Лукойл
2026-10-09T19:18:00+03:00,"Воронеж, улица Землячки, 7А",92,1,есть,signal,,18432,Роснефть
2026-10-09T19:18:00+03:00,"Воронеж, улица Землячки, 7А",95,1,есть,signal,,18432,Роснефть
2026-10-09T19:18:00+03:00,"Воронежская область, Новоусманский район, М-4 Дон, 534-й километр, 2",92,1,есть,signal,,18432,Татнефть
2026-10-09T19:18:00+03:00,"Воронежская область, Новоусманский район, М-4 Дон, 534-й километр, 2",95,1,есть,signal,,18432,Татнефть
2026-10-09T19:18:00+03:00,"Воронежская область, Рамонский район, Горожанское сельское поселение",92,1,есть,signal,,18432,Роснефть
2026-10-09T19:18:00+03:00,"Воронежская область, Рамонский район, Горожанское сельское поселение",95,1,есть,signal,,18432,Роснефть
2026-10-09T19:19:00+03:00,"Воронежская область, Рамонский район, М-4 Дон, 485-й километр, 1",92,1,есть,signal,,18432,Teboil
2026-10-09T19:19:00+03:00,"Воронежская область, Рамонский район, М-4 Дон, 485-й километр, 1",95,1,есть,signal,,18432,Teboil
2026-10-09T19:19:00+03:00,"Воронежская область, Рамонский район, Яменское сельское поселение",92,1,есть,signal,,18432,Teboil
2026-10-09T19:19:00+03:00,"Воронежская область, Рамонский район, Яменское сельское поселение",95,1,есть,signal,,18432,Teboil
2026-10-09T19:20:00+03:00,"Воронеж, Кольцовская улица, 24Б",92,1,есть,signal,,18432,ВТК
2026-10-09T19:20:00+03:00,"Воронеж, Кольцовская улица, 24Б",95,1,есть,signal,,18432,ВТК
2026-10-09T19:20:00+03:00,"Воронеж, Острогожская улица, 144",92,1,есть,report,50 машин,18434,Роснефть
2026-10-09T19:20:00+03:00,"Воронеж, Острогожская улица, 144",92,1,есть,summary,~50,18424,Роснефть
2026-10-09T19:20:00+03:00,"Воронеж, Острогожская улица, 144",95,1,есть,report,50 машин,18434,Роснефть
2026-10-09T19:20:00+03:00,"Воронеж, Острогожская улица, 144",95,1,есть,summary,~50,18424,Роснефть
2026-10-09T19:20:00+03:00,"Воронеж, улица 45-й Стрелковой Дивизии, 238",92,1,есть,signal,,18432,Роснефть
2026-10-09T19:20:00+03:00,"Воронеж, улица 45-й Стрелковой Дивизии, 238",95,1,есть,signal,,18432,Роснефть
2026-10-09T19:20:00+03:00,"Воронеж, улица 9 Января, 104",92,1,есть,signal,,18432,ВТК
2026-10-09T19:20:00+03:00,"Воронеж, улица 9 Января, 104",95,1,есть,signal,,18432,ВТК
2026-10-09T19:20:00+03:00,"Воронеж, улица Ворошилова",92,1,есть,signal,,18432,Газпромнефть
2026-10-09T19:20:00+03:00,"Воронеж, улица Ворошилова",95,1,есть,signal,,18432,Газпромнефть
2026-10-09T19:20:00+03:00,"Воронеж, улица Свободы, 79Б",92,1,есть,signal,,18432,ВТК
2026-10-09T19:20:00+03:00,"Воронеж, улица Свободы, 79Б",95,1,есть,signal,,18432,ВТК
2026-10-09T19:20:00+03:00,"Воронежская область, Рамонский район, Яменское сельское поселение, посёлок Солнечный, улица Московское шоссе, 2",92,1,есть,signal,,18432,Газпромнефть
2026-10-09T19:20:00+03:00,"Воронежская область, Рамонский район, Яменское сельское поселение, посёлок Солнечный, улица Московское шоссе, 2",95,1,есть,signal,,18432,Газпромнефть
2026-10-09T19:20:00+03:00,"Воронежская область, Семилуки, Воронежская улица, 1",92,1,есть,signal,,18432,Лукойл
2026-10-09T19:20:00+03:00,"Воронежская область, Семилуки, Воронежская улица, 1",95,1,есть,signal,,18432,Лукойл
2026-10-09T19:21:00+03:00,"Воронеж, Ленинский проспект, 176А",92,1,есть,signal,,18432,Газпромнефть
2026-10-09T19:21:00+03:00,"Воронеж, Ленинский проспект, 176А",95,1,есть,signal,,18432,Газпромнефть
2026-10-09T19:21:00+03:00,"Воронеж, Новосибирская улица, 13Д",92,1,есть,signal,,18432,Татнефть
2026-10-09T19:21:00+03:00,"Воронеж, Новосибирская улица, 13Д",95,1,есть,signal,,18432,Татнефть
2026-10-09T19:21:00+03:00,"Воронеж, Холмистая улица, 66",95,1,есть,signal,,18432,Газпромнефть
2026-10-09T19:21:00+03:00,"Воронеж, проспект Патриотов, 42А",92,1,есть,signal,,18432,Татнефть
2026-10-09T19:21:00+03:00,"Воронеж, проспект Патриотов, 42А",95,1,есть,signal,,18432,Татнефть
2026-10-09T19:21:00+03:00,"Воронеж, улица Героев Сибиряков, 2",92,1,есть,signal,,18432,Газпромнефть
2026-10-09T19:21:00+03:00,"Воронеж, улица Героев Сибиряков, 2",95,1,есть,signal,,18432,Газпромнефть
2026-10-09T19:21:00+03:00,"Воронеж, улица Космонавтов, 6А",92,1,есть,signal,,18432,Роснефть
2026-10-09T19:21:00+03:00,"Воронеж, улица Космонавтов, 6А",95,1,есть,signal,,18432,Роснефть
2026-10-09T19:21:00+03:00,"Воронежская область, Новоусманский район, М-4 Дон, 534-й километр, 1",92,1,есть,signal,,18432,Татнефть
2026-10-09T19:21:00+03:00,"Воронежская область, Новоусманский район, М-4 Дон, 534-й километр, 1",95,1,есть,signal,,18432,Татнефть
2026-10-09T19:22:00+03:00,"Воронеж, Новосибирская улица, 2А",92,1,есть,signal,,18432,Татнефть
2026-10-09T19:22:00+03:00,"Воронеж, Новосибирская улица, 2А",95,1,есть,signal,,18432,Татнефть
2026-10-09T19:22:00+03:00,"Воронежская область, Рамонский район, Яменское сельское поселение, посёлок Солнечный, Парковая улица, 7",95,1,есть,signal,,18432,Лукойл
2026-10-09T19:22:00+03:00,"Воронежская область, рабочий посёлок Рамонь, Воронежская улица, 19А",92,1,есть,signal,,18432,Роснефть
2026-10-09T19:22:00+03:00,"Воронежская область, рабочий посёлок Рамонь, Воронежская улица, 19А",95,1,есть,signal,,18432,Роснефть
2026-10-09T19:22:00+03:00,"Воронежская область, село Новая Усмань, улица Ленина, 313/2",92,1,есть,signal,,18432,Роснефть
2026-10-09T19:22:00+03:00,"Воронежская область, село Новая Усмань, улица Ленина, 313/2",95,1,есть,signal,,18432,Роснефть
2026-10-09T19:23:00+03:00,"Воронеж, Московский проспект, 84",92,1,есть,signal,,18432,Роснефть
2026-10-09T19:23:00+03:00,"Воронеж, Московский проспект, 84",95,1,есть,signal,,18432,Роснефть
2026-10-09T19:23:00+03:00,"Воронеж, улица Димитрова, 163",92,1,есть,signal,,18432,Роснефть
2026-10-09T19:23:00+03:00,"Воронеж, улица Димитрова, 163",95,1,есть,signal,,18432,Роснефть
2026-10-09T19:23:00+03:00,"Воронеж, улица Чебышева, 13/1",92,1,есть,signal,,18432,Роснефть
2026-10-09T19:23:00+03:00,"Воронеж, улица Чебышева, 13/1",95,1,есть,signal,,18432,Роснефть
2026-10-09T19:28:00+03:00,"Воронеж, Московский проспект, 129/2",92,1,есть,report,нет,18435,ВТК
2026-10-09T19:28:00+03:00,"Воронеж, Московский проспект, 129/2",92,1,есть,summary,нет,18424,ВТК
2026-10-09T19:28:00+03:00,"Воронеж, Московский проспект, 129/2",95,1,есть,report,нет,18435,ВТК
2026-10-09T19:28:00+03:00,"Воронеж, Московский проспект, 129/2",95,1,есть,summary,нет,18424,ВТК
2026-10-09T19:28:00+03:00,"Воронеж, Московский проспект, 129/2",ДТ,1,есть,report,нет,18435,ВТК
2026-10-09T19:28:00+03:00,"Воронеж, Московский проспект, 129/2",ДТ,1,есть,summary,нет,18424,ВТК
2026-10-09T19:31:00+03:00,"Воронеж, улица 9 Января, 223А",92,1,есть,signal,,18432,Татнефть
2026-10-09T19:31:00+03:00,"Воронеж, улица 9 Января, 223А",95,1,есть,signal,,18432,Татнефть
2026-10-09T19:31:00+03:00,"Воронеж, улица Антонова-Овсеенко, 35А",92,1,есть,report,21–50 машин,18436,Роснефть
2026-10-09T19:31:00+03:00,"Воронеж, улица Антонова-Овсеенко, 35А",92,1,есть,summary,21–50 машин,18424,Роснефть
2026-10-09T19:31:00+03:00,"Воронеж, улица Героев Сибиряков, 1Л",92,1,есть,signal,,18432,Teboil
2026-10-09T19:31:00+03:00,"Воронеж, улица Героев Сибиряков, 1Л",95,1,есть,signal,,18432,Teboil
2026-10-09T19:31:00+03:00,"Воронеж, улица Урицкого, 58А",92,1,есть,signal,,18432,ВТК
2026-10-09T19:31:00+03:00,"Воронеж, улица Урицкого, 58А",95,1,есть,signal,,18432,ВТК
2026-10-09T19:32:00+03:00,"Воронеж, Дорожная улица, 19А",95,1,есть,signal,,18432,Татнефть
2026-10-09T19:32:00+03:00,"Воронеж, Новосибирская улица, 84Б",92,1,есть,signal,,18432,Газпромнефть
2026-10-09T19:32:00+03:00,"Воронеж, Новосибирская улица, 84Б",95,1,есть,signal,,18432,Газпромнефть
2026-10-09T19:32:00+03:00,"Воронеж, улица Хользунова, 120",95,1,есть,signal,,18432,Лукойл
2026-10-09T19:32:00+03:00,"Воронежская область, Рамонский район, Яменское сельское поселение, хутор Ветряк, Транспортная улица, 6",92,1,есть,signal,,18432,Газпромнефть
2026-10-09T19:32:00+03:00,"Воронежская область, Рамонский район, Яменское сельское поселение, хутор Ветряк, Транспортная улица, 6",95,1,есть,signal,,18432,Газпромнефть
2026-10-09T19:33:00+03:00,"Воронеж, улица Брусилова, 4А",95,1,есть,signal,,18432,ВТК
2026-10-09T19:33:00+03:00,"Воронеж, улица Героев Сибиряков, 2",92,1,есть,signal,,18432,Газпромнефть
2026-10-09T19:33:00+03:00,"Воронеж, улица Героев Сибиряков, 2",95,1,есть,signal,,18432,Газпромнефть
2026-10-09T19:33:00+03:00,"Воронеж, улица Свободы, 79Б",92,1,есть,signal,,18432,ВТК
2026-10-09T19:33:00+03:00,"Воронеж, улица Свободы, 79Б",95,1,есть,signal,,18432,ВТК
2026-10-09T19:33:00+03:00,"Воронежская область, Семилукский район, Р-298, 210-й километр, 1",92,1,есть,signal,,18432,Лукойл
2026-10-09T19:33:00+03:00,"Воронежская область, Семилукский район, Р-298, 210-й километр, 1",95,1,есть,signal,,18432,Лукойл
2026-10-09T19:34:00+03:00,"Воронеж, улица Димитрова, 163",92,1,есть,signal,,18432,Роснефть
2026-10-09T19:34:00+03:00,"Воронеж, улица Димитрова, 163",95,1,есть,signal,,18432,Роснефть
2026-10-09T19:34:00+03:00,"Воронежская область, Семилуки, Воронежская улица, 1",92,1,есть,signal,,18432,Лукойл
2026-10-09T19:34:00+03:00,"Воронежская область, Семилуки, Воронежская улица, 1",95,1,есть,signal,,18432,Лукойл
2026-10-09T19:34:00+03:00,"Воронежская область, рабочий посёлок Рамонь, Воронежская улица, 19А",92,1,есть,signal,,18432,Роснефть
2026-10-09T19:34:00+03:00,"Воронежская область, рабочий посёлок Рамонь, Воронежская улица, 19А",95,1,есть,signal,,18432,Роснефть
2026-10-09T19:35:00+03:00,"Воронеж, улица 9 Января, 104",92,1,есть,signal,,18432,ВТК
2026-10-09T19:35:00+03:00,"Воронеж, улица 9 Января, 104",95,1,есть,signal,,18432,ВТК
2026-10-09T19:35:00+03:00,"Воронеж, улица Чебышева, 13/1",92,1,есть,signal,,18432,Роснефть
2026-10-09T19:35:00+03:00,"Воронеж, улица Чебышева, 13/1",95,1,есть,signal,,18432,Роснефть
2026-10-09T19:35:00+03:00,"Воронежская область, Новоусманский район, посёлок Отрадное, Цветочная улица, 26",92,1,есть,signal,,18432,Лукойл
2026-10-09T19:35:00+03:00,"Воронежская область, Новоусманский район, посёлок Отрадное, Цветочная улица, 26",95,1,есть,signal,,18432,Лукойл
2026-10-09T19:36:00+03:00,"Воронеж, Московский проспект, 84",92,1,есть,signal,,18432,Роснефть
2026-10-09T19:36:00+03:00,"Воронеж, Московский проспект, 84",95,1,есть,signal,,18432,Роснефть
2026-10-09T19:36:00+03:00,"Воронеж, Новосибирская улица, 2А",92,1,есть,signal,,18432,Татнефть
2026-10-09T19:36:00+03:00,"Воронеж, Новосибирская улица, 2А",95,1,есть,signal,,18432,Татнефть
2026-10-09T19:36:00+03:00,"Воронеж, улица Землячки, 7А",92,1,есть,signal,,18432,Роснефть
2026-10-09T19:36:00+03:00,"Воронеж, улица Землячки, 7А",95,1,есть,signal,,18432,Роснефть
2026-10-09T19:36:00+03:00,"Воронеж, улица Космонавтов, 6А",92,1,есть,signal,,18432,Роснефть
2026-10-09T19:36:00+03:00,"Воронеж, улица Космонавтов, 6А",95,1,есть,signal,,18432,Роснефть
2026-10-09T19:36:00+03:00,"Воронежская область, Новоусманский район, Рогачёвское сельское поселение",92,1,есть,signal,,18432,Роснефть
2026-10-09T19:36:00+03:00,"Воронежская область, Новоусманский район, Рогачёвское сельское поселение",95,1,есть,signal,,18432,Роснефть
2026-10-09T19:36:00+03:00,"Воронежская область, Рамонский район, Айдаровское сельское поселение, село Чертовицы, улица Мира, 1",92,1,есть,signal,,18432,Лукойл
2026-10-09T19:36:00+03:00,"Воронежская область, Рамонский район, Айдаровское сельское поселение, село Чертовицы, улица Мира, 1",95,1,есть,signal,,18432,Лукойл
2026-10-09T19:36:00+03:00,"Воронежская область, Рамонский район, Яменское сельское поселение, посёлок Солнечный, Парковая улица, 7",95,1,есть,signal,,18432,Лукойл
2026-10-09T19:36:00+03:00,"Воронежская область, село Новая Усмань, улица Ленина, 313/2",92,1,есть,signal,,18432,Роснефть
2026-10-09T19:36:00+03:00,"Воронежская область, село Новая Усмань, улица Ленина, 313/2",95,1,есть,signal,,18432,Роснефть
2026-10-09T19:38:00+03:00,"Воронеж, Московский проспект, 4А",92,1,есть,signal,,18432,Роснефть
2026-10-09T19:38:00+03:00,"Воронеж, Московский проспект, 4А",95,1,есть,signal,,18432,Роснефть
2026-10-09T19:38:00+03:00,"Воронеж, проспект Патриотов, 42А",92,1,есть,signal,,18432,Татнефть
2026-10-09T19:38:00+03:00,"Воронеж, проспект Патриотов, 42А",95,1,есть,signal,,18432,Татнефть
2026-10-09T19:38:00+03:00,"Воронежская область, Семилуки, Воронежская улица, 1",92,1,есть,signal,,18432,Лукойл
2026-10-09T19:38:00+03:00,"Воронежская область, Семилуки, Воронежская улица, 1",95,1,есть,signal,,18432,Лукойл
2026-10-09T19:39:00+03:00,"Воронежская область, село Новая Усмань, Дорожная улица, 31",92,1,есть,signal,,18432,Роснефть
2026-10-09T19:39:00+03:00,"Воронежская область, село Новая Усмань, Дорожная улица, 31",95,1,есть,signal,,18432,Роснефть
2026-10-09T19:40:00+03:00,"Воронеж, улица Героев Сибиряков, 20А",92,1,есть,signal,,18432,Лукойл
2026-10-09T19:40:00+03:00,"Воронеж, улица Героев Сибиряков, 20А",95,1,есть,signal,,18432,Лукойл
2026-10-09T19:41:00+03:00,"Воронеж, Новосибирская улица, 84Б",92,1,есть,signal,,18432,Газпромнефть
2026-10-09T19:41:00+03:00,"Воронеж, Новосибирская улица, 84Б",95,1,есть,signal,,18432,Газпромнефть
2026-10-09T19:41:00+03:00,"Воронеж, улица Димитрова, 163",92,1,есть,signal,,18432,Роснефть
2026-10-09T19:41:00+03:00,"Воронеж, улица Димитрова, 163",95,1,есть,signal,,18432,Роснефть
2026-10-09T19:41:00+03:00,"Воронежская область, Новоусманский район, М-4 Дон, 534-й километр, 2",92,1,есть,signal,,18432,Татнефть
2026-10-09T19:41:00+03:00,"Воронежская область, Новоусманский район, М-4 Дон, 534-й километр, 2",95,1,есть,signal,,18432,Татнефть
2026-10-09T19:41:00+03:00,"Воронежская область, Рамонский район, Яменское сельское поселение, хутор Ветряк, Транспортная улица, 6",92,1,есть,signal,,18432,Газпромнефть
2026-10-09T19:41:00+03:00,"Воронежская область, Рамонский район, Яменское сельское поселение, хутор Ветряк, Транспортная улица, 6",95,1,есть,signal,,18432,Газпромнефть
2026-10-09T19:41:00+03:00,"Воронежская область, село Новая Усмань, Дорожная улица, 31",92,1,есть,signal,,18432,Роснефть
2026-10-09T19:41:00+03:00,"Воронежская область, село Новая Усмань, Дорожная улица, 31",95,1,есть,signal,,18432,Роснефть
2026-10-09T19:42:00+03:00,"Воронеж, набережная Максима Горького, 33А",95,1,есть,signal,,18432,ВТК
2026-10-09T19:42:00+03:00,"Воронежская область, Рамонский район, Горожанское сельское поселение",92,1,есть,signal,,18432,Роснефть
2026-10-09T19:42:00+03:00,"Воронежская область, Рамонский район, Горожанское сельское поселение",95,1,есть,signal,,18432,Роснефть
2026-10-09T19:42:00+03:00,"Воронежская область, село Новая Усмань, улица Ленина, 313/2",92,1,есть,signal,,18432,Роснефть
2026-10-09T19:42:00+03:00,"Воронежская область, село Новая Усмань, улица Ленина, 313/2",95,1,есть,signal,,18432,Роснефть
2026-10-09T19:43:00+03:00,"Воронеж, Ленинский проспект, 182",92,1,есть,signal,,18432,Роснефть
2026-10-09T19:43:00+03:00,"Воронеж, Ленинский проспект, 182",95,1,есть,signal,,18432,Роснефть
2026-10-09T19:43:00+03:00,"Воронеж, Московский проспект, 84",92,1,есть,signal,,18432,Роснефть
2026-10-09T19:43:00+03:00,"Воронеж, Московский проспект, 84",95,1,есть,signal,,18432,Роснефть
2026-10-09T19:43:00+03:00,"Воронеж, Новосибирская улица, 2А",92,1,есть,signal,,18432,Татнефть
2026-10-09T19:43:00+03:00,"Воронеж, Новосибирская улица, 2А",95,1,есть,signal,,18432,Татнефть
2026-10-09T19:43:00+03:00,"Воронеж, проспект Патриотов, 69",95,1,есть,signal,,18432,Роснефть
2026-10-09T19:43:00+03:00,"Воронеж, улица Землячки, 7А",92,1,есть,signal,,18432,Роснефть
2026-10-09T19:43:00+03:00,"Воронеж, улица Землячки, 7А",95,1,есть,signal,,18432,Роснефть
2026-10-09T19:43:00+03:00,"Воронеж, улица Свободы, 79Б",92,1,есть,signal,,18432,ВТК
2026-10-09T19:43:00+03:00,"Воронеж, улица Свободы, 79Б",95,1,есть,signal,,18432,ВТК
2026-10-09T19:43:00+03:00,"Воронежская область, Новоусманский район, посёлок Отрадное, Цветочная улица, 26",92,1,есть,signal,,18432,Лукойл
2026-10-09T19:43:00+03:00,"Воронежская область, Новоусманский район, посёлок Отрадное, Цветочная улица, 26",95,1,есть,signal,,18432,Лукойл
2026-10-09T19:43:00+03:00,"Воронежская область, Рамонский район, М-4 Дон, 485-й километр, 1",92,1,есть,signal,,18432,Teboil
2026-10-09T19:43:00+03:00,"Воронежская область, Рамонский район, М-4 Дон, 485-й километр, 1",95,1,есть,signal,,18432,Teboil
2026-10-09T19:43:00+03:00,"Воронежская область, Рамонский район, Яменское сельское поселение, посёлок Солнечный, Парковая улица, 7",95,1,есть,signal,,18432,Лукойл
2026-10-09T19:44:00+03:00,"Воронеж, Ленинский проспект, 176А",92,1,есть,signal,,18432,Газпромнефть
2026-10-09T19:44:00+03:00,"Воронеж, Ленинский проспект, 176А",95,1,есть,signal,,18432,Газпромнефть
2026-10-09T19:44:00+03:00,"Воронеж, улица Космонавтов, 6А",92,1,есть,signal,,18432,Роснефть
2026-10-09T19:44:00+03:00,"Воронеж, улица Космонавтов, 6А",95,1,есть,signal,,18432,Роснефть
2026-10-09T19:44:00+03:00,"Воронеж, улица Чебышева, 13/1",92,1,есть,signal,,18432,Роснефть
2026-10-09T19:44:00+03:00,"Воронеж, улица Чебышева, 13/1",95,1,есть,signal,,18432,Роснефть
2026-10-09T19:44:00+03:00,"Воронежская область, Новоусманский район, М-4 Дон, 534-й километр, 1",92,1,есть,signal,,18432,Татнефть
2026-10-09T19:44:00+03:00,"Воронежская область, Новоусманский район, М-4 Дон, 534-й километр, 1",95,1,есть,signal,,18432,Татнефть
2026-10-09T19:44:00+03:00,"Воронежская область, Рамонский район, Яменское сельское поселение, посёлок Солнечный, улица Московское шоссе, 2",92,1,есть,report,,18437,Газпромнефть
2026-10-09T19:44:00+03:00,"Воронежская область, Рамонский район, Яменское сельское поселение, посёлок Солнечный, улица Московское шоссе, 2",92,1,есть,summary,,18424,Газпромнефть
2026-10-09T19:44:00+03:00,"Воронежская область, Рамонский район, Яменское сельское поселение, посёлок Солнечный, улица Московское шоссе, 2",95,1,есть,report,,18437,Газпромнефть
2026-10-09T19:44:00+03:00,"Воронежская область, Рамонский район, Яменское сельское поселение, посёлок Солнечный, улица Московское шоссе, 2",95,1,есть,summary,,18424,Газпромнефть
2026-10-09T19:44:00+03:00,"Воронежская область, Рамонский район, Яменское сельское поселение, посёлок Солнечный, улица Московское шоссе, 2",ДТ,1,есть,report,,18437,Газпромнефть
2026-10-09T19:44:00+03:00,"Воронежская область, Рамонский район, Яменское сельское поселение, посёлок Солнечный, улица Московское шоссе, 2",ДТ,1,есть,summary,,18424,Газпромнефть
2026-10-09T19:44:00+03:00,"Воронежская область, рабочий посёлок Рамонь, Воронежская улица, 19А",92,1,есть,signal,,18432,Роснефть
2026-10-09T19:44:00+03:00,"Воронежская область, рабочий посёлок Рамонь, Воронежская улица, 19А",95,1,есть,signal,,18432,Роснефть
2026-10-09T19:45:00+03:00,"Воронеж, улица Антонова-Овсеенко, 7А",92,1,есть,signal,,18432,ВТК
2026-10-09T19:45:00+03:00,"Воронеж, улица Антонова-Овсеенко, 7А",95,1,есть,signal,,18432,ВТК
2026-10-09T19:48:00+03:00,"Воронеж, улица Свободы, 79Б",92,1,есть,signal,,18439,ВТК
2026-10-09T19:48:00+03:00,"Воронеж, улица Свободы, 79Б",95,1,есть,signal,,18439,ВТК
2026-10-09T19:49:00+03:00,"Воронеж, проспект Патриотов, 42А",92,1,есть,signal,,18439,Татнефть
2026-10-09T19:49:00+03:00,"Воронеж, проспект Патриотов, 42А",95,1,есть,signal,,18439,Татнефть
2026-10-09T19:49:00+03:00,"Воронеж, улица Космонавтов, 6А",92,1,есть,signal,,18439,Роснефть
2026-10-09T19:49:00+03:00,"Воронеж, улица Космонавтов, 6А",95,1,есть,signal,,18439,Роснефть
2026-10-09T19:50:00+03:00,"Воронеж, Новосибирская улица, 84Б",92,1,есть,signal,,18439,Газпромнефть
2026-10-09T19:50:00+03:00,"Воронеж, Новосибирская улица, 84Б",95,1,есть,signal,,18439,Газпромнефть
2026-10-09T19:50:00+03:00,"Воронеж, улица Героев Сибиряков, 2",92,1,есть,signal,,18439,Газпромнефть
2026-10-09T19:50:00+03:00,"Воронеж, улица Героев Сибиряков, 2",95,1,есть,signal,,18439,Газпромнефть
2026-10-09T19:50:00+03:00,"Воронеж, улица Димитрова, 163",92,1,есть,signal,,18439,Роснефть
2026-10-09T19:50:00+03:00,"Воронеж, улица Димитрова, 163",95,1,есть,signal,,18439,Роснефть
2026-10-09T19:50:00+03:00,"Воронежская область, село Новая Усмань, Ростовская улица, 133А",92,1,есть,signal,,18439,Газпромнефть
2026-10-09T19:50:00+03:00,"Воронежская область, село Новая Усмань, Ростовская улица, 133А",95,1,есть,signal,,18439,Газпромнефть
2026-10-09T19:51:00+03:00,"Воронеж, Ленинский проспект, 182",92,1,есть,signal,,18439,Роснефть
2026-10-09T19:51:00+03:00,"Воронеж, Ленинский проспект, 182",95,1,есть,signal,,18439,Роснефть
2026-10-09T19:51:00+03:00,"Воронеж, Московский проспект, 84",92,1,есть,signal,,18439,Роснефть
2026-10-09T19:51:00+03:00,"Воронеж, Московский проспект, 84",95,1,есть,signal,,18439,Роснефть
2026-10-09T19:51:00+03:00,"Воронеж, переулок Отличников, 43А",92,1,есть,signal,,18439,Роснефть
2026-10-09T19:51:00+03:00,"Воронеж, переулок Отличников, 43А",95,1,есть,signal,,18439,Роснефть
2026-10-09T19:51:00+03:00,"Воронеж, улица Антонова-Овсеенко, 7А",92,1,есть,signal,,18439,ВТК
2026-10-09T19:51:00+03:00,"Воронеж, улица Антонова-Овсеенко, 7А",95,1,есть,signal,,18439,ВТК
2026-10-09T19:51:00+03:00,"Воронежская область, Новоусманский район, М-4 Дон, 534-й километр, 1",92,1,есть,signal,,18439,Татнефть
2026-10-09T19:51:00+03:00,"Воронежская область, Новоусманский район, М-4 Дон, 534-й километр, 1",95,1,есть,signal,,18439,Татнефть
2026-10-09T19:51:00+03:00,"Воронежская область, село Новая Усмань, улица Ленина, 313/2",92,1,есть,signal,,18439,Роснефть
2026-10-09T19:51:00+03:00,"Воронежская область, село Новая Усмань, улица Ленина, 313/2",95,1,есть,signal,,18439,Роснефть
2026-10-09T19:52:00+03:00,"Воронежская область, Новоусманский район, М-4 Дон, 534-й километр, 2",92,1,есть,signal,,18439,Татнефть
2026-10-09T19:52:00+03:00,"Воронежская область, Новоусманский район, М-4 Дон, 534-й километр, 2",95,1,есть,signal,,18439,Татнефть
2026-10-09T19:56:00+03:00,"Воронеж, улица Ильюшина, 3А",92,1,есть,signal,,18439,Роснефть
2026-10-09T19:56:00+03:00,"Воронеж, улица Ильюшина, 3А",95,1,есть,signal,,18439,Роснефть
2026-10-09T19:56:00+03:00,"Воронежская область, Новоусманский район, М-4 Дон, 531-й километр, 1",95,1,есть,signal,,18439,Лукойл
2026-10-09T19:57:00+03:00,"Воронеж, Спокойный переулок, 24А",95,1,есть,signal,,18439,Роснефть
2026-10-09T19:57:00+03:00,"Воронеж, улица Героев Сибиряков, 1Л",92,1,есть,signal,,18439,Teboil
2026-10-09T19:57:00+03:00,"Воронеж, улица Героев Сибиряков, 1Л",95,1,есть,signal,,18439,Teboil
2026-10-09T19:57:00+03:00,"Воронежская область, Новоусманский район, посёлок Отрадное, Цветочная улица, 26",92,1,есть,signal,,18439,Лукойл
2026-10-09T19:57:00+03:00,"Воронежская область, Новоусманский район, посёлок Отрадное, Цветочная улица, 26",95,1,есть,signal,,18439,Лукойл
2026-10-09T19:58:00+03:00,"Воронеж, улица 9 Января, 223А",95,1,есть,signal,,18439,Татнефть
2026-10-09T19:58:00+03:00,"Воронеж, улица Антонова-Овсеенко, 7А",92,1,есть,signal,,18439,ВТК
2026-10-09T19:58:00+03:00,"Воронеж, улица Антонова-Овсеенко, 7А",95,1,есть,signal,,18439,ВТК
2026-10-09T19:58:00+03:00,"Воронеж, улица Степана Солодовникова, 6",92,1,есть,signal,,18439,Лукойл
2026-10-09T19:58:00+03:00,"Воронежская область, Новоусманский район, Рогачёвское сельское поселение",92,1,есть,signal,,18439,Роснефть
2026-10-09T19:58:00+03:00,"Воронежская область, Новоусманский район, Рогачёвское сельское поселение",95,1,есть,signal,,18439,Роснефть
2026-10-09T19:58:00+03:00,"Воронежская область, Рамонский район, Горожанское сельское поселение",92,1,есть,signal,,18439,Роснефть
2026-10-09T19:58:00+03:00,"Воронежская область, Рамонский район, Горожанское сельское поселение",95,1,есть,signal,,18439,Роснефть
2026-10-09T19:59:00+03:00,"Воронеж, улица Ворошилова",92,1,есть,signal,,18439,Газпромнефть
2026-10-09T19:59:00+03:00,"Воронеж, улица Ворошилова",95,1,есть,signal,,18439,Газпромнефть
2026-10-09T19:59:00+03:00,"Воронежская область, Рамонский район, Айдаровское сельское поселение, село Чертовицы, улица Мира, 1",92,1,есть,signal,,18439,Лукойл
2026-10-09T19:59:00+03:00,"Воронежская область, Рамонский район, Яменское сельское поселение",92,1,есть,signal,,18439,Teboil
2026-10-09T19:59:00+03:00,"Воронежская область, Рамонский район, Яменское сельское поселение",95,1,есть,signal,,18439,Teboil
2026-10-09T20:00:00+03:00,"Воронеж, улица Остужева, 51",92,1,есть,signal,,18439,Газпромнефть
2026-10-09T20:00:00+03:00,"Воронеж, улица Остужева, 51",95,1,есть,signal,,18439,Газпромнефть
2026-10-09T20:00:00+03:00,"Воронежская область, Рамонский район, Яменское сельское поселение, хутор Ветряк, Транспортная улица, 6",92,1,есть,signal,,18439,Газпромнефть
2026-10-09T20:00:00+03:00,"Воронежская область, Рамонский район, Яменское сельское поселение, хутор Ветряк, Транспортная улица, 6",95,1,есть,signal,,18439,Газпромнефть
2026-10-09T20:01:00+03:00,"Воронеж, улица Димитрова, 163",92,1,есть,signal,,18439,Роснефть
2026-10-09T20:01:00+03:00,"Воронеж, улица Димитрова, 163",95,1,есть,signal,,18439,Роснефть
2026-10-09T20:01:00+03:00,"Воронеж, улица Космонавтов, 6А",92,1,есть,signal,,18439,Роснефть
2026-10-09T20:01:00+03:00,"Воронеж, улица Космонавтов, 6А",95,1,есть,signal,,18439,Роснефть
2026-10-09T20:01:00+03:00,"Воронежская область, Новоусманский район, М-4 Дон, 534-й километр, 1",92,1,есть,signal,,18439,Татнефть
2026-10-09T20:01:00+03:00,"Воронежская область, Новоусманский район, М-4 Дон, 534-й километр, 1",95,1,есть,signal,,18439,Татнефть
2026-10-09T20:01:00+03:00,"Воронежская область, Новоусманский район, село Бабяково, Транспортная улица",92,1,есть,report,очередь большая,18438,Газпром
2026-10-09T20:01:00+03:00,"Воронежская область, Новоусманский район, село Бабяково, Транспортная улица",92,1,есть,summary,большая,18424,Газпром
2026-10-09T20:01:00+03:00,"Воронежская область, Новоусманский район, село Бабяково, Транспортная улица",95,1,есть,report,очередь большая,18438,Газпром
2026-10-09T20:01:00+03:00,"Воронежская область, Новоусманский район, село Бабяково, Транспортная улица",95,1,есть,summary,большая,18424,Газпром
2026-10-09T20:01:00+03:00,"Воронежская область, село Новая Усмань, улица Ленина, 313/2",92,1,есть,signal,,18439,Роснефть
2026-10-09T20:01:00+03:00,"Воронежская область, село Новая Усмань, улица Ленина, 313/2",95,1,есть,signal,,18439,Роснефть
2026-10-09T20:02:00+03:00,"Воронеж, Ленинский проспект, 176А",92,1,есть,signal,,18439,Газпромнефть
2026-10-09T20:02:00+03:00,"Воронеж, Ленинский проспект, 176А",95,1,есть,signal,,18439,Газпромнефть
2026-10-09T20:03:00+03:00,"Воронеж, Кольцовская улица, 24Б",92,1,есть,signal,,18439,ВТК
2026-10-09T20:03:00+03:00,"Воронеж, Кольцовская улица, 24Б",95,1,есть,signal,,18439,ВТК
2026-10-09T20:03:00+03:00,"Воронеж, проспект Патриотов, 69",95,1,есть,signal,,18439,Роснефть
2026-10-09T20:03:00+03:00,"Воронеж, улица Любы Шевцовой, 36А",95,1,есть,signal,,18439,Татнефть
2026-10-09T20:03:00+03:00,"Воронежская область, Семилуки, Транспортная улица, 18А",92,1,есть,signal,,18439,Роснефть
2026-10-09T20:03:00+03:00,"Воронежская область, Семилуки, Транспортная улица, 18А",95,1,есть,signal,,18439,Роснефть
2026-10-09T20:04:00+03:00,"Воронеж, Московский проспект, 144",92,1,есть,signal,,18439,Роснефть
2026-10-09T20:04:00+03:00,"Воронеж, Московский проспект, 144",95,1,есть,signal,,18439,Роснефть
2026-10-09T20:04:00+03:00,"Воронеж, улица Чебышева, 13/1",92,1,есть,signal,,18439,Роснефть
2026-10-09T20:04:00+03:00,"Воронеж, улица Чебышева, 13/1",95,1,есть,signal,,18439,Роснефть
2026-10-09T20:04:00+03:00,"Воронежская область, рабочий посёлок Рамонь, Воронежская улица, 19А",92,1,есть,signal,,18439,Роснефть
2026-10-09T20:04:00+03:00,"Воронежская область, рабочий посёлок Рамонь, Воронежская улица, 19А",95,1,есть,signal,,18439,Роснефть
2026-10-09T20:05:00+03:00,"Воронеж, Холмистая улица, 66",92,1,есть,signal,,18439,Газпромнефть
2026-10-09T20:05:00+03:00,"Воронеж, Холмистая улица, 66",95,1,есть,signal,,18439,Газпромнефть
2026-10-09T20:05:00+03:00,"Воронеж, переулок Отличников, 43А",92,1,есть,signal,,18439,Роснефть
2026-10-09T20:05:00+03:00,"Воронеж, переулок Отличников, 43А",95,1,есть,signal,,18439,Роснефть
2026-10-09T20:05:00+03:00,"Воронежская область, Новоусманский район, М-4 Дон, 522-й километр",92,1,есть,signal,,18439,Лукойл
2026-10-09T20:06:00+03:00,"Воронеж, Московский проспект, 84",92,1,есть,signal,,18439,Роснефть
2026-10-09T20:06:00+03:00,"Воронеж, Московский проспект, 84",95,1,есть,signal,,18439,Роснефть
2026-10-09T20:07:00+03:00,"Воронеж, улица Землячки, 7А",92,1,есть,signal,,18439,Роснефть
2026-10-09T20:07:00+03:00,"Воронеж, улица Землячки, 7А",95,1,есть,signal,,18439,Роснефть
2026-10-09T20:08:00+03:00,"Воронеж, Новосибирская улица, 2А",98,1,есть,report,машин 10-20,18441,Татнефть
2026-10-09T20:08:00+03:00,"Воронеж, Новосибирская улица, 2А",98,1,есть,summary,~10-20 машин,18424,Татнефть
2026-10-09T20:08:00+03:00,"Воронежская область, село Новая Усмань, Дорожная улица, 31",92,1,есть,report,в пределах заправки,18440,Роснефть
2026-10-09T20:08:00+03:00,"Воронежская область, село Новая Усмань, Дорожная улица, 31",92,1,есть,summary,в пределах заправки,18424,Роснефть
2026-10-09T20:08:00+03:00,"Воронежская область, село Новая Усмань, Дорожная улица, 31",95,1,есть,report,в пределах заправки,18440,Роснефть
2026-10-09T20:08:00+03:00,"Воронежская область, село Новая Усмань, Дорожная улица, 31",95,1,есть,summary,в пределах заправки,18424,Роснефть
2026-10-09T20:09:00+03:00,"Воронеж, Дорожная улица, 19А",92,1,есть,signal,,18439,Татнефть
2026-10-09T20:09:00+03:00,"Воронеж, Дорожная улица, 19А",95,1,есть,signal,,18439,Татнефть
2026-10-09T20:09:00+03:00,"Воронеж, переулок Отличников, 43А",92,1,есть,signal,,18439,Роснефть
2026-10-09T20:09:00+03:00,"Воронеж, переулок Отличников, 43А",95,1,есть,signal,,18439,Роснефть
2026-10-09T20:10:00+03:00,"Воронеж, Ленинский проспект, 176А",92,1,есть,signal,,18439,Газпромнефть
2026-10-09T20:10:00+03:00,"Воронеж, Ленинский проспект, 176А",95,1,есть,signal,,18439,Газпромнефть
2026-10-09T20:10:00+03:00,"Воронеж, Московский проспект, 144",92,1,есть,signal,,18439,Роснефть
2026-10-09T20:10:00+03:00,"Воронеж, Московский проспект, 144",95,1,есть,signal,,18439,Роснефть
2026-10-09T20:11:00+03:00,"Воронеж, Ленинградская улица, 29В",92,1,есть,signal,,18439,Лукойл
2026-10-09T20:11:00+03:00,"Воронеж, Ленинградская улица, 29В",95,1,есть,signal,,18439,Лукойл
2026-10-09T20:11:00+03:00,"Воронеж, Холмистая улица, 66",92,1,есть,signal,,18439,Газпромнефть
2026-10-09T20:11:00+03:00,"Воронеж, Холмистая улица, 66",95,1,есть,signal,,18439,Газпромнефть
2026-10-09T20:11:00+03:00,"Воронежская область, Новоусманский район, М-4 Дон, 518-й километр, 2",92,1,есть,signal,,18439,Лукойл
2026-10-09T20:11:00+03:00,"Воронежская область, Новоусманский район, М-4 Дон, 518-й километр, 2",95,1,есть,signal,,18439,Лукойл
2026-10-09T20:11:00+03:00,"Воронежская область, Рамонский район, Горожанское сельское поселение",92,1,есть,signal,,18439,Роснефть
2026-10-09T20:11:00+03:00,"Воронежская область, Рамонский район, Яменское сельское поселение",92,1,есть,signal,,18439,Teboil
2026-10-09T20:11:00+03:00,"Воронежская область, Рамонский район, Яменское сельское поселение",95,1,есть,signal,,18439,Teboil
2026-10-09T20:11:00+03:00,"Воронежская область, село Новая Усмань, улица Ленина, 313/2",92,1,есть,signal,,18439,Роснефть
2026-10-09T20:11:00+03:00,"Воронежская область, село Новая Усмань, улица Ленина, 313/2",95,1,есть,signal,,18439,Роснефть
2026-10-09T20:12:00+03:00,"Воронеж, Кольцовская улица, 24Б",92,1,есть,signal,,18439,ВТК
2026-10-09T20:12:00+03:00,"Воронеж, Кольцовская улица, 24Б",95,1,есть,signal,,18439,ВТК
2026-10-09T20:12:00+03:00,"Воронеж, Московский проспект, 84",92,1,есть,signal,,18439,Роснефть
2026-10-09T20:12:00+03:00,"Воронеж, Московский проспект, 84",95,1,есть,signal,,18439,Роснефть
2026-10-09T20:12:00+03:00,"Воронеж, улица Антонова-Овсеенко, 7А",92,1,есть,signal,,18439,ВТК
2026-10-09T20:12:00+03:00,"Воронеж, улица Антонова-Овсеенко, 7А",95,1,есть,signal,,18439,ВТК
2026-10-09T20:12:00+03:00,"Воронеж, улица Героев Сибиряков, 2",92,1,есть,signal,,18439,Газпромнефть
2026-10-09T20:12:00+03:00,"Воронеж, улица Героев Сибиряков, 2",95,1,есть,signal,,18439,Газпромнефть
2026-10-09T20:12:00+03:00,"Воронеж, улица Димитрова, 163",92,1,есть,signal,,18439,Роснефть
2026-10-09T20:12:00+03:00,"Воронеж, улица Димитрова, 163",95,1,есть,signal,,18439,Роснефть
2026-10-09T20:12:00+03:00,"Воронежская область, Новоусманский район, М-4 Дон, 534-й километр, 1",92,1,есть,signal,,18439,Татнефть
2026-10-09T20:12:00+03:00,"Воронежская область, Новоусманский район, М-4 Дон, 534-й километр, 1",95,1,есть,signal,,18439,Татнефть
2026-10-09T20:12:00+03:00,"Воронежская область, Рамонский район, Яменское сельское поселение, хутор Ветряк, Транспортная улица, 6",92,1,есть,signal,,18439,Газпромнефть
2026-10-09T20:12:00+03:00,"Воронежская область, Рамонский район, Яменское сельское поселение, хутор Ветряк, Транспортная улица, 6",95,1,есть,signal,,18439,Газпромнефть
2026-10-09T20:12:00+03:00,"Воронежская область, рабочий посёлок Рамонь, Воронежская улица, 19А",92,1,есть,signal,,18439,Роснефть
2026-10-09T20:12:00+03:00,"Воронежская область, рабочий посёлок Рамонь, Воронежская улица, 19А",95,1,есть,signal,,18439,Роснефть
2026-10-09T20:12:00+03:00,"Воронежская область, село Новая Усмань, Ростовская улица, 133А",92,1,есть,signal,,18439,Газпромнефть
2026-10-09T20:12:00+03:00,"Воронежская область, село Новая Усмань, Ростовская улица, 133А",95,1,есть,signal,,18439,Газпромнефть
2026-10-09T20:13:00+03:00,"Воронеж, улица Космонавтов, 6А",92,1,есть,signal,Нет,18439,Роснефть
2026-10-09T20:13:00+03:00,"Воронеж, улица Космонавтов, 6А",95,1,есть,signal,Нет,18439,Роснефть
2026-10-09T20:13:00+03:00,"Воронежская область, Семилуки, Воронежская улица, 1",92,1,есть,signal,,18439,Лукойл
2026-10-09T20:13:00+03:00,"Воронежская область, Семилуки, Воронежская улица, 1",95,1,есть,signal,,18439,Лукойл
2026-10-09T20:14:00+03:00,"Воронеж, улица Чебышева, 13/1",92,1,есть,signal,,18439,Роснефть
2026-10-09T20:14:00+03:00,"Воронеж, улица Чебышева, 13/1",95,1,есть,signal,,18439,Роснефть
2026-10-09T20:20:00+03:00,"Воронеж, Ленинский проспект, 176А",92,1,есть,signal,,18439,Газпромнефть
2026-10-09T20:20:00+03:00,"Воронеж, Ленинский проспект, 176А",95,1,есть,signal,,18439,Газпромнефть
2026-10-09T20:20:00+03:00,"Воронеж, Московский проспект, 129/2",92,1,есть,signal,,18439,ВТК
2026-10-09T20:20:00+03:00,"Воронеж, Московский проспект, 129/2",95,1,есть,signal,,18439,ВТК
2026-10-09T20:20:00+03:00,"Воронеж, Московский проспект, 84",92,1,есть,signal,,18439,Роснефть
2026-10-09T20:20:00+03:00,"Воронеж, Московский проспект, 84",95,1,есть,signal,,18439,Роснефть
2026-10-09T20:20:00+03:00,"Воронеж, Холмистая улица, 66",92,1,есть,signal,,18439,Газпромнефть
2026-10-09T20:20:00+03:00,"Воронеж, Холмистая улица, 66",95,1,есть,signal,,18439,Газпромнефть
2026-10-09T20:20:00+03:00,"Воронеж, улица Антонова-Овсеенко, 35А",92,1,есть,signal,,18439,Роснефть
2026-10-09T20:20:00+03:00,"Воронеж, улица Антонова-Овсеенко, 35А",95,1,есть,signal,,18439,Роснефть
2026-10-09T20:21:00+03:00,"Воронеж, переулок Отличников, 43А",92,1,есть,signal,,18439,Роснефть
2026-10-09T20:21:00+03:00,"Воронеж, переулок Отличников, 43А",95,1,есть,signal,,18439,Роснефть
2026-10-09T20:24:00+03:00,"Воронеж, улица Степана Разина, 1",100,0,больше нет,report,очередей нет,18443,ВТК
2026-10-09T20:24:00+03:00,"Воронеж, улица Степана Разина, 1",100,0,нет,summary,нет,18424,ВТК
2026-10-09T20:24:00+03:00,"Воронеж, улица Степана Разина, 1",92,1,есть,report,очередей нет,18443,ВТК
2026-10-09T20:24:00+03:00,"Воронеж, улица Степана Разина, 1",92,1,есть,summary,нет,18424,ВТК
2026-10-09T20:24:00+03:00,"Воронеж, улица Степана Разина, 1",95,1,есть,report,очередей нет,18443,ВТК
2026-10-09T20:24:00+03:00,"Воронеж, улица Степана Разина, 1",95,1,есть,summary,нет,18424,ВТК
2026-10-09T20:27:00+03:00,"Воронеж, улица Землячки, 7А",92,1,есть,report,около часа,18442,Роснефть
2026-10-09T20:27:00+03:00,"Воронеж, улица Землячки, 7А",92,1,есть,summary,~1 ч,18424,Роснефть
2026-10-09T20:29:00+03:00,"Воронеж, Новосибирская улица, 84Б",92,1,есть,signal,,18439,Газпромнефть
2026-10-09T20:29:00+03:00,"Воронеж, Новосибирская улица, 84Б",95,1,есть,signal,,18439,Газпромнефть
2026-10-09T20:30:00+03:00,"Воронеж, Московский проспект, 84",92,1,есть,signal,,18439,Роснефть
2026-10-09T20:30:00+03:00,"Воронеж, Московский проспект, 84",95,1,есть,signal,,18439,Роснефть
2026-10-09T20:30:00+03:00,"Воронеж, Холмистая улица, 66",92,1,есть,signal,,18439,Газпромнефть
2026-10-09T20:30:00+03:00,"Воронеж, Холмистая улица, 66",95,1,есть,signal,,18439,Газпромнефть
2026-10-09T20:31:00+03:00,"Воронежская область, рабочий посёлок Рамонь, Воронежская улица, 19А",92,1,есть,signal,,18439,Роснефть
2026-10-09T20:31:00+03:00,"Воронежская область, рабочий посёлок Рамонь, Воронежская улица, 19А",95,1,есть,signal,,18439,Роснефть
2026-10-09T20:37:00+03:00,"Воронеж, улица Димитрова, 163",92,1,есть,signal,,18439,Роснефть
2026-10-09T20:37:00+03:00,"Воронеж, улица Димитрова, 163",95,1,есть,signal,,18439,Роснефть
2026-10-09T20:38:00+03:00,"Воронеж, Ленинский проспект, 176А",92,1,есть,signal,,18439,Газпромнефть
2026-10-09T20:38:00+03:00,"Воронеж, Ленинский проспект, 176А",95,1,есть,signal,,18439,Газпромнефть
2026-10-09T20:38:00+03:00,"Воронеж, Новосибирская улица, 84Б",92,1,есть,signal,,18439,Газпромнефть
2026-10-09T20:38:00+03:00,"Воронеж, Новосибирская улица, 84Б",95,1,есть,signal,,18439,Газпромнефть
2026-10-09T20:38:00+03:00,"Воронеж, Острогожская улица, 144",92,1,есть,signal,,18439,Роснефть
2026-10-09T20:38:00+03:00,"Воронеж, Острогожская улица, 144",95,1,есть,signal,,18439,Роснефть
2026-10-09T20:39:00+03:00,"Воронеж, Волгоградская улица, 41",92,1,есть,signal,,18439,Татнефть
2026-10-09T20:39:00+03:00,"Воронеж, Волгоградская улица, 41",95,1,есть,signal,,18439,Татнефть
2026-10-09T20:41:00+03:00,"Воронеж, улица 9 Января, 104",92,1,есть,signal,,18439,ВТК
2026-10-09T20:41:00+03:00,"Воронеж, улица 9 Января, 104",95,1,есть,signal,,18439,ВТК
2026-10-09T20:41:00+03:00,"Воронеж, улица Чебышева, 13/1",92,1,есть,signal,,18439,Роснефть
2026-10-09T20:41:00+03:00,"Воронеж, улица Чебышева, 13/1",95,1,есть,signal,,18439,Роснефть
2026-10-09T20:41:00+03:00,"Воронежская область, Новоусманский район, М-4 Дон, 534-й километр, 1",92,1,есть,signal,,18439,Татнефть
2026-10-09T20:41:00+03:00,"Воронежская область, Новоусманский район, М-4 Дон, 534-й километр, 1",95,1,есть,signal,,18439,Татнефть
2026-10-09T20:41:00+03:00,"Воронежская область, Рамонский район, Яменское сельское поселение, посёлок Солнечный, улица Московское шоссе, 2",92,1,есть,signal,,18439,Газпромнефть
2026-10-09T20:41:00+03:00,"Воронежская область, Рамонский район, Яменское сельское поселение, посёлок Солнечный, улица Московское шоссе, 2",95,1,есть,signal,,18439,Газпромнефть
2026-10-09T20:42:00+03:00,"Воронеж, Московский проспект, 129/2",92,1,есть,signal,,18439,ВТК
2026-10-09T20:42:00+03:00,"Воронеж, Московский проспект, 129/2",95,1,есть,signal,,18439,ВТК
2026-10-09T20:42:00+03:00,"Воронеж, улица Антонова-Овсеенко, 35А",92,1,есть,signal,,18439,Роснефть
2026-10-09T20:42:00+03:00,"Воронеж, улица Антонова-Овсеенко, 35А",95,1,есть,signal,,18439,Роснефть
2026-10-09T20:42:00+03:00,"Воронежская область, Рамонский район, Яменское сельское поселение, хутор Ветряк, Транспортная улица, 6",92,1,есть,signal,,18439,Газпромнефть
2026-10-09T20:42:00+03:00,"Воронежская область, Рамонский район, Яменское сельское поселение, хутор Ветряк, Транспортная улица, 6",95,1,есть,signal,,18439,Газпромнефть
2026-10-09T20:43:00+03:00,"Воронеж, Московский проспект, 144",92,1,есть,signal,Нет,18439,Роснефть
2026-10-09T20:43:00+03:00,"Воронеж, Московский проспект, 144",95,1,есть,signal,Нет,18439,Роснефть
2026-10-09T20:43:00+03:00,"Воронеж, проспект Патриотов, 1А",92,1,есть,signal,,18439,Роснефть
2026-10-09T20:43:00+03:00,"Воронеж, проспект Патриотов, 1А",95,1,есть,signal,,18439,Роснефть
2026-10-09T20:44:00+03:00,"Воронеж, улица Космонавтов, 6А",92,1,есть,signal,Нет,18439,Роснефть
2026-10-09T20:44:00+03:00,"Воронеж, улица Космонавтов, 6А",95,1,есть,signal,Нет,18439,Роснефть
2026-10-09T20:44:00+03:00,"Воронежская область, село Новая Усмань, улица Ленина, 313/2",92,1,есть,signal,,18439,Роснефть
2026-10-09T20:44:00+03:00,"Воронежская область, село Новая Усмань, улица Ленина, 313/2",95,1,есть,signal,,18439,Роснефть
2026-10-09T20:46:00+03:00,"Воронежская область, Новоусманский район, село Бабяково, Транспортная улица",92,1,есть,report,машин шестьдесят,18438,Газпром
2026-10-09T20:46:00+03:00,"Воронежская область, Новоусманский район, село Бабяково, Транспортная улица",92,1,есть,summary,~60,18424,Газпром
2026-10-09T20:46:00+03:00,"Воронежская область, Новоусманский район, село Бабяково, Транспортная улица",95,1,есть,report,машин шестьдесят,18438,Газпром
2026-10-09T20:46:00+03:00,"Воронежская область, Новоусманский район, село Бабяково, Транспортная улица",95,1,есть,summary,~60,18424,Газпром
2026-10-09T20:48:00+03:00,"Воронеж, проспект Патриотов, 60Б",92,1,есть,report,очередь большая,18444,АЗС Газпром
2026-10-09T20:48:00+03:00,"Воронеж, проспект Патриотов, 60Б",95,1,есть,report,очередь большая,18444,АЗС Газпром
2026-10-09T20:51:00+03:00,"Воронеж, Новосибирская улица, 13Д",92,1,есть,signal,,18446,Татнефть
2026-10-09T20:51:00+03:00,"Воронеж, Новосибирская улица, 13Д",95,1,есть,signal,,18446,Татнефть
2026-10-09T20:51:00+03:00,"Воронеж, улица Антонова-Овсеенко, 35А",92,1,есть,signal,,18446,Роснефть
2026-10-09T20:51:00+03:00,"Воронеж, улица Антонова-Овсеенко, 35А",95,1,есть,signal,,18446,Роснефть
2026-10-09T20:51:00+03:00,"Воронежская область, село Новая Усмань, Дорожная улица, 31",92,1,есть,report,,18445,Роснефть
2026-10-09T20:51:00+03:00,"Воронежская область, село Новая Усмань, Дорожная улица, 31",92,1,есть,summary,,18424,Роснефть
2026-10-09T20:51:00+03:00,"Воронежская область, село Новая Усмань, Дорожная улица, 31",95,0,больше нет,report,,18445,Роснефть
2026-10-09T20:51:00+03:00,"Воронежская область, село Новая Усмань, Дорожная улица, 31",95,0,нет,summary,,18424,Роснефть
2026-10-09T20:52:00+03:00,"Воронеж, улица 45-й Стрелковой Дивизии, 238",92,1,есть,signal,,18446,Роснефть
2026-10-09T20:52:00+03:00,"Воронеж, улица 45-й Стрелковой Дивизии, 238",95,1,есть,signal,,18446,Роснефть
2026-10-09T20:52:00+03:00,"Воронежская область, Рамонский район, Айдаровское сельское поселение, село Чертовицы, улица Мира, 1",95,1,есть,signal,,18446,Лукойл
2026-10-09T20:54:00+03:00,"Воронеж, улица Остужева, 51",92,1,есть,signal,,18446,Газпромнефть
2026-10-09T20:54:00+03:00,"Воронеж, улица Остужева, 51",95,1,есть,signal,,18446,Газпромнефть
2026-10-09T20:55:00+03:00,"Воронеж, Ленинский проспект, 176А",92,1,есть,signal,,18446,Газпромнефть
2026-10-09T20:55:00+03:00,"Воронеж, Ленинский проспект, 176А",95,1,есть,signal,,18446,Газпромнефть
2026-10-09T20:55:00+03:00,"Воронеж, улица 9 Января, 104",92,1,есть,signal,,18446,ВТК
2026-10-09T20:55:00+03:00,"Воронеж, улица 9 Января, 104",95,1,есть,signal,,18446,ВТК
2026-10-09T20:55:00+03:00,"Воронеж, улица Остужева, 37",92,1,есть,signal,,18446,Лукойл
2026-10-09T20:55:00+03:00,"Воронеж, улица Остужева, 37",95,1,есть,signal,,18446,Лукойл
2026-10-09T20:56:00+03:00,"Воронеж, проспект Труда, 107А",92,1,есть,signal,,18446,Татнефть
2026-10-09T20:56:00+03:00,"Воронеж, проспект Труда, 107А",95,1,есть,signal,,18446,Татнефть
2026-10-09T20:57:00+03:00,"Воронеж, улица Героев Сибиряков, 20А",92,1,есть,signal,,18446,Лукойл
2026-10-09T20:57:00+03:00,"Воронежская область, Рамонский район, Яменское сельское поселение, хутор Ветряк, Транспортная улица, 6",92,1,есть,signal,,18446,Газпромнефть
2026-10-09T20:57:00+03:00,"Воронежская область, Рамонский район, Яменское сельское поселение, хутор Ветряк, Транспортная улица, 6",95,1,есть,signal,,18446,Газпромнефть
2026-10-09T20:57:00+03:00,"Воронежская область, рабочий посёлок Рамонь, Воронежская улица, 19А",92,1,есть,signal,,18446,Роснефть
2026-10-09T20:57:00+03:00,"Воронежская область, рабочий посёлок Рамонь, Воронежская улица, 19А",95,1,есть,signal,,18446,Роснефть
2026-10-09T20:58:00+03:00,"Воронеж, улица Героев Сибиряков, 2",92,1,есть,signal,,18446,Газпромнефть
2026-10-09T20:58:00+03:00,"Воронеж, улица Героев Сибиряков, 2",95,1,есть,signal,,18446,Газпромнефть
2026-10-09T20:59:00+03:00,"Воронеж, Московский проспект, 144",92,1,есть,signal,,18446,Роснефть
2026-10-09T20:59:00+03:00,"Воронеж, Московский проспект, 144",95,1,есть,signal,,18446,Роснефть
2026-10-09T20:59:00+03:00,"Воронеж, Холмистая улица, 66",92,1,есть,signal,,18446,Газпромнефть
2026-10-09T20:59:00+03:00,"Воронеж, Холмистая улица, 66",95,1,есть,signal,,18446,Газпромнефть
2026-10-09T21:00:00+03:00,"Воронеж, Дорожная улица, 1Б",92,1,есть,signal,,18446,ВТК
2026-10-09T21:00:00+03:00,"Воронеж, Новосибирская улица, 2А",92,1,есть,signal,,18446,Татнефть
2026-10-09T21:00:00+03:00,"Воронеж, Новосибирская улица, 2А",95,1,есть,signal,,18446,Татнефть
2026-10-09T21:00:00+03:00,"Воронеж, проспект Патриотов, 1А",92,1,есть,signal,,18446,Роснефть
2026-10-09T21:00:00+03:00,"Воронеж, проспект Патриотов, 1А",95,1,есть,signal,,18446,Роснефть
2026-10-09T21:00:00+03:00,"Воронеж, улица Антонова-Овсеенко, 7А",92,1,есть,signal,,18446,ВТК
2026-10-09T21:00:00+03:00,"Воронеж, улица Антонова-Овсеенко, 7А",95,1,есть,signal,,18446,ВТК
2026-10-09T21:00:00+03:00,"Воронеж, улица Героев Сибиряков, 1Л",92,1,есть,signal,,18446,Teboil
2026-10-09T21:00:00+03:00,"Воронеж, улица Героев Сибиряков, 1Л",95,1,есть,signal,,18446,Teboil
2026-10-09T21:00:00+03:00,"Воронеж, улица Космонавтов, 6А",92,1,есть,signal,Нет,18446,Роснефть
2026-10-09T21:00:00+03:00,"Воронеж, улица Космонавтов, 6А",95,1,есть,signal,Нет,18446,Роснефть
2026-10-09T21:00:00+03:00,"Воронежская область, Новоусманский район, М-4 Дон, 518-й километр, 2",92,1,есть,signal,,18446,Лукойл
2026-10-09T21:00:00+03:00,"Воронежская область, Новоусманский район, М-4 Дон, 518-й километр, 2",95,1,есть,signal,,18446,Лукойл
2026-10-09T21:00:00+03:00,"Воронежская область, село Новая Усмань, улица Ленина, 313/2",92,1,есть,signal,,18446,Роснефть
2026-10-09T21:00:00+03:00,"Воронежская область, село Новая Усмань, улица Ленина, 313/2",95,1,есть,signal,,18446,Роснефть
2026-10-09T21:01:00+03:00,"Воронеж, Дорожная улица, 19А",92,1,есть,signal,,18446,Татнефть
2026-10-09T21:01:00+03:00,"Воронеж, Дорожная улица, 19А",95,1,есть,signal,,18446,Татнефть
2026-10-09T21:01:00+03:00,"Воронеж, Московский проспект, 129/2",92,1,есть,signal,,18446,ВТК
2026-10-09T21:01:00+03:00,"Воронеж, Московский проспект, 129/2",95,1,есть,signal,,18446,ВТК
2026-10-09T21:01:00+03:00,"Воронеж, Острогожская улица, 144",92,1,есть,signal,,18446,Роснефть
2026-10-09T21:01:00+03:00,"Воронеж, Острогожская улица, 144",95,1,есть,signal,,18446,Роснефть
2026-10-09T21:02:00+03:00,"Воронежская область, Семилукский район, Девицкое сельское поселение",92,1,есть,signal,,18446,Роснефть
2026-10-09T21:03:00+03:00,"Воронеж, Новосибирская улица, 84Б",92,1,есть,signal,,18446,Газпромнефть
2026-10-09T21:03:00+03:00,"Воронеж, Новосибирская улица, 84Б",95,1,есть,signal,,18446,Газпромнефть
2026-10-09T21:03:00+03:00,"Воронеж, улица Остужева, 51",92,1,есть,signal,,18446,Газпромнефть
2026-10-09T21:03:00+03:00,"Воронеж, улица Остужева, 51",95,1,есть,signal,,18446,Газпромнефть
2026-10-09T21:03:00+03:00,"Воронеж, улица Урицкого, 58А",92,1,есть,signal,,18446,ВТК
2026-10-09T21:03:00+03:00,"Воронеж, улица Урицкого, 58А",95,1,есть,signal,,18446,ВТК
2026-10-09T21:04:00+03:00,"Воронеж, Ленинский проспект, 176А",92,1,есть,signal,,18446,Газпромнефть
2026-10-09T21:04:00+03:00,"Воронеж, Ленинский проспект, 176А",95,1,есть,signal,,18446,Газпромнефть
2026-10-09T21:05:00+03:00,"Воронеж, улица Космонавтов, 6А",92,1,есть,signal,Нет,18446,Роснефть
2026-10-09T21:05:00+03:00,"Воронеж, улица Космонавтов, 6А",95,1,есть,signal,Нет,18446,Роснефть
2026-10-09T21:05:00+03:00,"Воронежская область, Рамонский район, Яменское сельское поселение",92,1,есть,signal,,18446,Teboil
2026-10-09T21:05:00+03:00,"Воронежская область, Рамонский район, Яменское сельское поселение",95,1,есть,signal,,18446,Teboil
2026-10-09T21:05:00+03:00,"Воронежская область, Рамонский район, Яменское сельское поселение, хутор Ветряк, Транспортная улица, 6",92,1,есть,signal,,18446,Газпромнефть
2026-10-09T21:05:00+03:00,"Воронежская область, Рамонский район, Яменское сельское поселение, хутор Ветряк, Транспортная улица, 6",95,1,есть,signal,,18446,Газпромнефть
2026-10-09T21:06:00+03:00,"Воронеж, улица Героев Сибиряков, 2",92,1,есть,signal,,18446,Газпромнефть
2026-10-09T21:06:00+03:00,"Воронеж, улица Героев Сибиряков, 2",95,1,есть,signal,,18446,Газпромнефть
2026-10-09T21:06:00+03:00,"Воронежская область, Рамонский район, Яменское сельское поселение, посёлок Солнечный, улица Московское шоссе, 2",92,1,есть,signal,,18446,Газпромнефть
2026-10-09T21:06:00+03:00,"Воронежская область, Рамонский район, Яменское сельское поселение, посёлок Солнечный, улица Московское шоссе, 2",95,1,есть,signal,,18446,Газпромнефть
2026-10-09T21:06:00+03:00,"Воронежская область, село Новая Усмань, улица Ленина, 313/2",92,1,есть,signal,,18446,Роснефть
2026-10-09T21:06:00+03:00,"Воронежская область, село Новая Усмань, улица Ленина, 313/2",95,1,есть,signal,,18446,Роснефть
2026-10-09T21:07:00+03:00,"Воронеж, Острогожская улица, 144",92,1,есть,signal,,18446,Роснефть
2026-10-09T21:07:00+03:00,"Воронеж, Острогожская улица, 144",95,1,есть,signal,,18446,Роснефть
2026-10-09T21:07:00+03:00,"Воронеж, набережная Максима Горького, 33А",92,1,есть,signal,,18446,ВТК
2026-10-09T21:07:00+03:00,"Воронеж, набережная Максима Горького, 33А",95,1,есть,signal,,18446,ВТК
2026-10-09T21:07:00+03:00,"Воронеж, проспект Патриотов, 1А",92,1,есть,signal,,18446,Роснефть
2026-10-09T21:07:00+03:00,"Воронеж, проспект Патриотов, 1А",95,1,есть,signal,,18446,Роснефть
2026-10-09T21:08:00+03:00,"Воронеж, улица Ворошилова",92,1,есть,signal,,18446,Газпромнефть
2026-10-09T21:08:00+03:00,"Воронеж, улица Ворошилова",95,1,есть,signal,,18446,Газпромнефть
2026-10-09T21:09:00+03:00,"Воронеж, Московский проспект, 144",92,1,есть,signal,,18446,Роснефть
2026-10-09T21:09:00+03:00,"Воронеж, Московский проспект, 144",95,1,есть,signal,,18446,Роснефть
2026-10-09T21:09:00+03:00,"Воронеж, Новосибирская улица, 2А",92,1,есть,signal,,18446,Татнефть
2026-10-09T21:09:00+03:00,"Воронеж, Новосибирская улица, 2А",95,1,есть,signal,,18446,Татнефть
2026-10-09T21:10:00+03:00,"Воронеж, Новосибирская улица, 2А",92,1,есть,signal,,18446,Татнефть
2026-10-09T21:10:00+03:00,"Воронеж, Новосибирская улица, 2А",95,1,есть,signal,,18446,Татнефть
2026-10-09T21:10:00+03:00,"Воронеж, улица Антонова-Овсеенко, 35А",92,1,есть,signal,,18446,Роснефть
2026-10-09T21:10:00+03:00,"Воронеж, улица Антонова-Овсеенко, 35А",95,1,есть,signal,,18446,Роснефть
2026-10-09T21:10:00+03:00,"Воронежская область, село Новая Усмань, улица Ленина, 313/2",92,1,есть,signal,,18446,Роснефть
2026-10-09T21:10:00+03:00,"Воронежская область, село Новая Усмань, улица Ленина, 313/2",95,1,есть,signal,,18446,Роснефть
2026-10-09T21:11:00+03:00,"Воронеж, Новосибирская улица, 13Д",92,1,есть,signal,,18446,Татнефть
2026-10-09T21:11:00+03:00,"Воронеж, Новосибирская улица, 13Д",95,1,есть,signal,,18446,Татнефть
2026-10-09T21:11:00+03:00,"Воронеж, проспект Патриотов, 1А",92,1,есть,signal,,18446,Роснефть
2026-10-09T21:11:00+03:00,"Воронеж, проспект Патриотов, 1А",95,1,есть,signal,,18446,Роснефть
2026-10-09T21:12:00+03:00,"Воронеж, улица Остужева, 37",92,1,есть,signal,,18446,Лукойл
2026-10-09T21:12:00+03:00,"Воронеж, улица Остужева, 37",95,1,есть,signal,,18446,Лукойл
2026-10-09T21:12:00+03:00,"Воронежская область, Новоусманский район, М-4 Дон, 534-й километр, 2",92,1,есть,signal,,18446,Татнефть
2026-10-09T21:12:00+03:00,"Воронежская область, Рамонский район, Яменское сельское поселение, хутор Ветряк, Транспортная улица, 6",92,1,есть,signal,,18446,Газпромнефть
2026-10-09T21:12:00+03:00,"Воронежская область, Рамонский район, Яменское сельское поселение, хутор Ветряк, Транспортная улица, 6",95,1,есть,signal,,18446,Газпромнефть
2026-10-09T21:13:00+03:00,"Воронеж, Московский проспект, 84",92,1,есть,signal,,18446,Роснефть
2026-10-09T21:13:00+03:00,"Воронеж, Московский проспект, 84",95,1,есть,signal,,18446,Роснефть
2026-10-09T21:13:00+03:00,"Воронеж, проспект Патриотов, 60Б",92,1,есть,report,от светофора,18444,АЗС Газпром
2026-10-09T21:13:00+03:00,"Воронеж, проспект Патриотов, 60Б",95,1,есть,report,от светофора,18444,АЗС Газпром
2026-10-09T21:13:00+03:00,"Воронежская область, Семилуки, Транспортная улица, 18А",92,1,есть,signal,,18446,Роснефть
2026-10-09T21:14:00+03:00,"Воронеж, Холмистая улица, 66",92,1,есть,signal,,18446,Газпромнефть
2026-10-09T21:14:00+03:00,"Воронеж, Холмистая улица, 66",95,1,есть,signal,,18446,Газпромнефть
2026-10-09T21:14:00+03:00,"Воронежская область, Новоусманский район, М-4 Дон, 534-й километр, 1",92,1,есть,signal,,18446,Татнефть
2026-10-09T21:14:00+03:00,"Воронежская область, Новоусманский район, М-4 Дон, 534-й километр, 1",95,1,есть,signal,,18446,Татнефть
2026-10-09T21:14:00+03:00,"Воронежская область, Рамонский район, Горожанское сельское поселение",92,1,есть,signal,,18446,Роснефть
2026-10-09T21:14:00+03:00,"Воронежская область, Рамонский район, Горожанское сельское поселение",95,1,есть,signal,,18446,Роснефть
2026-10-09T21:15:00+03:00,"Воронеж, Ленинский проспект, 182",92,1,есть,signal,,18446,Роснефть
2026-10-09T21:15:00+03:00,"Воронеж, Ленинский проспект, 182",95,1,есть,signal,,18446,Роснефть
2026-10-09T21:15:00+03:00,"Воронеж, Московский проспект, 129/2",92,1,есть,signal,,18446,ВТК
2026-10-09T21:15:00+03:00,"Воронеж, Московский проспект, 129/2",95,1,есть,signal,,18446,ВТК
2026-10-09T21:15:00+03:00,"Воронежская область, Новоусманский район, посёлок Отрадное, Цветочная улица, 26",95,1,есть,signal,,18446,Лукойл
2026-10-09T21:16:00+03:00,"Воронеж, Острогожская улица, 144",92,1,есть,signal,,18446,Роснефть
2026-10-09T21:16:00+03:00,"Воронеж, Острогожская улица, 144",95,1,есть,signal,,18446,Роснефть
2026-10-09T21:17:00+03:00,"Воронеж, Кольцовская улица, 24Б",92,1,есть,signal,,18446,ВТК
2026-10-09T21:17:00+03:00,"Воронеж, Кольцовская улица, 24Б",95,1,есть,signal,,18446,ВТК
2026-10-09T21:17:00+03:00,"Воронеж, Холмистая улица, 66",92,1,есть,signal,,18446,Газпромнефть
2026-10-09T21:17:00+03:00,"Воронеж, Холмистая улица, 66",95,1,есть,signal,,18446,Газпромнефть
2026-10-09T21:17:00+03:00,"Воронеж, набережная Максима Горького, 33А",92,1,есть,signal,,18446,ВТК
2026-10-09T21:17:00+03:00,"Воронеж, набережная Максима Горького, 33А",95,1,есть,signal,,18446,ВТК
2026-10-09T21:17:00+03:00,"Воронежская область, Семилуки, Воронежская улица, 1",92,1,есть,signal,,18446,Лукойл
2026-10-09T21:17:00+03:00,"Воронежская область, Семилуки, Воронежская улица, 1",95,1,есть,signal,,18446,Лукойл
2026-10-09T21:17:00+03:00,"Воронежская область, Семилуки, Транспортная улица, 18А",92,1,есть,signal,,18446,Роснефть
2026-10-09T21:17:00+03:00,"Воронежская область, Семилуки, Транспортная улица, 18А",95,1,есть,signal,,18446,Роснефть
2026-10-09T21:18:00+03:00,"Воронежская область, Рамонский район, Яменское сельское поселение, хутор Ветряк, Транспортная улица, 6",92,1,есть,signal,,18446,Газпромнефть
2026-10-09T21:18:00+03:00,"Воронежская область, Рамонский район, Яменское сельское поселение, хутор Ветряк, Транспортная улица, 6",95,1,есть,signal,,18446,Газпромнефть
2026-10-09T21:19:00+03:00,"Воронеж, Московский проспект, 4А",95,1,есть,signal,,18446,Роснефть
2026-10-09T21:19:00+03:00,"Воронеж, Новосибирская улица, 2А",92,1,есть,signal,,18446,Татнефть
2026-10-09T21:19:00+03:00,"Воронеж, Новосибирская улица, 2А",95,1,есть,signal,,18446,Татнефть
2026-10-09T21:19:00+03:00,"Воронеж, улица Антонова-Овсеенко, 7А",92,1,есть,signal,,18446,ВТК
2026-10-09T21:19:00+03:00,"Воронеж, улица Антонова-Овсеенко, 7А",95,1,есть,signal,,18446,ВТК
2026-10-09T21:19:00+03:00,"Воронежская область, село Новая Усмань, улица Ленина, 313/2",92,1,есть,signal,,18446,Роснефть
2026-10-09T21:19:00+03:00,"Воронежская область, село Новая Усмань, улица Ленина, 313/2",95,1,есть,signal,,18446,Роснефть
2026-10-09T21:20:00+03:00,"Воронеж, Ленинский проспект, 182",92,1,есть,signal,,18446,Роснефть
2026-10-09T21:20:00+03:00,"Воронеж, Ленинский проспект, 182",95,1,есть,signal,,18446,Роснефть
2026-10-09T21:21:00+03:00,"Воронежская область, Новоусманский район, М-4 Дон, 534-й километр, 1",92,1,есть,signal,,18446,Татнефть
2026-10-09T21:21:00+03:00,"Воронежская область, Новоусманский район, М-4 Дон, 534-й километр, 1",95,1,есть,signal,,18446,Татнефть
2026-10-09T21:21:00+03:00,"Воронежская область, Рамонский район, Яменское сельское поселение, посёлок Солнечный, улица Московское шоссе, 2",92,1,есть,signal,,18446,Газпромнефть
2026-10-09T21:21:00+03:00,"Воронежская область, Рамонский район, Яменское сельское поселение, посёлок Солнечный, улица Московское шоссе, 2",95,1,есть,signal,,18446,Газпромнефть
2026-10-09T21:22:00+03:00,"Воронеж, Ленинский проспект, 176А",92,1,есть,signal,,18446,Газпромнефть
2026-10-09T21:22:00+03:00,"Воронеж, Ленинский проспект, 176А",95,1,есть,signal,,18446,Газпромнефть
2026-10-09T21:22:00+03:00,"Воронеж, Острогожская улица, 144",92,1,есть,signal,,18446,Роснефть
2026-10-09T21:22:00+03:00,"Воронеж, Острогожская улица, 144",95,1,есть,signal,,18446,Роснефть
2026-10-09T21:22:00+03:00,"Воронеж, улица 9 Января, 258А",92,1,есть,signal,,18446,Роснефть
2026-10-09T21:22:00+03:00,"Воронеж, улица Ильюшина, 17",92,1,есть,signal,,18446,Лукойл
2026-10-09T21:22:00+03:00,"Воронежская область, рабочий посёлок Рамонь, Воронежская улица, 19А",92,1,есть,signal,,18446,Роснефть
2026-10-09T21:22:00+03:00,"Воронежская область, рабочий посёлок Рамонь, Воронежская улица, 19А",95,1,есть,signal,,18446,Роснефть
2026-10-09T21:23:00+03:00,"Воронеж, улица Космонавтов, 6А",92,1,есть,signal,,18446,Роснефть
2026-10-09T21:23:00+03:00,"Воронеж, улица Космонавтов, 6А",95,1,есть,signal,,18446,Роснефть
2026-10-09T21:25:00+03:00,"Воронеж, проспект Патриотов, 60Б",100,1,есть,report,51–100 машин,18448,АЗС Газпром
2026-10-09T21:25:00+03:00,"Воронеж, проспект Патриотов, 60Б",92,1,есть,report,51–100 машин,18448,АЗС Газпром
2026-10-09T21:25:00+03:00,"Воронеж, проспект Патриотов, 60Б",95,1,есть,report,51–100 машин,18448,АЗС Газпром
2026-10-09T21:25:00+03:00,"Воронеж, улица Героев Сибиряков, 2",92,1,есть,signal,,18446,Газпромнефть
2026-10-09T21:25:00+03:00,"Воронеж, улица Героев Сибиряков, 2",95,1,есть,signal,,18446,Газпромнефть
2026-10-09T21:25:00+03:00,"Воронеж, улица Землячки, 7А",100,0,больше нет,report,нет,18447,Роснефть
2026-10-09T21:25:00+03:00,"Воронеж, улица Землячки, 7А",92,0,больше нет,report,нет,18447,Роснефть
2026-10-09T21:25:00+03:00,"Воронеж, улица Землячки, 7А",95,0,больше нет,report,нет,18447,Роснефть
2026-10-09T21:25:00+03:00,"Воронеж, улица Землячки, 7А",95+,0,больше нет,report,нет,18447,Роснефть
2026-10-09T21:30:00+03:00,"Воронеж, Волгоградская улица, 41",95,1,есть,signal,,18446,Татнефть
2026-10-09T21:30:00+03:00,"Воронежская область, Семилуки, Воронежская улица, 1",92,1,есть,signal,,18446,Лукойл
2026-10-09T21:30:00+03:00,"Воронежская область, Семилуки, Воронежская улица, 1",95,1,есть,signal,,18446,Лукойл
2026-10-09T21:30:00+03:00,"Воронежская область, село Новая Усмань, улица Ленина, 313/2",92,1,есть,signal,,18446,Роснефть
2026-10-09T21:30:00+03:00,"Воронежская область, село Новая Усмань, улица Ленина, 313/2",95,1,есть,signal,,18446,Роснефть
2026-10-09T21:31:00+03:00,"Воронеж, Ленинский проспект, 182",92,1,есть,signal,,18446,Роснефть
2026-10-09T21:31:00+03:00,"Воронеж, Ленинский проспект, 182",95,1,есть,signal,,18446,Роснефть
2026-10-09T21:31:00+03:00,"Воронеж, проспект Патриотов, 1А",92,1,есть,report,машин мало,18449,Роснефть
2026-10-09T21:31:00+03:00,"Воронеж, проспект Патриотов, 1А",92,1,есть,summary,мало,18424,Роснефть
2026-10-09T21:32:00+03:00,"Воронеж, Холмистая улица, 66",92,1,есть,signal,,18446,Газпромнефть
2026-10-09T21:32:00+03:00,"Воронеж, Холмистая улица, 66",95,1,есть,signal,,18446,Газпромнефть
2026-10-09T21:32:00+03:00,"Воронеж, набережная Максима Горького, 33А",92,1,есть,signal,,18446,ВТК
2026-10-09T21:32:00+03:00,"Воронеж, набережная Максима Горького, 33А",95,1,есть,signal,,18446,ВТК
2026-10-09T21:32:00+03:00,"Воронежская область, Новоусманский район, Рогачёвское сельское поселение",92,1,есть,signal,,18446,Роснефть
2026-10-09T21:32:00+03:00,"Воронежская область, Новоусманский район, Рогачёвское сельское поселение",95,1,есть,signal,,18446,Роснефть
2026-10-09T21:33:00+03:00,"Воронеж, улица Космонавтов, 6А",92,1,есть,signal,,18446,Роснефть
2026-10-09T21:33:00+03:00,"Воронеж, улица Космонавтов, 6А",95,1,есть,signal,,18446,Роснефть
2026-10-09T21:33:00+03:00,"Воронежская область, Рамонский район, Айдаровское сельское поселение, село Чертовицы, улица Мира, 1",95,1,есть,signal,,18446,Лукойл
2026-10-09T21:34:00+03:00,"Воронеж, Спокойный переулок, 24А",92,1,есть,signal,,18446,Роснефть
2026-10-09T21:34:00+03:00,"Воронеж, Спокойный переулок, 24А",95,1,есть,signal,,18446,Роснефть
2026-10-09T21:35:00+03:00,"Воронеж, улица Антонова-Овсеенко, 35А",100,0,больше нет,report,Очереди нет,18450,Роснефть
2026-10-09T21:35:00+03:00,"Воронеж, улица Антонова-Овсеенко, 35А",100,0,нет,summary,нет,18424,Роснефть
2026-10-09T21:35:00+03:00,"Воронеж, улица Антонова-Овсеенко, 35А",92,1,есть,report,Очереди нет,18450,Роснефть
2026-10-09T21:35:00+03:00,"Воронеж, улица Антонова-Овсеенко, 35А",92,1,есть,summary,нет,18424,Роснефть
2026-10-09T21:35:00+03:00,"Воронеж, улица Антонова-Овсеенко, 35А",95,0,больше нет,report,Очереди нет,18450,Роснефть
2026-10-09T21:35:00+03:00,"Воронеж, улица Антонова-Овсеенко, 35А",95,0,нет,summary,нет,18424,Роснефть
2026-10-09T21:35:00+03:00,"Воронеж, улица Антонова-Овсеенко, 35А",95+,0,больше нет,report,Очереди нет,18450,Роснефть
2026-10-09T21:35:00+03:00,"Воронеж, улица Антонова-Овсеенко, 35А",95+,0,нет,summary,нет,18424,Роснефть
2026-10-09T21:35:00+03:00,"Воронеж, улица Антонова-Овсеенко, 35А",98,0,больше нет,report,Очереди нет,18450,Роснефть
2026-10-09T21:35:00+03:00,"Воронеж, улица Антонова-Овсеенко, 35А",98,0,нет,summary,нет,18424,Роснефть
2026-10-09T21:35:00+03:00,"Воронеж, улица Антонова-Овсеенко, 35А",ДТ,1,есть,report,Очереди нет,18450,Роснефть
2026-10-09T21:35:00+03:00,"Воронеж, улица Антонова-Овсеенко, 35А",ДТ,1,есть,summary,нет,18424,Роснефть
2026-10-09T21:35:00+03:00,"Воронежская область, Новоусманский район, посёлок Отрадное, Цветочная улица, 26",95,1,есть,signal,,18446,Лукойл
2026-10-09T21:36:00+03:00,"Воронеж, Новосибирская улица, 84Б",92,1,есть,signal,,18446,Газпромнефть
2026-10-09T21:36:00+03:00,"Воронеж, Новосибирская улица, 84Б",95,1,есть,signal,,18446,Газпромнефть
2026-10-09T21:36:00+03:00,"Воронежская область, Рамонский район, Яменское сельское поселение, посёлок Солнечный, улица Московское шоссе, 2",92,1,есть,signal,,18446,Газпромнефть
2026-10-09T21:36:00+03:00,"Воронежская область, Рамонский район, Яменское сельское поселение, посёлок Солнечный, улица Московское шоссе, 2",95,1,есть,signal,,18446,Газпромнефть
2026-10-09T21:37:00+03:00,"Воронеж, Новосибирская улица, 2А",92,1,есть,signal,,18446,Татнефть
2026-10-09T21:37:00+03:00,"Воронеж, Новосибирская улица, 2А",95,1,есть,signal,,18446,Татнефть
2026-10-09T21:37:00+03:00,"Воронеж, Острогожская улица, 144",92,1,есть,signal,,18446,Роснефть
2026-10-09T21:37:00+03:00,"Воронеж, Острогожская улица, 144",95,1,есть,signal,,18446,Роснефть
2026-10-09T21:37:00+03:00,"Воронежская область, Рамонский район, Горожанское сельское поселение",92,1,есть,signal,,18446,Роснефть
2026-10-09T21:37:00+03:00,"Воронежская область, Рамонский район, Горожанское сельское поселение",95,1,есть,signal,,18446,Роснефть
2026-10-09T21:37:00+03:00,"Воронежская область, Семилуки, Транспортная улица, 18А",92,1,есть,signal,,18446,Роснефть
2026-10-09T21:37:00+03:00,"Воронежская область, Семилуки, Транспортная улица, 18А",95,1,есть,signal,,18446,Роснефть
2026-10-09T21:38:00+03:00,"Воронеж, Ленинский проспект, 176А",92,1,есть,signal,,18446,Газпромнефть
2026-10-09T21:38:00+03:00,"Воронеж, Ленинский проспект, 176А",95,1,есть,signal,,18446,Газпромнефть
2026-10-09T21:40:00+03:00,"Воронеж, Ленинский проспект, 176А",92,1,есть,signal,,18446,Газпромнефть
2026-10-09T21:40:00+03:00,"Воронеж, Ленинский проспект, 176А",95,1,есть,signal,,18446,Газпромнефть
2026-10-09T21:40:00+03:00,"Воронеж, улица Свободы, 79Б",95,1,есть,signal,,18446,ВТК
2026-10-09T21:40:00+03:00,"Воронежская область, Семилукский район, Р-298, 210-й километр, 1",95,1,есть,signal,,18446,Лукойл
2026-10-09T21:41:00+03:00,"Воронеж, Спокойный переулок, 24А",92,1,есть,signal,,18446,Роснефть
2026-10-09T21:41:00+03:00,"Воронеж, Спокойный переулок, 24А",95,1,есть,signal,,18446,Роснефть
2026-10-09T21:43:00+03:00,"Воронежская область, Семилукский район, Девицкое сельское поселение",92,1,есть,signal,,18446,Роснефть
2026-10-09T21:43:00+03:00,"Воронежская область, Семилукский район, Девицкое сельское поселение",95,1,есть,signal,,18446,Роснефть
2026-10-09T21:44:00+03:00,"Воронеж, улица Космонавтов, 6А",92,1,есть,signal,,18446,Роснефть
2026-10-09T21:44:00+03:00,"Воронеж, улица Космонавтов, 6А",95,1,есть,signal,,18446,Роснефть
2026-10-09T21:45:00+03:00,"Воронеж, Московский проспект, 4А",92,1,есть,signal,,18446,Роснефть
2026-10-09T21:45:00+03:00,"Воронеж, Московский проспект, 4А",95,1,есть,signal,,18446,Роснефть
2026-10-09T21:45:00+03:00,"Воронежская область, Рамонский район, Горожанское сельское поселение",92,1,есть,signal,,18446,Роснефть
2026-10-09T21:45:00+03:00,"Воронежская область, Рамонский район, Горожанское сельское поселение",95,1,есть,signal,,18446,Роснефть
2026-10-09T21:46:00+03:00,"Воронеж, Дорожная улица, 19А",92,1,есть,signal,,18446,Татнефть
2026-10-09T21:46:00+03:00,"Воронеж, Дорожная улица, 19А",95,1,есть,signal,,18446,Татнефть
2026-10-09T21:46:00+03:00,"Воронеж, Новосибирская улица, 2А",92,1,есть,signal,,18446,Татнефть
2026-10-09T21:46:00+03:00,"Воронеж, Новосибирская улица, 2А",95,1,есть,signal,,18446,Татнефть
2026-10-09T21:46:00+03:00,"Воронежская область, Рамонский район, Яменское сельское поселение, посёлок Солнечный, улица Московское шоссе, 2",92,1,есть,signal,,18446,Газпромнефть
2026-10-09T21:46:00+03:00,"Воронежская область, Рамонский район, Яменское сельское поселение, посёлок Солнечный, улица Московское шоссе, 2",95,1,есть,signal,,18446,Газпромнефть
2026-10-09T21:47:00+03:00,"Воронеж, Кольцовская улица, 24Б",92,1,есть,signal,,18446,ВТК
2026-10-09T21:47:00+03:00,"Воронеж, Кольцовская улица, 24Б",95,1,есть,signal,,18446,ВТК
2026-10-09T21:47:00+03:00,"Воронеж, Новосибирская улица, 84Б",92,1,есть,signal,,18446,Газпромнефть
2026-10-09T21:47:00+03:00,"Воронеж, Новосибирская улица, 84Б",95,1,есть,signal,,18446,Газпромнефть
2026-10-09T21:47:00+03:00,"Воронеж, набережная Максима Горького, 33А",92,1,есть,signal,,18446,ВТК
2026-10-09T21:47:00+03:00,"Воронеж, набережная Максима Горького, 33А",95,1,есть,signal,,18446,ВТК
2026-10-09T21:47:00+03:00,"Воронеж, улица Хользунова, 99А",92,1,есть,signal,,18446,Татнефть
2026-10-09T21:47:00+03:00,"Воронеж, улица Хользунова, 99А",95,1,есть,signal,,18446,Татнефть
2026-10-09T21:48:00+03:00,"Воронеж, Волгоградская улица, 41",95,1,есть,signal,,18446,Татнефть
2026-10-09T21:48:00+03:00,"Воронеж, улица Ворошилова",92,1,есть,signal,,18446,Газпромнефть
2026-10-09T21:48:00+03:00,"Воронеж, улица Ворошилова",95,1,есть,signal,,18446,Газпромнефть
2026-10-09T21:48:00+03:00,"Воронежская область, рабочий посёлок Рамонь, Воронежская улица, 19А",92,1,есть,signal,,18446,Роснефть
2026-10-09T21:48:00+03:00,"Воронежская область, рабочий посёлок Рамонь, Воронежская улица, 19А",95,1,есть,signal,,18446,Роснефть
2026-10-09T21:49:00+03:00,"Воронеж, улица Антонова-Овсеенко, 7А",92,1,есть,signal,,18446,ВТК
2026-10-09T21:49:00+03:00,"Воронеж, улица Антонова-Овсеенко, 7А",95,1,есть,signal,,18446,ВТК
2026-10-09T21:49:00+03:00,"Воронеж, улица Урицкого, 58А",92,1,есть,signal,,18446,ВТК
2026-10-09T21:49:00+03:00,"Воронеж, улица Урицкого, 58А",95,1,есть,signal,,18446,ВТК
2026-10-09T21:50:00+03:00,"Воронежская область, Семилуки, Транспортная улица, 18А",92,1,есть,signal,,18446,Роснефть
2026-10-09T21:50:00+03:00,"Воронежская область, Семилуки, Транспортная улица, 18А",95,1,есть,signal,,18446,Роснефть
2026-10-09T21:50:00+03:00,"Воронежская область, село Новая Усмань, Дорожная улица, 31",92,1,есть,signal,,18446,Роснефть
2026-10-09T21:50:00+03:00,"Воронежская область, село Новая Усмань, Дорожная улица, 31",95,1,есть,signal,,18446,Роснефть
2026-10-09T21:50:00+03:00,"Воронежская область, село Новая Усмань, улица Ленина, 313/2",92,1,есть,signal,,18446,Роснефть
2026-10-09T21:50:00+03:00,"Воронежская область, село Новая Усмань, улица Ленина, 313/2",95,1,есть,signal,,18446,Роснефть
2026-10-09T21:51:00+03:00,"Воронеж, улица Героев Сибиряков, 2",92,1,есть,signal,,18446,Газпромнефть
2026-10-09T21:51:00+03:00,"Воронеж, улица Героев Сибиряков, 2",95,1,есть,signal,,18446,Газпромнефть
2026-10-09T21:52:00+03:00,"Воронеж, Острогожская улица, 144",92,1,есть,report,"Меньше, чем обычно по утрам",18451,Роснефть
2026-10-09T21:52:00+03:00,"Воронеж, Острогожская улица, 144",92,1,есть,summary,меньше обычного,18452,Роснефть
2026-10-09T21:52:00+03:00,"Воронеж, Острогожская улица, 144",95,1,есть,report,"Меньше, чем обычно по утрам",18451,Роснефть
2026-10-09T21:52:00+03:00,"Воронеж, Острогожская улица, 144",95,1,есть,summary,меньше обычного,18452,Роснефть
2026-10-09T21:53:00+03:00,"Воронеж, улица Космонавтов, 6А",92,1,есть,signal,,18446,Роснефть
2026-10-09T21:53:00+03:00,"Воронеж, улица Космонавтов, 6А",95,1,есть,signal,,18446,Роснефть
2026-10-09T21:53:00+03:00,"Воронеж, улица Степана Солодовникова, 6",95,1,есть,signal,,18446,Лукойл
2026-10-09T21:54:00+03:00,"Воронеж, Ленинский проспект, 176А",92,1,есть,signal,,18446,Газпромнефть
2026-10-09T21:54:00+03:00,"Воронеж, Ленинский проспект, 176А",95,1,есть,signal,,18446,Газпромнефть
2026-10-09T21:55:00+03:00,"Воронеж, переулок Отличников, 43А",92,1,есть,signal,,18446,Роснефть
2026-10-09T21:55:00+03:00,"Воронеж, переулок Отличников, 43А",95,1,есть,signal,,18446,Роснефть
2026-10-09T21:56:00+03:00,"Воронеж, улица Антонова-Овсеенко, 35А",100,0,больше нет,report,21–50 машин,18450,Роснефть
2026-10-09T21:56:00+03:00,"Воронеж, улица Антонова-Овсеенко, 35А",100,0,нет,summary,21–50 машин,18452,Роснефть
2026-10-09T21:56:00+03:00,"Воронеж, улица Антонова-Овсеенко, 35А",92,1,есть,report,21–50 машин,18450,Роснефть
2026-10-09T21:56:00+03:00,"Воронеж, улица Антонова-Овсеенко, 35А",92,1,есть,summary,21–50 машин,18452,Роснефть
2026-10-09T21:56:00+03:00,"Воронеж, улица Антонова-Овсеенко, 35А",95,0,больше нет,report,21–50 машин,18450,Роснефть
2026-10-09T21:56:00+03:00,"Воронеж, улица Антонова-Овсеенко, 35А",95,0,нет,summary,21–50 машин,18452,Роснефть
2026-10-09T21:56:00+03:00,"Воронеж, улица Антонова-Овсеенко, 35А",95+,0,больше нет,report,21–50 машин,18450,Роснефть
2026-10-09T21:56:00+03:00,"Воронеж, улица Антонова-Овсеенко, 35А",95+,0,нет,summary,21–50 машин,18452,Роснефть
2026-10-09T21:56:00+03:00,"Воронеж, улица Антонова-Овсеенко, 35А",98,0,больше нет,report,21–50 машин,18450,Роснефть
2026-10-09T21:56:00+03:00,"Воронеж, улица Антонова-Овсеенко, 35А",98,0,нет,summary,21–50 машин,18452,Роснефть
2026-10-09T21:56:00+03:00,"Воронеж, улица Антонова-Овсеенко, 35А",ДТ,1,есть,report,21–50 машин,18450,Роснефть
2026-10-09T21:56:00+03:00,"Воронеж, улица Антонова-Овсеенко, 35А",ДТ,1,есть,summary,21–50 машин,18452,Роснефть
2026-10-09T21:56:00+03:00,"Воронеж, улица Ильюшина, 17",92,1,есть,signal,,18446,Лукойл
2026-10-09T21:56:00+03:00,"Воронежская область, Новоусманский район, М-4 Дон, 531-й километр, 1",92,1,есть,signal,,18446,Лукойл
2026-10-09T21:56:00+03:00,"Воронежская область, Новоусманский район, М-4 Дон, 531-й километр, 1",95,1,есть,signal,,18446,Лукойл
2026-10-09T21:56:00+03:00,"Воронежская область, село Новая Усмань, улица Ленина, 313/2",92,1,есть,signal,,18446,Роснефть
2026-10-09T21:56:00+03:00,"Воронежская область, село Новая Усмань, улица Ленина, 313/2",95,1,есть,signal,,18446,Роснефть
2026-10-09T21:57:00+03:00,"Воронеж, Новосибирская улица, 2А",92,1,есть,signal,,18446,Татнефть
2026-10-09T21:57:00+03:00,"Воронеж, Новосибирская улица, 2А",95,1,есть,signal,,18446,Татнефть
2026-10-09T21:57:00+03:00,"Воронеж, улица Хользунова, 99А",92,1,есть,signal,,18446,Татнефть
2026-10-09T21:57:00+03:00,"Воронеж, улица Хользунова, 99А",95,1,есть,signal,,18446,Татнефть
2026-10-09T21:57:00+03:00,"Воронежская область, Рамонский район, Яменское сельское поселение, хутор Ветряк, Транспортная улица, 6",92,1,есть,signal,,18446,Газпромнефть
2026-10-09T21:57:00+03:00,"Воронежская область, Рамонский район, Яменское сельское поселение, хутор Ветряк, Транспортная улица, 6",95,1,есть,signal,,18446,Газпромнефть
2026-10-09T21:57:00+03:00,"Воронежская область, село Новая Усмань, Дорожная улица, 31",92,1,есть,signal,,18446,Роснефть
2026-10-09T21:57:00+03:00,"Воронежская область, село Новая Усмань, Дорожная улица, 31",95,1,есть,signal,,18446,Роснефть
2026-10-09T21:59:00+03:00,"Воронежская область, Рамонский район, Яменское сельское поселение, посёлок Солнечный, улица Московское шоссе, 2",92,1,есть,signal,,18454,Газпромнефть
2026-10-09T21:59:00+03:00,"Воронежская область, Рамонский район, Яменское сельское поселение, посёлок Солнечный, улица Московское шоссе, 2",95,1,есть,signal,,18454,Газпромнефть
2026-10-09T21:59:00+03:00,"Воронежская область, село Новая Усмань, Дорожная улица, 31",92,1,есть,signal,,18454,Роснефть
2026-10-09T21:59:00+03:00,"Воронежская область, село Новая Усмань, Дорожная улица, 31",95,1,есть,signal,,18454,Роснефть
2026-10-09T22:00:00+03:00,"Воронеж, набережная Максима Горького, 33А",92,1,есть,signal,,18454,ВТК
2026-10-09T22:00:00+03:00,"Воронеж, набережная Максима Горького, 33А",95,1,есть,signal,,18454,ВТК
2026-10-09T22:00:00+03:00,"Воронежская область, село Новая Усмань, улица Ленина, 313/2",92,1,есть,signal,,18454,Роснефть
2026-10-09T22:00:00+03:00,"Воронежская область, село Новая Усмань, улица Ленина, 313/2",95,1,есть,signal,,18454,Роснефть
2026-10-09T22:02:00+03:00,"Воронеж, Московский проспект, 129/2",92,1,есть,signal,,18454,ВТК
2026-10-09T22:02:00+03:00,"Воронеж, Московский проспект, 129/2",95,1,есть,signal,,18454,ВТК
2026-10-09T22:02:00+03:00,"Воронеж, улица Остужева, 51",92,1,есть,signal,,18454,Газпромнефть
2026-10-09T22:02:00+03:00,"Воронеж, улица Остужева, 51",95,1,есть,signal,,18454,Газпромнефть
2026-10-09T22:02:00+03:00,"Воронеж, улица Урицкого, 58А",92,1,есть,signal,,18454,ВТК
2026-10-09T22:02:00+03:00,"Воронеж, улица Урицкого, 58А",95,1,есть,signal,,18454,ВТК
2026-10-09T22:03:00+03:00,"Воронеж, Московский проспект, 4А",92,1,есть,signal,,18454,Роснефть
2026-10-09T22:03:00+03:00,"Воронеж, Московский проспект, 4А",95,1,есть,signal,,18454,Роснефть
2026-10-09T22:03:00+03:00,"Воронежская область, Семилукский район, Р-298, 210-й километр, 1",95,1,есть,signal,,18454,Лукойл
2026-10-09T22:04:00+03:00,"Воронеж, Московский проспект, 84",92,1,есть,signal,,18454,Роснефть
2026-10-09T22:04:00+03:00,"Воронеж, Московский проспект, 84",95,1,есть,signal,,18454,Роснефть
2026-10-09T22:04:00+03:00,"Воронеж, Новосибирская улица, 2А",92,1,есть,signal,,18454,Татнефть
2026-10-09T22:04:00+03:00,"Воронеж, Новосибирская улица, 2А",95,1,есть,signal,,18454,Татнефть
2026-10-09T22:04:00+03:00,"Воронежская область, Рамонский район, Горожанское сельское поселение",92,1,есть,signal,,18454,Роснефть
2026-10-09T22:04:00+03:00,"Воронежская область, Рамонский район, Горожанское сельское поселение",95,1,есть,signal,,18454,Роснефть
2026-10-09T22:05:00+03:00,"городской округ Воронеж, Железнодорожный район",92,1,есть,signal,,18454,ВТК
2026-10-09T22:05:00+03:00,"городской округ Воронеж, Железнодорожный район",95,1,есть,signal,,18454,ВТК
2026-10-09T22:06:00+03:00,"Воронежская область, Рамонский район, Яменское сельское поселение, хутор Ветряк, Транспортная улица, 6",92,1,есть,signal,,18454,Газпромнефть
2026-10-09T22:06:00+03:00,"Воронежская область, Рамонский район, Яменское сельское поселение, хутор Ветряк, Транспортная улица, 6",95,1,есть,signal,,18454,Газпромнефть
2026-10-09T22:06:00+03:00,"Воронежская область, рабочий посёлок Рамонь, Воронежская улица, 19А",92,1,есть,signal,,18454,Роснефть
2026-10-09T22:06:00+03:00,"Воронежская область, рабочий посёлок Рамонь, Воронежская улица, 19А",95,1,есть,signal,,18454,Роснефть
2026-10-09T22:09:00+03:00,"Воронеж, Холмистая улица, 66",92,1,есть,signal,,18454,Газпромнефть
2026-10-09T22:09:00+03:00,"Воронеж, Холмистая улица, 66",95,1,есть,signal,,18454,Газпромнефть
2026-10-09T22:10:00+03:00,"Воронеж, Кольцовская улица, 24Б",92,1,есть,signal,,18454,ВТК
2026-10-09T22:10:00+03:00,"Воронеж, Кольцовская улица, 24Б",95,1,есть,signal,,18454,ВТК
2026-10-09T22:10:00+03:00,"Воронеж, Московский проспект, 84",92,1,есть,signal,,18454,Роснефть
2026-10-09T22:10:00+03:00,"Воронеж, Московский проспект, 84",95,1,есть,signal,,18454,Роснефть
2026-10-09T22:10:00+03:00,"Воронеж, улица Димитрова, 163",92,1,есть,signal,,18454,Роснефть
2026-10-09T22:10:00+03:00,"Воронежская область, Новоусманский район, М-4 Дон, 534-й километр, 2",92,1,есть,signal,,18454,Татнефть
2026-10-09T22:10:00+03:00,"Воронежская область, Новоусманский район, М-4 Дон, 534-й километр, 2",95,1,есть,signal,,18454,Татнефть
2026-10-09T22:11:00+03:00,"Воронеж, Новосибирская улица, 2А",92,1,есть,signal,,18454,Татнефть
2026-10-09T22:11:00+03:00,"Воронеж, Новосибирская улица, 2А",95,1,есть,signal,,18454,Татнефть
2026-10-09T22:12:00+03:00,"Воронеж, улица Димитрова, 163",92,1,есть,signal,,18454,Роснефть
2026-10-09T22:13:00+03:00,"Воронеж, набережная Максима Горького, 33А",92,1,есть,signal,,18454,ВТК
2026-10-09T22:13:00+03:00,"Воронеж, набережная Максима Горького, 33А",95,1,есть,signal,,18454,ВТК
2026-10-09T22:13:00+03:00,"Воронежская область, Новоусманский район, М-4 Дон, 518-й километр, 2",92,1,есть,signal,,18454,Лукойл
2026-10-09T22:13:00+03:00,"Воронежская область, Новоусманский район, М-4 Дон, 518-й километр, 2",95,1,есть,signal,,18454,Лукойл
2026-10-09T22:13:00+03:00,"Воронежская область, село Новая Усмань, улица Ленина, 313/2",92,1,есть,signal,,18454,Роснефть
2026-10-09T22:13:00+03:00,"Воронежская область, село Новая Усмань, улица Ленина, 313/2",95,1,есть,signal,,18454,Роснефть
2026-10-09T22:15:00+03:00,"Воронеж, Ленинский проспект, 176А",92,1,есть,signal,,18454,Газпромнефть
2026-10-09T22:15:00+03:00,"Воронеж, Ленинский проспект, 176А",95,1,есть,signal,,18454,Газпромнефть
2026-10-09T22:15:00+03:00,"Воронежская область, Рамонский район, Яменское сельское поселение, посёлок Солнечный, улица Московское шоссе, 2",92,1,есть,signal,,18454,Газпромнефть
2026-10-09T22:15:00+03:00,"Воронежская область, Рамонский район, Яменское сельское поселение, посёлок Солнечный, улица Московское шоссе, 2",95,1,есть,signal,,18454,Газпромнефть
2026-10-09T22:16:00+03:00,"Воронеж, проспект Патриотов, 1А",92,0,больше нет,report,,18455,Роснефть
2026-10-09T22:17:00+03:00,"Воронеж, Московский проспект, 144",92,1,есть,signal,,18454,Роснефть
2026-10-09T22:17:00+03:00,"Воронеж, Московский проспект, 144",95,1,есть,signal,,18454,Роснефть
2026-10-09T22:17:00+03:00,"Воронеж, Холмистая улица, 66",92,1,есть,signal,,18454,Газпромнефть
2026-10-09T22:17:00+03:00,"Воронеж, Холмистая улица, 66",95,1,есть,signal,,18454,Газпромнефть
2026-10-09T22:17:00+03:00,"Воронежская область, Рамонский район, Яменское сельское поселение, хутор Ветряк, Транспортная улица, 6",92,1,есть,signal,,18454,Газпромнефть
2026-10-09T22:17:00+03:00,"Воронежская область, Рамонский район, Яменское сельское поселение, хутор Ветряк, Транспортная улица, 6",95,1,есть,signal,,18454,Газпромнефть
2026-10-09T22:18:00+03:00,"Воронеж, Новосибирская улица, 2А",92,1,есть,signal,,18454,Татнефть
2026-10-09T22:18:00+03:00,"Воронеж, Новосибирская улица, 2А",95,1,есть,signal,,18454,Татнефть
2026-10-09T22:18:00+03:00,"Воронежская область, Новоусманский район, М-4 Дон, 534-й километр, 1",92,1,есть,signal,,18454,Татнефть
2026-10-09T22:18:00+03:00,"Воронежская область, Новоусманский район, М-4 Дон, 534-й километр, 1",95,1,есть,signal,,18454,Татнефть
2026-10-09T22:18:00+03:00,"Воронежская область, Рамонский район, Айдаровское сельское поселение, село Чертовицы, улица Мира, 1",95,1,есть,signal,,18454,Лукойл
2026-10-09T22:18:00+03:00,"Воронежская область, рабочий посёлок Рамонь, Воронежская улица, 19А",92,1,есть,signal,,18454,Роснефть
2026-10-09T22:18:00+03:00,"Воронежская область, рабочий посёлок Рамонь, Воронежская улица, 19А",95,1,есть,signal,,18454,Роснефть
2026-10-09T22:18:00+03:00,"Воронежская область, село Новая Усмань, улица Ленина, 313/2",92,1,есть,signal,,18454,Роснефть
2026-10-09T22:18:00+03:00,"Воронежская область, село Новая Усмань, улица Ленина, 313/2",95,1,есть,signal,,18454,Роснефть
2026-10-09T22:19:00+03:00,"Воронеж, Московский проспект, 4А",92,1,есть,signal,,18454,Роснефть
2026-10-09T22:19:00+03:00,"Воронеж, Московский проспект, 4А",95,1,есть,signal,,18454,Роснефть
2026-10-09T22:24:00+03:00,"Воронеж, Острогожская улица, 144",92,1,есть,report,,18456,Роснефть
2026-10-09T22:24:00+03:00,"Воронеж, Острогожская улица, 144",92,1,есть,summary,,18452,Роснефть
2026-10-09T22:24:00+03:00,"Воронеж, Острогожская улица, 144",95,0,больше нет,report,,18456,Роснефть
2026-10-09T22:24:00+03:00,"Воронеж, Острогожская улица, 144",95,0,нет,summary,,18452,Роснефть
2026-10-09T22:27:00+03:00,"Воронеж, улица Антонова-Овсеенко, 35А",100,0,больше нет,report,21–50 машин,18450,Роснефть
2026-10-09T22:27:00+03:00,"Воронеж, улица Антонова-Овсеенко, 35А",100,0,нет,summary,21–50 машин,18452,Роснефть
2026-10-09T22:27:00+03:00,"Воронеж, улица Антонова-Овсеенко, 35А",92,1,есть,report,21–50 машин,18450,Роснефть
2026-10-09T22:27:00+03:00,"Воронеж, улица Антонова-Овсеенко, 35А",92,1,есть,summary,21–50 машин,18452,Роснефть
2026-10-09T22:27:00+03:00,"Воронеж, улица Антонова-Овсеенко, 35А",95,0,больше нет,report,21–50 машин,18450,Роснефть
2026-10-09T22:27:00+03:00,"Воронеж, улица Антонова-Овсеенко, 35А",95,0,нет,summary,21–50 машин,18452,Роснефть
2026-10-09T22:27:00+03:00,"Воронеж, улица Антонова-Овсеенко, 35А",95+,0,больше нет,report,21–50 машин,18450,Роснефть
2026-10-09T22:27:00+03:00,"Воронеж, улица Антонова-Овсеенко, 35А",95+,0,нет,summary,21–50 машин,18452,Роснефть
2026-10-09T22:27:00+03:00,"Воронеж, улица Антонова-Овсеенко, 35А",98,0,больше нет,report,21–50 машин,18450,Роснефть
2026-10-09T22:27:00+03:00,"Воронеж, улица Антонова-Овсеенко, 35А",ДТ,1,есть,report,21–50 машин,18450,Роснефть
